Date,MaxT,MinT,AvgT,Precip,Snow,SnowDepth
1975-08-01,94,68,,0.10,,
1975-08-02,88,64,,0.82,,
1975-08-03,86,60,,0.00,,
1975-08-04,90,58,,0.00,,
1975-08-05,94,62,,0.65,,
1975-08-06,82,56,,0.00,,
1975-08-07,82,54,,0.00,,
1975-08-08,88,55,,0.00,,
1975-08-09,90,60,,0.00,,
1975-08-10,90,64,,1.00,,
1975-08-11,94,62,,0.06,,
1975-08-12,92,64,,0.05,,
1975-08-13,98,68,,0.00,,
1975-08-14,86,68,,0.99,,
1975-08-15,78,64,,0.00,,
1975-08-16,86,62,,0.01,,
1975-08-17,90,60,,0.00,,
1975-08-18,89,63,,0.15,,
1975-08-19,92,60,,0.00,,
1975-08-20,94,66,,0.00,,
1975-08-21,92,70,,0.00,,
1975-08-22,96,70,,0.00,,
1975-08-23,95,70,,0.00,,
1975-08-24,94,72,,0.00,,
1975-08-25,90,66,,0.00,,
1975-08-26,90,62,,0.00,,
1975-08-27,92,60,,0.00,,
1975-08-28,84,62,,,,
1975-08-29,88,60,,0.46,,
1975-08-30,88,64,,3.65,,
1975-08-31,76,88,,0.16,,
2011-01-01,59,41,,0.54,,
2011-01-02,41,17,,0.00,,
2011-01-03,30,15,,0.00,,
2011-01-04,40,22,,0.00,,
2011-01-05,32,12,,0.00,,
2011-01-06,37,14,,0.00,,
2011-01-07,32,17,,0.01,0.0,0.0
2011-01-08,29,11,,0.04,,0.0
2011-01-09,24,5,,0.00,,
2011-01-10,29,5,,0.00,,0.0
2011-01-11,32,20,,0.02,0.3,0.0
2011-01-12,29,21,,6.50,4.0,6.0
2011-01-13,28,10,,0.00,,3.0
2011-01-14,23,5,,0.00,,3.0
2011-01-15,31,17,,0.01,0.0,3.0
2011-01-16,33,6,,0.00,,3.0
2011-01-17,30,2,,0.00,,3.0
2011-01-18,37,17,,0.10,,2.0
2011-01-19,37,28,,0.03,0.0,1.0
2011-01-20,29,20,,0.00,,1.0
2011-01-21,24,1,,0.00,,1.0
2011-01-22,15,-2,,0.00,,1.0
2011-01-23,21,2,,0.02,,3.0
2011-01-24,22,3,,0.05,,4.0
2011-01-25,35,15,,0.00,,3.0
2011-01-27,33,20,,0.00,,2.0
2011-01-28,32,20,,0.00,,3.0
2011-01-29,33,22,,0.00,,2.0
2011-01-30,38,24,,0.00,,0.0
2011-01-31,37,17,,0.00,,
2011-02-01,26,17,,0.50,0.5,3.0
2011-02-02,27,17,,0.72,,3.0
2011-02-03,25,3,,0.00,,4.0
2011-02-04,23,1,,0.00,,5.0
2011-02-05,31,4,,0.00,,4.0
2011-02-06,30,23,,0.00,,8.0
2011-02-07,45,29,,0.00,,7.0
2011-02-08,38,11,,0.00,,7.0
2011-02-09,15,4,,0.00,,6.0
2011-02-10,14,-7,,0.00,,6.0
2011-02-11,22,-7,,0.00,,5.0
2011-02-12,33,13,,0.00,,5.0
2011-02-13,42,27,,0.00,,4.0
2011-02-14,49,33,,0.00,,3.0
2011-02-15,45,22,,0.00,,2.0
2011-02-16,42,21,,0.00,,2.0
2011-02-17,60,34,,0.00,,0.0
2011-02-18,65,34,,0.00,,
2011-02-20,47,28,,0.00,,
2011-02-21,59,34,,0.20,,
2011-02-22,43,25,,0.72,,0.0
2011-02-23,29,24,,0.00,,
2011-02-24,40,27,,0.09,,
2011-02-25,39,30,,0.39,,3.0
2011-02-28,55,35,,1.40,,
2011-03-01,55,20,,0.00,,
2011-03-02,47,20,,0.00,,
2011-03-03,46,27,,0.00,,
2011-03-04,48,30,,0.01,,
2011-03-05,61,42,,0.61,,
2011-03-06,42,30,,0.00,,
2011-03-07,39,29,,0.00,,
2011-03-08,42,32,,0.00,,
2011-03-09,53,34,,0.41,,
2011-03-10,53,35,,0.20,,
2011-03-11,35,29,,0.03,,
2011-03-12,49,29,,0.00,,
2011-03-13,51,32,,0.00,,
2011-03-14,45,31,,0.00,,
2011-03-15,,,,0.49,,
2011-03-16,,,,0.25,,
2011-03-18,74,44,,0.00,,
2011-03-19,62,33,,0.00,,
2011-03-20,71,30,,0.00,,
2011-03-21,66,30,,0.02,,
2011-03-22,72,48,,0.00,,
2011-03-23,66,47,,0.02,,
2011-03-24,72,33,,0.13,,
2011-03-25,45,24,,0.00,,
2011-03-26,44,26,,0.00,,
2011-03-27,37,26,,0.00,,
2011-03-28,42,26,,0.00,,
2011-03-29,,,,0.00,,
2011-03-30,,,,0.00,,
2011-03-31,51,25,,0.00,,
2011-04-01,52,25,,0.00,,
2011-04-02,52,27,,0.07,,
2011-04-03,59,32,,0.00,,
2011-04-04,81,44,,0.13,,
2011-04-05,73,37,,0.42,,
2011-04-07,72,45,,0.00,,
2011-04-08,78,45,,0.67,,
2011-04-09,53,48,,0.08,,
2011-04-10,,,,0.09,,
2011-04-11,,,,0.25,,
2011-04-13,63,39,,0.00,,
2011-04-14,68,37,,0.00,,
2011-04-15,72,37,,0.00,,
2011-04-16,72,37,,0.13,,
2011-04-17,56,39,,0.05,,
2011-04-18,61,39,,0.00,,
2011-04-19,64,39,,0.64,,
2011-04-20,57,40,,1.10,,
2011-04-21,61,32,,0.01,,
2011-04-22,62,32,,0.07,,
2011-04-23,72,38,,1.00,,
2011-04-24,74,52,,0.15,,
2011-04-25,68,53,,0.00,,
2011-04-27,76,54,,0.31,,
2011-04-30,63,43,,0.00,,
2011-05-01,76,50,,0.00,,
2011-05-02,76,48,,0.04,,
2011-05-03,58,45,,0.03,,
2011-05-04,62,40,,0.00,,
2011-05-05,57,35,,0.00,,
2011-05-06,64,34,,0.11,,
2011-05-07,67,51,,0.02,,
2011-05-08,74,52,,0.12,,
2011-05-09,74,52,,0.00,,
2011-05-10,70,55,,0.00,,
2011-05-11,70,62,,0.00,,
2011-05-12,70,62,,0.00,,
2011-05-13,69,63,,0.07,,
2011-05-14,63,51,,0.02,,
2011-05-15,76,52,,0.12,,
2011-05-16,58,40,,0.14,,
2011-05-17,64,41,,0.01,,
2011-05-18,62,44,,0.00,,
2011-05-19,66,52,,0.01,,
2011-05-20,74,52,,0.00,,
2011-05-21,84,52,,0.00,,
2011-05-22,76,61,,0.22,,
2011-05-23,84,62,,0.07,,
2011-05-24,84,62,,0.09,,
2011-05-25,84,62,,0.06,,
2011-05-26,72,62,,1.99,,
2011-05-27,64,46,,0.49,,
2011-05-28,60,50,,0.49,,
2011-05-29,68,56,,1.20,,
2011-05-30,70,62,,0.00,,
2011-05-31,76,64,,0.00,,
2011-06-01,76,66,,0.00,,
2011-06-02,78,56,,0.00,,
2011-06-03,79,58,,0.00,,
2011-06-04,87,67,,0.00,,
2011-06-05,70,64,,0.17,,
2011-06-06,90,61,,0.04,,
2011-06-07,86,70,,0.00,,
2011-06-08,96,70,,0.00,,
2011-06-09,95,65,,0.44,,
2011-06-10,86,66,,0.03,,
2011-06-11,87,68,,0.60,,
2011-06-12,80,54,,0.01,,
2011-06-13,71,54,,0.00,,
2011-06-14,76,54,,0.00,,
2011-06-15,77,58,,0.00,,
2011-06-16,78,60,,1.00,,
2011-06-17,85,61,,0.00,,
2011-06-18,86,65,,0.02,,
2011-06-19,78,68,,0.00,,
2011-06-20,92,64,,0.00,,
2011-06-21,78,64,,2.87,,
2011-06-22,86,68,,0.08,,
2011-06-23,76,68,,0.00,,
2011-06-24,68,62,,0.08,,
2011-06-25,72,62,,0.00,,
2011-06-26,76,62,,0.14,,
2011-06-27,77,64,,0.02,,
2011-06-28,78,64,,0.21,,
2011-06-29,77,57,,0.00,,
2011-06-30,88,58,,0.00,,
2011-07-01,85,61,,0.24,,
2011-07-02,78,64,,0.16,,
2011-07-03,88,68,,1.64,,
2011-07-04,69,67,,0.00,,
2011-07-05,78,60,,0.00,,
2011-07-06,87,61,,0.00,,
2011-07-07,87,67,,0.00,,
2011-07-08,86,68,,0.11,,
2011-07-09,85,65,,0.00,,
2011-07-10,88,66,,0.00,,
2011-07-11,92,67,,0.00,,
2011-07-12,96,72,,0.00,,
2011-07-13,87,72,,0.00,,
2011-07-14,84,62,,0.00,,
2011-07-15,86,63,,0.00,,
2011-07-16,86,62,,0.00,,
2011-07-17,86,64,,0.00,,
2011-07-18,95,73,,0.00,,
2011-07-19,96,74,,0.01,,
2011-07-20,97,79,,0.00,,
2011-07-21,95,74,,0.00,,
2011-07-22,104,78,,0.00,,
2011-07-23,95,79,,0.00,,
2011-07-24,94,76,,0.01,,
2011-07-25,86,70,,0.76,,
2011-07-26,88,62,,0.00,,
2011-07-27,86,69,,0.00,,
2011-07-28,96,72,,0.00,,
2011-07-29,95,76,,0.00,,
2011-07-30,85,74,,0.09,,
2011-07-31,86,70,,0.00,,
2011-08-01,95,70,,0.00,,
2011-08-02,96,71,,0.00,,
2011-08-03,96,74,,0.15,,
2011-08-04,85,64,,0.00,,
2011-08-05,87,64,,0.00,,
2011-08-06,93,70,,0.00,,
2011-08-07,88,73,,0.00,,
2011-08-08,87,70,,0.79,,
2011-08-09,86,68,,1.56,,
2011-08-10,85,62,,0.00,,
2011-08-11,76,57,,0.00,,
2011-08-12,77,57,,0.00,,
2011-08-13,86,58,,0.00,,
2011-08-14,86,56,,0.86,,
2011-08-15,77,61,,0.03,,
2011-08-16,86,56,,0.00,,
2011-08-17,78,54,,0.00,,
2011-08-18,86,60,,0.00,,
2011-08-19,78,66,,0.00,,
2011-08-20,88,68,,0.03,,
2011-08-21,70,64,,0.42,,
2011-08-22,69,59,,0.01,,
2011-08-23,84,58,,0.00,,
2011-08-24,77,61,,0.46,,
2011-08-25,86,64,,0.80,,
2011-08-26,86,57,,0.01,,
2011-08-27,84,56,,0.00,,
2011-08-28,86,60,,0.00,,
2011-08-29,81,62,,0.00,,
2011-08-30,76,58,,0.00,,
2011-08-31,78,58,,0.02,,
2011-09-01,84,64,,0.00,,
2011-09-02,95,64,,0.00,,
2011-09-03,95,64,,0.00,,
2011-09-04,96,66,,0.51,,
2011-09-05,69,58,,0.01,,
2011-09-06,68,50,,0.00,,
2011-09-07,68,49,,0.00,,
2011-09-08,64,53,,0.00,,
2011-09-09,65,59,,0.40,,
2011-09-10,66,59,,0.09,,
2011-09-11,62,58,,0.01,,
2011-09-12,81,59,,0.00,,
2011-09-13,84,58,,0.00,,
2011-09-14,85,56,,0.00,,
2011-09-15,73,44,,0.26,,
2011-09-16,64,44,,0.00,,
2011-09-17,71,41,,0.00,,
2011-09-18,72,41,,0.00,,
2011-09-19,73,55,,0.73,,
2011-09-20,76,55,,0.00,,
2011-09-21,82,56,,0.09,,
2011-09-22,80,52,,0.00,,
2011-09-24,64,52,,0.02,,
2011-09-25,66,53,,0.00,,
2011-09-26,63,55,,0.95,,
2011-09-27,66,55,,0.23,,
2011-09-28,58,54,,0.16,,
2011-09-29,66,50,,0.20,,
2011-09-30,74,50,,0.00,,
2011-10-01,55,42,,0.05,,
2011-10-02,56,36,,0.00,,
2011-10-03,56,34,,0.00,,
2011-10-04,56,38,,0.00,,
2011-10-05,76,42,,0.00,,
2011-10-06,82,46,,0.00,,
2011-10-07,84,51,,0.00,,
2011-10-08,84,52,,0.00,,
2011-10-09,86,52,,0.00,,
2011-10-10,82,52,,0.00,,
2011-10-11,56,52,,0.00,,
2011-10-12,58,53,,0.00,,
2011-10-13,77,54,,0.06,,
2011-10-14,66,48,,0.26,,
2011-10-15,66,47,,0.00,,
2011-10-16,66,46,,0.00,,
2011-10-17,66,38,,0.00,,
2011-10-18,64,38,,0.06,,
2011-10-19,48,44,,0.40,,
2011-10-20,56,42,,1.70,,
2011-10-21,44,39,,0.03,,
2011-10-22,58,30,,0.00,,
2011-10-23,68,31,,0.01,,
2011-10-24,72,40,,0.02,,
2011-10-25,66,38,,0.00,,
2011-10-26,78,38,,0.00,,
2011-10-27,66,46,,0.15,,
2011-10-28,54,32,,0.07,,
2011-10-29,56,33,,0.11,,
2011-10-30,58,28,,0.00,,
2011-10-31,64,28,,0.08,,
2011-11-01,54,31,,0.00,,
2011-11-02,69,31,,0.00,,
2011-11-03,50,44,,0.00,,
2011-11-04,55,40,,0.23,,
2011-11-05,58,36,,0.00,,
2011-11-06,64,37,,0.00,,
2011-11-07,65,45,,0.10,,
2011-11-08,58,53,,0.34,,
2011-11-09,66,53,,0.14,,
2011-11-10,63,33,,0.35,,
2011-11-11,45,25,,0.08,,
2011-11-12,48,25,,0.00,,
2011-11-13,64,39,,0.00,,
2011-11-14,66,56,,0.07,,
2011-11-15,72,46,,0.98,,
2011-11-16,65,45,,0.00,,
2011-11-17,48,26,,0.00,,
2011-11-18,44,27,,0.00,,
2011-11-19,54,32,,0.00,,
2011-11-20,64,47,,0.00,,
2011-11-21,54,42,,0.04,,
2011-11-22,54,42,,0.00,,
2011-11-23,46,38,,0.94,,
2011-11-24,52,39,,0.01,,
2011-11-25,52,40,,0.00,,
2011-11-26,62,40,,0.00,,
2011-11-27,66,44,,0.40,,
2011-11-28,45,38,,0.40,,
2011-11-29,40,37,,0.80,,
2011-11-30,39,28,,1.45,0.5,0.0
2011-12-01,50,20,,0.00,,
2011-12-02,47,25,,0.00,,
2011-12-03,58,32,,0.00,,
2011-12-04,58,41,,0.44,,
2011-12-05,48,36,,0.41,,
2011-12-06,44,34,,0.14,,
2011-12-07,39,22,,0.00,,
2011-12-08,37,23,,0.00,,
2011-12-09,38,24,,0.02,0.2,0.0
2011-12-10,38,13,,0.00,,
2011-12-11,26,13,,0.00,,
2011-12-12,29,21,,0.00,,
2011-12-13,35,21,,0.00,,
2011-12-14,48,35,,0.24,,
2011-12-15,58,44,,1.60,,
2011-12-16,57,28,,0.22,,
2011-12-17,52,26,,0.00,,
2011-12-18,30,25,,0.00,,
2011-12-19,48,25,,0.00,,
2011-12-20,44,36,,0.24,,
2011-12-21,68,37,,0.27,,
2011-12-22,50,38,,0.00,,
2011-12-23,40,35,,0.00,,
2011-12-24,41,26,,0.00,,
2011-12-25,42,26,,0.00,,
2011-12-26,49,26,,0.00,,
2011-12-27,50,26,,0.00,0.1,0.0
2011-12-28,41,27,,0.00,,
2011-12-29,40,27,,0.00,,
2011-12-30,50,35,,0.01,,
2011-12-31,45,38,,0.47,,
2012-01-01,46,38,,0.01,0.0,0.0
2012-01-02,46,27,,0.00,0.0,0.0
2012-01-03,36,15,,0.00,0.0,0.0
2012-01-04,35,15,,0.00,0.0,0.0
2012-01-05,46,27,,0.00,0.0,0.0
2012-01-06,48,24,,0.00,0.0,0.0
2012-01-07,59,32,,0.00,0.0,0.0
2012-01-08,48,26,,0.00,0.0,0.0
2012-01-09,45,24,,0.00,0.0,0.0
2012-01-10,49,12,,0.00,0.0,0.0
2012-01-11,56,26,,0.00,0.0,0.0
2012-01-12,55,26,,0.14,0.0,0.0
2012-01-13,33,12,,0.28,4.5,5.0
2012-01-14,21,13,,0.01,0.0,5.0
2012-01-15,15,5,,0.00,0.0,5.0
2012-01-16,38,6,,0.00,0.0,3.0
2012-01-17,57,30,,1.54,0.0,0.0
2012-01-18,52,17,,0.02,0.0,0.0
2012-01-19,32,14,,0.00,0.0,0.0
2012-01-20,28,-6,,0.06,1.7,2.0
2012-01-21,19,5,,0.18,2.5,4.0
2012-01-22,26,15,,0.00,0.0,3.0
2012-01-23,49,26,,0.41,0.0,0.0
2012-01-24,49,25,,0.06,0.0,0.0
2012-01-25,37,24,,0.00,0.0,0.0
2012-01-26,33,24,,0.72,0.0,0.0
2012-01-27,36,32,,0.52,0.0,0.0
2012-01-28,43,32,,0.07,0.0,0.0
2012-01-29,51,30,,0.10,0.0,0.0
2012-01-30,38,23,,0.00,0.0,0.0
2012-01-31,56,29,,0.00,0.0,0.0
2012-02-01,57,43,,0.02,,
2012-02-02,57,28,,0.00,,
2012-02-03,52,28,,0.00,,
2012-02-04,56,26,,0.12,,
2012-02-05,52,28,,0.24,,
2012-02-06,51,27,,0.00,,
2012-02-07,36,26,,0.01,,
2012-02-08,36,30,,0.06,0.2,0.0
2012-02-09,37,21,,0.00,,
2012-02-10,37,21,,0.00,,
2012-02-11,37,15,,0.08,0.0,0.0
2012-02-12,24,11,,0.00,,
2012-02-13,37,15,,0.00,,
2012-02-14,36,16,,0.18,1.8,1.0
2012-02-15,36,29,,0.00,,0.0
2012-02-16,42,31,,0.15,,
2012-02-18,51,24,,0.00,,
2012-02-19,51,23,,0.00,,
2012-02-20,51,20,,0.00,,
2012-02-21,46,19,,0.25,,
2012-02-22,45,33,,0.04,,
2012-02-23,56,27,,0.03,,
2012-02-24,45,27,,0.14,,
2012-02-25,45,25,,0.00,,
2012-02-26,32,21,,0.00,,
2012-02-27,55,23,,0.00,,
2012-02-28,46,24,,0.00,,
2012-02-29,55,25,,0.37,,
2012-03-01,66,25,,0.00,,
2012-03-02,51,34,,0.00,,
2012-03-03,60,32,,0.60,,
2012-03-04,52,30,,0.00,,
2012-03-05,40,28,,0.00,,
2012-03-06,42,25,,0.00,,
2012-03-07,68,31,,0.00,,
2012-03-08,68,50,,0.05,,
2012-03-09,60,31,,0.15,,
2012-03-10,60,26,,0.00,,
2012-03-11,59,27,,0.00,,
2012-03-12,71,28,,0.12,,
2012-03-13,75,46,,0.01,,
2012-03-14,77,43,,0.00,,
2012-03-15,83,51,,0.03,,
2012-03-16,82,53,,0.02,,
2012-03-17,83,53,,0.00,,
2012-03-18,82,54,,0.04,,
2012-03-19,83,59,,0.00,,
2012-03-20,85,63,,0.00,,
2012-03-21,86,65,,0.00,,
2012-03-22,88,64,,0.00,,
2012-03-23,84,61,,0.11,,
2012-03-24,84,53,,0.72,,
2012-03-25,71,53,,0.04,,
2012-03-26,77,46,,0.00,,
2012-03-27,56,39,,0.00,,
2012-03-28,71,38,,0.01,,
2012-03-29,74,38,,0.00,,
2012-03-30,65,39,,0.17,,
2012-03-31,76,45,,0.00,,
2012-04-01,75,40,,0.00,0.0,0.0
2012-04-02,80,47,,0.27,0.0,0.0
2012-04-03,71,50,,0.00,0.0,0.0
2012-04-04,86,51,,0.01,0.0,0.0
2012-04-05,86,47,,0.00,0.0,0.0
2012-04-06,61,34,,0.00,0.0,0.0
2012-04-07,63,33,,0.00,0.0,0.0
2012-04-08,72,31,,0.00,0.0,0.0
2012-04-09,70,44,,0.00,0.0,0.0
2012-04-10,68,36,,0.00,0.0,0.0
2012-04-11,67,27,,0.00,0.0,0.0
2012-04-12,67,26,,0.00,0.0,0.0
2012-04-13,66,27,,0.00,0.0,0.0
2012-04-14,67,27,,0.10,,
2012-04-15,67,27,,0.38,,
2012-04-16,78,61,,0.47,0.0,0.0
2012-04-17,62,40,,0.00,0.0,0.0
2012-04-18,66,39,,0.00,0.0,0.0
2012-04-19,73,39,,0.00,0.0,0.0
2012-04-20,78,53,,0.00,0.0,0.0
2012-04-21,78,42,,0.11,0.0,0.0
2012-04-22,61,39,,0.12,0.0,0.0
2012-04-23,57,32,,0.00,0.0,0.0
2012-04-24,64,31,,0.00,0.0,0.0
2012-04-25,67,35,,0.00,0.0,0.0
2012-04-26,72,45,,0.46,0.0,0.0
2012-04-27,68,31,,0.00,0.0,0.0
2012-04-28,68,31,,0.00,0.0,0.0
2012-04-29,49,43,,0.25,0.0,0.0
2012-04-30,61,45,,0.00,0.0,0.0
2012-05-01,77,57,,0.56,0.0,0.0
2012-05-02,70,56,,0.76,0.0,0.0
2012-05-03,83,58,,0.00,0.0,0.0
2012-05-04,88,64,,0.00,0.0,0.0
2012-05-05,88,56,,0.00,0.0,0.0
2012-05-06,81,57,,0.00,0.0,0.0
2012-05-07,87,59,,0.69,0.0,0.0
2012-05-08,87,56,,0.63,0.0,0.0
2012-05-09,74,49,,0.00,0.0,0.0
2012-05-10,67,42,,0.10,0.0,0.0
2012-05-11,74,41,,0.00,0.0,0.0
2012-05-12,78,41,,0.00,0.0,0.0
2012-05-13,80,51,,0.00,0.0,0.0
2012-05-14,81,51,,0.00,0.0,0.0
2012-05-15,85,46,,0.00,0.0,0.0
2012-05-16,85,46,,0.00,0.0,0.0
2012-05-17,78,45,,0.00,0.0,0.0
2012-05-18,77,44,,0.00,0.0,0.0
2012-05-19,87,44,,0.00,0.0,0.0
2012-05-20,94,57,,0.00,0.0,0.0
2012-05-21,94,63,,0.00,0.0,0.0
2012-05-22,72,46,,0.00,0.0,0.0
2012-05-23,81,46,,0.00,0.0,0.0
2012-05-24,100,46,,0.00,0.0,0.0
2012-05-25,89,63,,0.00,0.0,0.0
2012-05-26,90,69,,0.00,0.0,0.0
2012-05-27,97,63,,0.00,0.0,0.0
2012-05-28,98,71,,0.00,0.0,0.0
2012-05-29,96,70,,0.04,0.0,0.0
2012-05-30,88,54,,0.00,0.0,0.0
2012-05-31,80,51,,0.00,0.0,0.0
2012-06-01,80,51,,0.48,0.0,0.0
2012-06-02,80,45,,0.00,0.0,0.0
2012-06-03,73,45,,0.00,0.0,0.0
2012-06-04,84,50,,0.01,0.0,0.0
2012-06-05,86,51,,0.00,0.0,0.0
2012-06-06,78,51,,0.00,0.0,0.0
2012-06-07,81,50,,0.00,0.0,0.0
2012-06-08,89,50,,0.00,0.0,0.0
2012-06-09,89,50,,0.00,0.0,0.0
2012-06-10,92,54,,0.00,0.0,0.0
2012-06-11,93,62,,0.00,0.0,0.0
2012-06-12,88,65,,0.00,0.0,0.0
2012-06-13,87,56,,0.00,0.0,0.0
2012-06-14,87,54,,0.00,0.0,0.0
2012-06-15,89,54,,0.00,0.0,0.0
2012-06-16,93,54,,0.00,0.0,0.0
2012-06-17,91,46,,0.05,0.0,0.0
2012-06-18,96,65,,0.00,0.0,0.0
2012-06-19,95,70,,0.05,0.0,0.0
2012-06-20,95,70,,0.00,0.0,0.0
2012-06-21,95,69,,0.00,0.0,0.0
2012-06-22,93,61,,0.29,0.0,0.0
2012-06-23,92,61,,0.00,0.0,0.0
2012-06-24,90,58,,0.00,0.0,0.0
2012-06-25,96,67,,0.00,0.0,0.0
2012-06-26,87,55,,0.00,0.0,0.0
2012-06-27,83,53,,0.00,0.0,0.0
2012-06-28,92,53,,0.00,0.0,0.0
2012-06-29,103,68,,0.00,0.0,0.0
2012-06-30,103,67,,0.83,0.0,0.0
2012-07-04,102,68,,0.00,,
2012-07-05,102,68,,0.00,,
2012-07-06,103,68,,0.00,,
2012-07-07,107,67,,0.00,,
2012-07-08,97,72,,0.00,,
2012-07-09,85,67,,0.00,,
2012-07-10,93,65,,0.00,,
2012-07-11,95,66,,0.00,,
2012-07-12,92,64,,0.00,0.0,0.0
2012-07-13,95,67,,0.00,,
2012-07-14,95,67,,0.00,,
2012-07-15,92,70,,0.00,,
2012-07-16,94,69,,0.00,,
2012-07-17,98,68,,0.00,,
2012-07-18,101,74,,0.08,,
2012-07-19,104,73,,0.04,,
2012-07-20,96,70,,0.80,,
2012-07-21,96,63,,0.02,,
2012-07-22,91,62,,0.00,,
2012-07-23,97,70,,0.00,,
2012-07-24,100,76,,0.00,,
2012-07-25,94,72,,0.00,,
2012-07-26,102,71,,0.00,,
2012-07-27,102,66,,0.00,,
2012-07-28,102,65,,0.02,,
2012-07-29,91,58,,0.00,,
2012-07-30,93,58,,0.00,,
2012-07-31,96,65,,0.00,,
2012-08-01,95,62,,0.03,,
2012-08-02,105,60,,0.00,0.0,0.0
2012-08-03,98,59,,0.00,0.0,0.0
2012-08-04,98,59,,0.00,0.0,0.0
2012-08-05,99,70,,2.25,,
2012-08-06,90,63,,0.00,0.0,0.0
2012-08-07,91,61,,0.00,0.0,0.0
2012-08-08,97,55,,0.00,0.0,0.0
2012-08-09,96,66,,0.10,,
2012-08-10,85,61,,0.02,,
2012-08-11,85,60,,0.17,,
2012-08-12,83,56,,0.00,0.0,0.0
2012-08-13,82,56,,0.06,,
2012-08-14,82,63,,0.45,,
2012-08-15,84,62,,0.00,0.0,0.0
2012-08-16,89,60,,0.00,0.0,0.0
2012-08-17,76,60,,1.32,,
2012-08-18,80,53,,0.00,,
2012-08-19,82,51,,0.00,0.0,0.0
2012-08-20,82,54,,0.00,0.0,0.0
2012-08-21,81,53,,0.48,,
2012-08-22,84,54,,0.00,0.0,0.0
2012-08-23,87,54,,0.00,0.0,0.0
2012-08-24,92,57,,0.00,0.0,0.0
2012-08-25,92,57,,0.00,0.0,0.0
2012-08-26,94,62,,0.00,0.0,0.0
2012-08-27,86,65,,2.17,,
2012-08-28,90,60,,0.17,,
2012-08-29,87,59,,0.00,0.0,0.0
2012-08-30,89,60,,0.00,0.0,0.0
2012-08-31,90,59,,0.00,0.0,0.0
2012-09-01,90,59,,0.00,,
2012-09-02,81,73,,1.33,,
2012-09-03,76,71,,0.54,,
2012-09-04,89,69,,0.00,0.0,0.0
2012-09-05,92,68,,0.00,0.0,0.0
2012-09-06,81,64,,0.00,0.0,0.0
2012-09-07,90,64,,0.00,0.0,0.0
2012-09-08,90,58,,1.13,,
2012-09-09,76,54,,0.03,,
2012-09-10,78,49,,0.00,0.0,0.0
2012-09-11,82,48,,0.00,0.0,0.0
2012-09-12,83,52,,0.00,0.0,0.0
2012-09-13,84,53,,0.00,0.0,0.0
2012-09-14,81,60,,0.02,,
2012-09-15,81,50,,0.25,,
2012-09-16,80,49,,0.00,0.0,0.0
2012-09-17,81,49,,0.00,0.0,0.0
2012-09-18,79,52,,0.08,,
2012-09-19,79,40,,1.38,,
2012-09-20,71,39,,0.00,0.0,0.0
2012-09-21,78,44,,0.00,0.0,0.0
2012-09-22,78,43,,0.38,,
2012-09-23,61,39,,0.00,0.0,0.0
2012-09-24,63,36,,0.00,0.0,0.0
2012-09-25,70,34,,0.00,0.0,0.0
2012-09-26,72,56,,0.02,,
2012-09-27,72,53,,0.27,,
2012-09-28,80,50,,0.00,0.0,0.0
2012-09-29,80,47,,0.00,0.0,0.0
2012-09-30,80,46,,0.00,0.0,0.0
2012-10-01,72,43,,0.00,,
2012-10-02,64,47,,0.15,,
2012-10-03,60,53,,0.11,,
2012-10-04,68,55,,0.03,,
2012-10-05,80,48,,0.24,,
2012-10-06,48,33,,0.72,,
2012-10-07,55,32,,0.00,0.0,0.0
2012-10-08,49,29,,0.00,,
2012-10-09,60,15,,0.00,0.0,0.0
2012-10-10,65,40,,0.01,,
2012-10-11,55,29,,0.00,,
2012-10-12,63,29,,0.01,,
2012-10-13,63,29,,0.00,0.0,0.0
2012-10-14,67,47,,0.73,,
2012-10-15,74,49,,0.18,,
2012-10-16,64,38,,0.00,0.0,0.0
2012-10-17,71,37,,0.00,0.0,0.0
2012-10-18,70,49,,0.81,,
2012-10-19,61,44,,0.22,,
2012-10-20,61,44,,0.17,,
2012-10-21,57,36,,0.00,,
2012-10-22,74,37,,0.00,,
2012-10-23,73,58,,0.41,,
2012-10-24,64,59,,1.12,,
2012-10-25,80,59,,0.00,0.0,0.0
2012-10-26,79,44,,0.21,,
2012-10-27,79,33,,0.00,0.0,0.0
2012-10-28,58,32,,0.00,0.0,0.0
2012-10-29,53,33,,0.00,0.0,0.0
2012-10-30,58,35,,0.00,0.0,0.0
2012-10-31,52,39,,0.01,0.0,0.0
2012-11-01,46,29,,0.00,0.0,0.0
2012-11-02,55,26,,0.00,0.0,0.0
2012-11-03,56,26,,0.00,0.0,0.0
2012-11-04,42,27,,0.07,0.0,0.0
2012-11-05,50,25,,0.00,0.0,0.0
2012-11-06,48,24,,0.00,0.0,0.0
2012-11-07,52,25,,0.12,0.0,0.0
2012-11-08,51,30,,0.00,0.0,0.0
2012-11-09,46,31,,0.00,0.0,0.0
2012-11-10,65,31,,0.00,0.0,0.0
2012-11-11,73,49,,0.00,0.0,0.0
2012-11-12,71,39,,0.49,0.0,0.0
2012-11-13,41,26,,0.11,0.0,0.0
2012-11-14,46,26,,0.00,0.0,0.0
2012-11-15,47,26,,0.00,0.0,0.0
2012-11-16,52,24,,0.00,0.0,0.0
2012-11-17,57,15,,0.00,0.0,0.0
2012-11-18,61,27,,0.00,0.0,0.0
2012-11-19,63,30,,0.00,0.0,0.0
2012-11-20,59,31,,0.04,0.0,0.0
2012-11-21,59,38,,0.00,0.0,0.0
2012-11-22,63,33,,0.00,0.0,0.0
2012-11-23,63,32,,0.14,0.0,0.0
2012-11-24,63,27,,0.00,0.0,0.0
2012-11-25,35,25,,0.00,0.0,0.0
2012-11-26,47,29,,0.00,0.0,0.0
2012-11-27,48,25,,0.02,0.0,0.0
2012-11-28,43,21,,0.00,0.0,0.0
2012-11-29,46,18,,0.00,0.0,0.0
2012-11-30,52,26,,0.00,0.0,0.0
2012-12-01,59,26,,0.00,0.0,0.0
2012-12-02,65,31,,0.11,0.0,0.0
2012-12-03,64,53,,0.01,0.0,0.0
2012-12-04,71,59,,0.01,0.0,0.0
2012-12-05,61,33,,0.15,0.0,0.0
2012-12-06,61,30,,0.00,0.0,0.0
2012-12-07,50,30,,0.03,0.0,0.0
2012-12-08,50,30,,0.23,0.0,0.0
2012-12-09,45,44,,0.24,0.0,0.0
2012-12-10,50,35,,0.23,0.0,0.0
2012-12-11,35,30,,0.01,0.0,0.0
2012-12-12,38,22,,0.00,0.0,0.0
2012-12-13,48,21,,0.00,0.0,0.0
2012-12-14,51,21,,0.00,0.0,0.0
2012-12-15,54,12,,0.00,0.0,0.0
2012-12-16,55,42,,0.15,0.0,0.0
2012-12-17,51,40,,0.00,0.0,0.0
2012-12-18,42,35,,0.08,0.0,0.0
2012-12-19,45,35,,0.02,0.0,0.0
2012-12-20,45,36,,0.78,0.0,0.0
2012-12-21,53,28,,0.52,0.3,0.0
2012-12-22,29,17,,0.01,0.0,0.0
2012-12-23,35,15,,0.00,0.0,0.0
2012-12-24,43,15,,0.00,0.0,0.0
2012-12-25,36,28,,0.00,0.0,0.0
2012-12-26,37,28,,0.01,0.0,0.0
2012-12-27,32,28,,0.22,2.3,2.0
2012-12-28,34,28,,0.00,0.0,2.0
2012-12-29,34,28,,0.06,0.6,3.0
2012-12-30,33,15,,0.00,0.0,2.0
2012-12-31,48,13,,0.00,0.0,2.0
2013-01-01,36,26,,0.00,0.0,2.0
2013-01-02,32,7,,0.00,0.0,2.0
2013-01-03,26,6,,0.00,0.0,2.0
2013-01-04,20,12,,0.00,0.0,2.0
2013-01-05,32,12,,0.00,0.0,2.0
2013-01-06,36,15,,0.00,0.0,1.0
2013-01-07,36,14,,0.00,0.0,1.0
2013-01-08,40,13,,0.00,0.0,1.0
2013-01-09,47,22,,0.00,0.0,0.0
2013-01-10,50,24,,0.00,0.0,0.0
2013-01-11,52,25,,0.92,0.0,0.0
2013-01-12,57,48,,0.02,0.0,0.0
2013-01-13,62,36,,0.97,0.0,0.0
2013-01-14,36,14,,0.25,0.0,0.0
2013-01-15,25,12,,0.00,0.0,0.0
2013-01-16,30,14,,0.00,0.0,0.0
2013-01-17,38,14,,0.00,0.0,0.0
2013-01-18,42,17,,0.00,0.0,0.0
2013-01-19,42,17,,0.00,0.0,0.0
2013-01-20,51,24,,0.00,0.0,0.0
2013-01-21,28,16,,0.00,0.0,0.0
2013-01-22,17,5,,0.00,0.0,0.0
2013-01-23,18,4,,0.00,0.0,0.0
2013-01-24,23,12,,0.00,0.0,0.0
2013-01-25,25,10,,0.00,0.0,0.0
2013-01-26,28,10,,0.00,0.0,0.0
2013-01-27,37,17,,0.00,0.0,0.0
2013-01-28,47,23,,0.17,0.0,0.0
2013-01-29,56,46,,0.02,0.0,0.0
2013-01-30,69,50,,1.37,0.0,0.0
2013-01-31,54,20,,0.09,0.0,0.0
2013-02-01,21,5,,0.00,0.0,0.0
2013-02-02,20,5,,0.01,0.0,0.0
2013-02-03,19,8,,0.02,0.0,0.0
2013-02-04,27,12,,0.05,0.0,0.0
2013-02-05,43,23,,0.00,0.0,0.0
2013-02-06,36,21,,0.00,0.0,0.0
2013-02-07,42,29,,0.00,0.0,0.0
2013-02-08,55,31,,0.08,0.0,0.0
2013-02-09,55,29,,0.00,0.0,0.0
2013-02-10,44,29,,0.09,0.0,0.0
2013-02-11,51,34,,0.18,0.0,0.0
2013-02-12,43,29,,0.00,0.0,0.0
2013-02-13,36,12,,0.00,0.0,0.0
2013-02-14,48,12,,0.00,0.0,0.0
2013-02-15,46,29,,0.00,0.0,0.0
2013-02-16,46,20,,0.00,0.0,0.0
2013-02-17,20,9,,0.00,0.0,0.0
2013-02-18,36,8,,0.00,0.0,0.0
2013-02-19,57,27,,0.35,0.0,0.0
2013-02-20,27,11,,0.00,0.0,0.0
2013-02-21,28,9,,0.00,0.0,0.0
2013-02-22,31,24,,0.30,0.3,0.0
2013-02-23,51,24,,0.00,,0.0
2013-02-24,32,18,,0.00,0.0,0.0
2013-02-25,43,17,,0.00,0.0,0.0
2013-02-26,45,23,,0.00,0.0,0.0
2013-02-27,36,32,,1.28,0.0,0.0
2013-02-28,47,32,,0.00,0.0,0.0
2013-03-01,39,30,,0.00,0.0,0.0
2013-03-02,39,27,,0.00,0.0,0.0
2013-03-03,33,19,,0.00,0.0,0.0
2013-03-04,39,18,,0.00,0.0,0.0
2013-03-05,39,20,,0.02,0.0,0.0
2013-03-06,36,29,,0.63,0.6,5.0
2013-03-07,33,28,,0.00,0.0,5.0
2013-03-08,40,18,,0.00,0.0,4.0
2013-03-09,46,17,,0.00,0.0,2.0
2013-03-10,51,34,,0.00,0.0,0.0
2013-03-11,70,50,,0.00,0.0,0.0
2013-03-12,50,33,,0.04,0.0,0.0
2013-03-13,42,26,,0.03,0.0,0.0
2013-03-14,42,19,,0.00,0.0,0.0
2013-03-15,43,19,,0.00,,
2013-03-16,53,19,,0.00,0.0,0.0
2013-03-17,53,20,,0.00,0.0,0.0
2013-03-18,41,31,,0.00,0.0,0.0
2013-03-19,40,25,,0.03,0.0,0.0
2013-03-20,41,23,,0.00,0.0,0.0
2013-03-21,41,16,,0.00,0.0,0.0
2013-03-22,38,15,,0.00,0.0,0.0
2013-03-23,47,15,,0.00,0.0,0.0
2013-03-24,50,30,,0.00,0.0,0.0
2013-03-25,36,12,,0.59,8.2,10.0
2013-03-26,40,28,,0.09,0.0,7.0
2013-03-27,44,26,,0.00,0.0,4.0
2013-03-28,46,23,,0.00,0.0,3.0
2013-03-29,51,23,,0.00,0.0,0.0
2013-03-30,60,23,,0.00,0.0,0.0
2013-03-31,60,27,,0.00,0.0,0.0
2013-04-01,63,36,,0.20,0.0,0.0
2013-04-02,47,27,,0.00,0.0,0.0
2013-04-03,48,22,,0.00,0.0,0.0
2013-04-04,50,22,,0.00,0.0,0.0
2013-04-05,62,27,,0.00,0.0,0.0
2013-04-06,62,27,,0.00,0.0,0.0
2013-04-07,73,38,,0.02,0.0,0.0
2013-04-08,73,50,,0.10,0.0,0.0
2013-04-09,76,56,,0.08,0.0,0.0
2013-04-10,80,55,,0.00,0.0,0.0
2013-04-11,80,48,,1.58,0.0,0.0
2013-04-12,63,39,,0.34,0.0,0.0
2013-04-13,63,38,,0.03,0.0,0.0
2013-04-14,49,40,,0.03,0.0,0.0
2013-04-15,74,43,,0.00,0.0,0.0
2013-04-16,68,47,,0.29,0.0,0.0
2013-04-17,53,46,,0.82,0.0,0.0
2013-04-18,72,46,,0.75,0.0,0.0
2013-04-19,71,39,,2.90,0.0,0.0
2013-04-20,71,32,,0.08,0.0,0.0
2013-04-21,48,31,,0.01,0.0,0.0
2013-04-22,55,32,,0.00,0.0,0.0
2013-04-23,70,35,,0.00,0.0,0.0
2013-04-24,65,39,,1.05,0.0,0.0
2013-04-25,50,36,,0.09,0.0,0.0
2013-04-26,54,36,,0.00,0.0,0.0
2013-04-27,67,36,,0.00,0.0,0.0
2013-04-28,67,42,,0.20,0.0,0.0
2013-04-29,61,53,,0.12,0.0,0.0
2013-04-30,74,54,,0.00,0.0,0.0
2013-05-01,85,56,,0.00,0.0,0.0
2013-05-02,85,55,,0.00,0.0,0.0
2013-05-03,83,49,,0.00,0.0,0.0
2013-05-04,83,49,,0.04,0.0,0.0
2013-05-05,71,54,,0.05,0.0,0.0
2013-05-06,71,54,,0.00,0.0,0.0
2013-05-07,72,55,,0.00,0.0,0.0
2013-05-08,79,54,,0.00,0.0,0.0
2013-05-09,81,53,,0.00,0.0,0.0
2013-05-10,78,53,,0.61,0.0,0.0
2013-05-11,78,44,,0.00,0.0,0.0
2013-05-12,66,37,,0.00,0.0,0.0
2013-05-13,60,35,,0.00,0.0,0.0
2013-05-14,69,34,,0.00,0.0,0.0
2013-05-15,86,52,,0.00,0.0,0.0
2013-05-16,87,62,,0.10,0.0,0.0
2013-05-17,86,61,,0.01,0.0,0.0
2013-05-18,86,60,,0.00,0.0,0.0
2013-05-19,81,61,,0.00,0.0,0.0
2013-05-20,90,61,,0.00,0.0,0.0
2013-05-21,87,63,,0.08,0.0,0.0
2013-05-22,86,63,,0.00,0.0,0.0
2013-05-23,79,59,,0.05,0.0,0.0
2013-05-24,59,38,,0.00,0.0,0.0
2013-05-25,79,37,,0.00,0.0,0.0
2013-05-26,62,41,,0.05,0.0,0.0
2013-05-27,67,44,,1.00,0.0,0.0
2013-05-28,79,57,,0.65,0.0,0.0
2013-05-29,82,62,,0.00,0.0,0.0
2013-05-30,86,69,,0.00,0.0,0.0
2013-05-31,86,65,,0.32,0.0,0.0
2013-06-01,86,63,,0.98,0.0,0.0
2013-06-02,76,59,,0.20,0.0,0.0
2013-06-03,69,45,,0.00,0.0,0.0
2013-06-04,72,44,,0.00,0.0,0.0
2013-06-05,76,49,,0.00,0.0,0.0
2013-06-06,81,56,,0.00,0.0,0.0
2013-06-07,81,60,,0.01,0.0,0.0
2013-06-08,81,53,,0.00,0.0,0.0
2013-06-09,82,52,,0.00,0.0,0.0
2013-06-10,83,64,,0.37,0.0,0.0
2013-06-11,71,62,,0.00,0.0,0.0
2013-06-12,87,62,,0.02,0.0,0.0
2013-06-13,91,67,,0.45,0.0,0.0
2013-06-14,80,54,,0.22,0.0,0.0
2013-06-15,87,54,,0.00,0.0,0.0
2013-06-16,82,61,,0.02,0.0,0.0
2013-06-17,82,67,,0.03,0.0,0.0
2013-06-18,89,65,,0.00,0.0,0.0
2013-06-19,85,62,,0.00,0.0,0.0
2013-06-20,85,62,,0.00,0.0,0.0
2013-06-21,90,63,,0.00,0.0,0.0
2013-06-22,91,63,,0.30,0.0,0.0
2013-06-23,91,63,,0.26,0.0,0.0
2013-06-24,86,66,,0.00,0.0,0.0
2013-06-25,87,67,,0.09,0.0,0.0
2013-06-26,91,67,,0.46,0.0,0.0
2013-06-27,83,67,,0.00,0.0,0.0
2013-06-28,91,67,,0.00,0.0,0.0
2013-06-29,,,,0.17,0.0,0.0
2013-06-30,,,,0.51,0.0,0.0
2013-07-01,,,,0.21,0.0,0.0
2013-07-02,,,,0.00,0.0,0.0
2013-07-03,,,,0.00,0.0,0.0
2013-07-04,,,,0.04,0.0,0.0
2013-07-05,,,,0.00,0.0,0.0
2013-07-06,,,,0.00,0.0,0.0
2013-07-07,,,,0.52,0.0,0.0
2013-07-08,,,,0.00,0.0,0.0
2013-07-09,,,,0.00,0.0,0.0
2013-07-10,,,,0.00,0.0,0.0
2013-07-11,,,,0.60,0.0,0.0
2013-07-12,,,,0.00,0.0,0.0
2013-07-13,,,,0.00,0.0,0.0
2013-07-14,,,,0.00,0.0,0.0
2013-07-15,,,,0.00,0.0,0.0
2013-07-16,,,,0.00,0.0,0.0
2013-07-17,,,,0.00,0.0,0.0
2013-07-18,,,,0.00,0.0,0.0
2013-07-19,,,,0.00,0.0,0.0
2013-07-20,,,,0.00,0.0,0.0
2013-07-21,,,,0.27,0.0,0.0
2013-07-22,,,,1.75,0.0,0.0
2013-07-23,,,,0.18,0.0,0.0
2013-07-24,,,,0.00,0.0,0.0
2013-07-25,,,,0.00,0.0,0.0
2013-07-26,,,,0.00,0.0,0.0
2013-07-27,,,,0.00,0.0,0.0
2013-07-28,,,,0.00,0.0,0.0
2013-07-29,,,,0.00,0.0,0.0
2013-07-30,,,,0.00,0.0,0.0
2013-07-31,,,,1.50,0.0,0.0
2013-08-01,,,,0.06,0.0,0.0
2013-08-02,,,,0.05,0.0,0.0
2013-08-03,,,,0.55,0.0,0.0
2013-08-04,,,,0.00,0.0,0.0
2013-08-05,,,,0.00,0.0,0.0
2013-08-06,,,,0.05,0.0,0.0
2013-08-07,,,,0.00,0.0,0.0
2013-08-08,,,,0.00,0.0,0.0
2013-08-09,,,,0.25,0.0,0.0
2013-08-10,,,,0.00,0.0,0.0
2013-08-11,,,,0.00,0.0,0.0
2013-08-12,,,,0.00,0.0,0.0
2013-08-13,,,,0.86,0.0,0.0
2013-08-14,,,,0.00,0.0,0.0
2013-08-15,,,,0.00,0.0,0.0
2013-08-16,,,,0.02,0.0,0.0
2013-08-17,,,,0.00,0.0,0.0
2013-08-18,,,,0.00,0.0,0.0
2013-08-19,,,,0.00,0.0,0.0
2013-08-20,,,,0.00,0.0,0.0
2013-08-21,,,,0.00,0.0,0.0
2013-08-22,,,,0.00,0.0,0.0
2013-08-23,,,,0.00,0.0,0.0
2013-08-24,,,,0.00,0.0,0.0
2013-08-25,,,,0.00,0.0,0.0
2013-08-26,,,,0.00,0.0,0.0
2013-08-27,,,,0.00,0.0,0.0
2013-08-28,,,,0.00,0.0,0.0
2013-08-29,,,,0.00,0.0,0.0
2013-08-30,,,,0.00,0.0,0.0
2013-08-31,,,,0.18,0.0,0.0
2013-09-01,,,,0.01,0.0,0.0
2013-09-02,,,,0.00,0.0,0.0
2013-09-03,,,,0.00,0.0,0.0
2013-09-04,,,,0.00,0.0,0.0
2013-09-05,,,,0.00,0.0,0.0
2013-09-06,,,,0.00,0.0,0.0
2013-09-07,,,,0.00,0.0,0.0
2013-09-08,,,,0.00,0.0,0.0
2013-09-09,,,,0.00,0.0,0.0
2013-09-10,,,,0.00,0.0,0.0
2013-09-11,,,,0.00,0.0,0.0
2013-09-12,,,,0.09,0.0,0.0
2013-09-13,,,,0.84,0.0,0.0
2013-09-14,,,,0.00,0.0,0.0
2013-09-15,,,,0.00,0.0,0.0
2013-09-16,,,,0.35,0.0,0.0
2013-09-17,,,,0.00,0.0,0.0
2013-09-18,,,,0.00,0.0,0.0
2013-09-19,,,,1.98,0.0,0.0
2013-09-20,,,,0.14,0.0,0.0
2013-09-21,,,,0.35,0.0,0.0
2013-09-22,,,,0.00,0.0,0.0
2013-09-23,,,,0.00,0.0,0.0
2013-09-24,,,,0.00,0.0,0.0
2013-09-25,,,,0.00,0.0,0.0
2013-09-26,,,,0.00,0.0,0.0
2013-09-27,,,,0.00,0.0,0.0
2013-09-28,,,,0.00,0.0,0.0
2013-09-29,,,,0.03,0.0,0.0
2013-09-30,,,,0.21,0.0,0.0
2013-10-01,,,,0.00,0.0,0.0
2013-10-02,,,,0.00,0.0,0.0
2013-10-03,,,,0.01,0.0,0.0
2013-10-04,,,,0.17,0.0,0.0
2013-10-05,,,,0.00,0.0,0.0
2013-10-06,,,,1.16,0.0,0.0
2013-10-07,,,,0.44,0.0,0.0
2013-10-08,,,,0.00,0.0,0.0
2013-10-09,,,,0.00,0.0,0.0
2013-10-10,,,,0.00,0.0,0.0
2013-10-11,,,,0.00,0.0,0.0
2013-10-12,,,,0.00,0.0,0.0
2013-10-13,,,,0.00,0.0,0.0
2013-10-14,,,,0.00,0.0,0.0
2013-10-15,,,,0.00,0.0,0.0
2013-10-16,,,,0.05,0.0,0.0
2013-10-17,,,,0.00,0.0,0.0
2013-10-18,,,,0.03,0.0,0.0
2013-10-19,,,,0.10,0.0,0.0
2013-10-20,,,,0.15,0.0,0.0
2013-10-21,,,,0.00,0.0,0.0
2013-10-22,,,,0.00,0.0,0.0
2013-10-23,,,,0.30,0.0,0.0
2013-10-24,,,,0.00,0.0,0.0
2013-10-25,,,,0.00,0.0,0.0
2013-10-26,,,,0.00,0.0,0.0
2013-10-27,,,,0.00,0.0,0.0
2013-10-28,,,,0.00,0.0,0.0
2013-10-29,,,,0.02,0.0,0.0
2013-10-30,,,,0.03,0.0,0.0
2013-10-31,,,,0.22,0.0,0.0
2013-11-01,,,,1.14,0.0,0.0
2013-11-02,,,,0.02,0.0,0.0
2013-11-03,,,,0.02,0.0,0.0
2013-11-04,,,,0.00,0.0,0.0
2013-11-05,,,,0.00,0.0,0.0
2013-11-06,,,,0.08,0.0,0.0
2013-11-07,,,,0.18,0.0,0.0
2013-11-08,,,,0.00,0.0,0.0
2013-11-09,,,,0.00,0.0,0.0
2013-11-10,,,,0.00,0.0,0.0
2013-11-11,,,,0.00,0.0,0.0
2013-11-12,,,,0.12,0.0,
2013-11-13,,,,0.00,0.0,0.0
2013-11-14,,,,0.00,0.0,0.0
2013-11-15,,,,0.00,0.0,0.0
2013-11-16,,,,0.00,0.0,0.0
2013-11-17,,,,0.25,0.0,0.0
2013-11-18,,,,0.85,0.0,0.0
2013-11-19,,,,0.00,0.0,0.0
2013-11-20,,,,0.00,0.0,0.0
2013-11-21,,,,0.02,0.0,0.0
2013-11-22,,,,0.55,0.0,0.0
2013-11-23,,,,0.03,0.0,0.0
2013-11-24,,,,0.00,0.0,0.0
2013-11-25,,,,0.00,0.0,0.0
2013-11-26,,,,0.00,0.0,0.0
2013-11-27,,,,0.00,0.0,0.0
2013-11-28,,,,0.00,0.0,0.0
2013-11-29,,,,0.00,0.0,0.0
2013-11-30,,,,0.00,0.0,0.0
2013-12-01,,,,0.00,0.0,0.0
2013-12-02,,,,0.00,0.0,0.0
2013-12-03,,,,0.08,0.0,0.0
2013-12-04,,,,0.02,0.0,0.0
2013-12-05,,,,0.00,0.0,0.0
2013-12-06,,,,0.00,0.0,0.0
2013-12-07,,,,0.00,0.0,0.0
2013-12-08,,,,0.00,0.0,0.0
2013-12-09,,,,0.40,0.4,0.0
2013-12-10,,,,0.00,0.0,0.0
2013-12-11,,,,0.00,0.0,0.0
2013-12-12,,,,0.00,0.0,0.0
2013-12-13,,,,0.00,0.0,0.0
2013-12-14,,,,2.20,2.2,5.0
2013-12-15,,,,5.10,5.1,4.0
2013-12-16,,,,1.40,1.4,5.0
2013-12-17,,,,0.00,0.0,6.0
2013-12-18,,,,0.00,0.0,6.0
2013-12-19,,,,0.00,0.0,5.0
2013-12-20,,,,0.03,0.0,2.0
2013-12-21,,,,0.22,0.0,0.0
2013-12-22,,,,1.21,0.0,0.0
2013-12-23,,,,0.00,0.0,0.0
2013-12-24,,,,0.00,0.0,0.0
2013-12-25,,,,0.00,0.0,0.0
2013-12-26,,,,0.00,0.0,0.0
2013-12-27,,,,0.00,0.0,0.0
2013-12-28,,,,0.00,0.0,0.0
2013-12-29,,,,0.00,0.0,0.0
2013-12-30,,,,0.00,0.0,0.0
2013-12-31,,,,0.02,0.2,0.0
2014-01-01,,,,0.00,0.0,0.0
2014-01-02,,,,0.20,2.8,3.0
2014-01-03,,,,0.04,2.0,4.0
2014-01-04,,,,0.00,0.0,4.0
2014-01-05,,,,1.30,1.3,3.0
2014-01-06,,,,8.00,8.0,12.0
2014-01-07,,,,0.00,0.0,12.0
2014-01-08,,,,0.00,0.0,0.0
2014-01-09,,,,0.00,0.0,12.0
2014-01-10,,,,0.09,0.0,10.0
2014-01-11,,,,0.28,0.0,2.0
2014-01-12,,,,0.03,0.0,2.0
2014-01-13,,,,0.00,0.0,0.0
2014-01-14,,,,0.00,0.0,0.0
2014-01-15,,,,0.05,0.0,0.0
2014-01-16,,,,0.00,0.0,0.0
2014-01-17,,,,3.00,3.0,3.0
2014-01-18,,,,2.00,2.0,4.0
2014-01-19,,,,5.60,5.6,3.0
2014-01-20,,,,0.00,0.0,3.0
2014-01-21,,,,3.00,3.0,4.0
2014-01-22,,,,0.00,0.0,4.0
2014-01-23,,,,0.00,0.0,4.0
2014-01-24,,,,0.00,0.0,3.0
2014-01-25,,,,0.00,0.0,3.0
2014-01-26,,,,0.00,0.0,3.0
2014-01-27,,,,0.00,0.0,3.0
2014-01-28,,,,0.00,0.0,4.0
2014-01-29,,,,0.00,0.0,4.0
2014-01-30,,,,0.00,0.0,3.0
2014-01-31,,,,0.00,0.0,3.0
2014-02-01,,,,0.00,0.0,1.0
2014-02-02,,,,0.50,0.5,
2014-02-03,,,,0.00,0.0,
2014-02-04,,,,0.00,0.0,3.0
2014-02-05,,,,,5.5,9.0
2014-02-06,,,,0.01,0.0,9.0
2014-02-07,,,,0.00,0.0,9.0
2014-02-08,,,,0.00,0.0,9.0
2014-02-09,,,,,,6.0
2014-02-10,,,,0.25,0.0,
2014-02-11,,,,0.00,0.0,5.0
2014-02-12,,,,0.00,0.0,5.0
2014-02-13,,,,0.00,0.0,5.0
2014-02-14,,,,0.00,0.0,5.0
2014-02-15,,,,,,7.0
2014-02-16,,,,,,12.0
2014-02-17,,,,0.00,0.0,11.0
2014-02-18,,,,,,11.0
2014-02-19,,,,0.00,0.0,9.0
2014-02-20,,,,0.12,0.0,8.0
2014-02-21,,,,0.26,0.0,0.0
2014-02-22,,,,0.00,0.0,0.0
2014-02-23,,,,,,0.0
2014-02-24,,,,,,0.0
2014-02-25,,,,0.00,0.0,0.0
2014-02-26,,,,0.00,0.0,0.0
2014-02-27,,,,0.00,0.0,0.0
2014-02-28,,,,0.00,0.0,0.0
2014-03-01,,,,0.00,0.0,0.0
2014-03-02,,,,,2.7,2.0
2014-03-03,,,,0.00,0.0,2.0
2014-03-04,,,,0.00,0.0,2.0
2014-03-05,,,,0.00,0.0,
2014-03-06,,,,0.04,0.0,1.0
2014-03-07,,,,0.00,0.0,0.0
2014-03-08,,,,0.00,0.0,0.0
2014-03-09,,,,0.00,0.0,0.0
2014-03-10,,,,0.00,0.0,0.0
2014-03-11,,,,0.00,0.0,0.0
2014-03-12,,,,0.67,0.0,0.0
2014-03-13,,,,,1.2,1.0
2014-03-14,,,,0.00,0.0,0.0
2014-03-15,,,,0.00,0.0,0.0
2014-03-16,,,,0.00,0.0,0.0
2014-03-17,,,,0.00,0.0,0.0
2014-03-18,,,,0.00,0.0,0.0
2014-03-19,,,,0.09,0.0,0.0
2014-03-20,,,,0.00,0.0,0.0
2014-03-21,,,,0.01,0.0,0.0
2014-03-22,,,,0.00,0.0,0.0
2014-03-23,,,,0.00,0.0,0.0
2014-03-24,,,,0.00,0.0,0.0
2014-03-25,,,,0.00,0.0,0.0
2014-03-26,,,,0.01,0.0,0.0
2014-03-27,,,,0.00,0.0,0.0
2014-03-28,,,,0.25,0.0,0.0
2014-03-29,,,,0.02,0.0,0.0
2014-03-30,,,,0.08,0.0,0.0
2014-03-31,,,,0.00,0.0,0.0
2014-04-01,,,,0.02,0.0,0.0
2014-04-02,,,,0.01,0.0,0.0
2014-04-03,,,,0.41,0.0,0.0
2014-04-04,,,,1.85,0.0,0.0
2014-04-05,,,,0.05,0.0,0.0
2014-04-06,,,,0.01,0.0,0.0
2014-04-07,,,,0.00,0.0,0.0
2014-04-08,,,,0.77,0.0,0.0
2014-04-09,,,,0.02,0.0,0.0
2014-04-10,,,,0.00,0.0,0.0
2014-04-11,,,,0.04,0.0,0.0
2014-04-12,,,,0.00,0.0,0.0
2014-04-13,,,,0.00,0.0,0.0
2014-04-14,,,,0.08,0.0,0.0
2014-04-15,,,,0.06,0.0,0.0
2014-04-16,,,,0.07,0.0,0.0
2014-04-17,,,,0.00,0.0,0.0
2014-04-18,,,,0.00,0.0,0.0
2014-04-19,,,,0.00,0.0,0.0
2014-04-20,,,,0.00,0.0,0.0
2014-04-21,,,,0.00,0.0,0.0
2014-04-22,,,,0.03,0.0,0.0
2014-04-23,,,,0.00,0.0,0.0
2014-04-24,,,,0.00,0.0,0.0
2014-04-25,,,,0.26,0.0,0.0
2014-04-26,,,,0.08,0.0,0.0
2014-04-27,,,,0.00,0.0,0.0
2014-04-28,,,,0.02,0.0,0.0
2014-04-29,,,,0.41,0.0,0.0
2014-04-30,,,,0.00,0.0,0.0
2014-05-01,,,,0.00,0.0,0.0
2014-05-02,,,,0.01,0.0,0.0
2014-05-03,,,,0.00,0.0,0.0
2014-05-04,,,,0.00,0.0,0.0
2014-05-05,,,,0.00,0.0,0.0
2014-05-06,,,,0.00,0.0,0.0
2014-05-07,,,,0.00,0.0,0.0
2014-05-08,,,,0.00,0.0,0.0
2014-05-09,,,,0.24,0.0,0.0
2014-05-10,,,,0.05,0.0,0.0
2014-05-11,,,,0.11,0.0,0.0
2014-05-12,,,,1.96,0.0,0.0
2014-05-13,,,,0.02,0.0,0.0
2014-05-14,,,,0.06,0.0,0.0
2014-05-15,,,,0.72,0.0,0.0
2014-05-16,,,,0.30,0.0,0.0
2014-05-17,,,,0.31,0.0,0.0
2014-05-18,,,,0.03,0.0,0.0
2014-05-19,,,,0.00,0.0,0.0
2014-05-20,,,,0.00,0.0,0.0
2014-05-21,,,,0.00,0.0,0.0
2014-05-22,,,,0.00,0.0,0.0
2014-05-23,,,,0.00,0.0,0.0
2014-05-24,,,,0.00,0.0,0.0
2014-05-25,,,,0.00,0.0,0.0
2014-05-26,,,,0.00,0.0,0.0
2014-05-27,,,,0.00,0.0,0.0
2014-05-28,,,,0.00,0.0,0.0
2014-05-29,,,,0.01,0.0,0.0
2014-05-30,,,,0.00,0.0,0.0
2014-05-31,,,,0.00,0.0,0.0
2014-06-01,,,,0.00,0.0,0.0
2014-06-02,,,,0.20,0.0,0.0
2014-06-03,,,,0.07,0.0,0.0
2014-06-04,,,,0.00,0.0,0.0
2014-06-05,,,,0.61,0.0,0.0
2014-06-06,,,,0.00,0.0,0.0
2014-06-07,,,,0.00,0.0,0.0
2014-06-08,,,,1.16,0.0,0.0
2014-06-09,,,,0.06,0.0,0.0
2014-06-10,,,,0.00,0.0,0.0
2014-06-11,,,,0.68,0.0,0.0
2014-06-12,,,,0.00,0.0,0.0
2014-06-13,,,,0.00,0.0,0.0
2014-06-14,,,,0.00,0.0,0.0
2014-06-15,,,,0.00,0.0,0.0
2014-06-16,,,,0.00,0.0,0.0
2014-06-17,,,,0.02,0.0,0.0
2014-06-18,,,,0.00,0.0,0.0
2014-06-19,,,,0.43,0.0,0.0
2014-06-20,,,,0.16,0.0,0.0
2014-06-21,,,,0.00,0.0,0.0
2014-06-22,,,,0.07,0.0,0.0
2014-06-23,,,,0.00,0.0,0.0
2014-06-24,,,,0.52,0.0,0.0
2014-06-25,,,,0.25,0.0,0.0
2014-06-26,,,,0.00,0.0,0.0
2014-06-27,,,,0.00,0.0,0.0
2014-06-28,,,,0.00,0.0,0.0
2014-06-29,,,,0.00,0.0,0.0
2014-06-30,,,,0.00,0.0,0.0
2014-07-01,,,,0.66,0.0,0.0
2014-07-02,,,,0.00,0.0,0.0
2014-07-03,,,,0.00,0.0,0.0
2014-07-04,,,,0.02,0.0,0.0
2014-07-05,,,,0.00,0.0,0.0
2014-07-06,,,,0.01,0.0,0.0
2014-07-07,,,,0.04,0.0,0.0
2014-07-08,,,,0.06,0.0,0.0
2014-07-09,,,,0.65,0.0,0.0
2014-07-10,,,,0.00,0.0,0.0
2014-07-11,,,,0.00,0.0,0.0
2014-07-12,,,,0.00,0.0,0.0
2014-07-13,,,,1.04,0.0,0.0
2014-07-14,,,,0.00,0.0,0.0
2014-07-15,,,,0.77,0.0,0.0
2014-07-16,,,,0.00,0.0,0.0
2014-07-17,,,,0.00,0.0,0.0
2014-07-18,,,,0.00,0.0,0.0
2014-07-19,,,,0.00,0.0,0.0
2014-07-20,,,,0.00,0.0,0.0
2014-07-21,,,,0.00,0.0,0.0
2014-07-22,,,,0.00,0.0,0.0
2014-07-23,,,,0.08,0.0,0.0
2014-07-24,,,,0.00,0.0,0.0
2014-07-25,,,,0.00,0.0,0.0
2014-07-26,,,,0.00,0.0,0.0
2014-07-28,,,,0.13,0.0,0.0
2014-07-29,,,,0.00,0.0,0.0
2014-07-30,,,,0.81,0.0,0.0
2014-07-31,,,,0.00,0.0,0.0
2014-08-01,,,,0.00,0.0,0.0
2014-08-02,,,,0.60,0.0,0.0
2014-08-03,,,,0.01,0.0,0.0
2014-08-04,,,,0.00,0.0,0.0
2014-08-05,,,,0.00,0.0,0.0
2014-08-06,,,,0.00,0.0,0.0
2014-08-07,,,,0.00,0.0,0.0
2014-08-08,,,,0.00,0.0,0.0
2014-08-09,,,,0.00,0.0,0.0
2014-08-10,,,,0.00,0.0,0.0
2014-08-11,,,,0.49,0.0,0.0
2014-08-12,,,,0.47,0.0,0.0
2014-08-13,,,,0.02,0.0,0.0
2014-08-14,,,,0.03,0.0,0.0
2014-08-15,,,,0.00,0.0,0.0
2014-08-16,,,,0.00,0.0,0.0
2014-08-17,,,,0.37,0.0,0.0
2014-08-18,,,,0.04,0.0,0.0
2014-08-19,,,,0.00,0.0,0.0
2014-08-20,,,,0.13,0.0,0.0
2014-08-21,,,,0.01,0.0,0.0
2014-08-22,,,,0.18,0.0,0.0
2014-08-23,,,,0.06,0.0,0.0
2014-08-24,,,,1.26,0.0,0.0
2014-08-25,,,,0.00,0.0,0.0
2014-08-26,,,,0.18,0.0,0.0
2014-08-27,,,,0.00,0.0,0.0
2014-08-28,,,,0.00,0.0,0.0
2014-08-29,,,,0.00,0.0,0.0
2014-08-30,,,,0.17,0.0,0.0
2014-08-31,,,,0.25,0.0,0.0
2014-09-01,,,,0.02,0.0,0.0
2014-09-02,,,,0.20,0.0,0.0
2014-09-03,,,,0.02,0.0,0.0
2014-09-04,,,,0.00,0.0,0.0
2014-09-05,,,,0.02,0.0,0.0
2014-09-06,,,,0.76,0.0,0.0
2014-09-07,,,,0.02,0.0,0.0
2014-09-08,,,,0.00,0.0,0.0
2014-09-09,,,,0.00,0.0,0.0
2014-09-10,,,,0.10,0.0,0.0
2014-09-11,,,,0.97,0.0,0.0
2014-09-12,,,,0.02,0.0,0.0
2014-09-13,,,,0.02,0.0,0.0
2014-09-14,,,,0.00,0.0,0.0
2014-09-15,,,,0.00,0.0,0.0
2014-09-16,,,,0.42,0.0,0.0
2014-09-17,,,,0.00,0.0,0.0
2014-09-18,,,,0.00,0.0,0.0
2014-09-19,,,,0.00,0.0,0.0
2014-09-20,,,,0.00,0.0,0.0
2014-09-21,,,,2.00,0.0,0.0
2014-09-22,,,,0.00,0.0,0.0
2014-09-23,,,,0.00,0.0,0.0
2014-09-24,,,,0.00,0.0,0.0
2014-09-25,,,,0.00,0.0,0.0
2014-09-26,,,,0.00,0.0,0.0
2014-09-27,,,,0.00,0.0,0.0
2014-09-28,,,,0.00,0.0,0.0
2014-09-29,,,,0.00,0.0,0.0
2014-09-30,,,,0.00,0.0,0.0
2014-10-01,,,,0.00,0.0,0.0
2014-10-02,,,,0.00,0.0,0.0
2014-10-03,,,,2.00,0.0,0.0
2014-10-04,,,,0.32,0.0,0.0
2014-10-05,,,,0.00,0.0,0.0
2014-10-06,,,,0.00,0.0,0.0
2014-10-07,,,,0.13,0.0,0.0
2014-10-08,,,,0.00,0.0,0.0
2014-10-09,,,,0.09,0.0,0.0
2014-10-10,,,,0.35,0.0,0.0
2014-10-11,,,,0.00,0.0,0.0
2014-10-12,,,,0.00,0.0,0.0
2014-10-13,,,,0.30,0.0,0.0
2014-10-14,,,,1.01,0.0,0.0
2014-10-15,,,,0.30,0.0,0.0
2014-10-16,,,,0.06,0.0,0.0
2014-10-17,,,,0.00,0.0,0.0
2014-10-18,,,,0.00,0.0,0.0
2014-10-19,,,,0.16,0.0,0.0
2014-10-20,,,,0.00,0.0,0.0
2014-10-21,,,,0.00,0.0,0.0
2014-10-22,,,,0.00,0.0,0.0
2014-10-23,,,,0.00,0.0,0.0
2014-10-24,,,,0.02,0.0,0.0
2014-10-25,,,,0.00,0.0,0.0
2014-10-26,,,,0.00,0.0,0.0
2014-10-27,,,,0.00,0.0,0.0
2014-10-28,,,,0.00,0.0,0.0
2014-10-29,,,,0.38,0.0,0.0
2014-10-30,,,,0.00,0.0,0.0
2014-10-31,,,,0.02,0.0,0.0
2014-11-01,,,,0.01,0.0,0.0
2014-11-02,,,,0.14,0.0,0.0
2014-11-03,,,,0.00,0.0,0.0
2014-11-04,,,,0.00,0.0,0.0
2014-11-05,,,,0.50,0.0,0.0
2014-11-06,,,,0.02,0.0,0.0
2014-11-07,,,,0.02,0.0,0.0
2014-11-08,,,,0.00,0.0,0.0
2014-11-09,,,,0.00,0.0,0.0
2014-11-10,,,,0.00,0.0,0.0
2014-11-11,,,,0.00,0.0,0.0
2014-11-12,,,,0.05,0.0,0.0
2014-11-13,,,,0.00,0.0,0.0
2014-11-14,,,,0.02,0.0,0.0
2014-11-15,,,,0.00,0.0,0.0
2014-11-16,,,,0.00,0.0,0.0
2014-11-17,,,,0.15,,4.0
2014-11-18,,,,0.00,0.0,1.0
2014-11-19,,,,0.00,0.0,0.0
2014-11-20,,,,0.00,0.0,0.0
2014-11-21,,,,0.00,0.0,0.0
2014-11-22,,,,0.09,0.0,0.0
2014-11-23,,,,0.27,0.0,0.0
2014-11-24,,,,1.10,0.0,0.0
2014-11-25,,,,0.04,0.0,0.0
2014-11-26,,,,0.00,0.0,0.0
2014-11-27,,,,0.00,0.0,0.0
2014-11-28,,,,0.02,0.0,0.0
2014-11-29,,,,0.00,0.0,0.0
2014-11-30,,,,0.00,0.0,0.0
2014-12-01,,,,0.07,0.0,0.0
2014-12-02,,,,0.00,0.0,0.0
2014-12-03,,,,0.03,0.0,0.0
2014-12-04,,,,0.00,0.0,0.0
2014-12-05,,,,0.00,0.0,0.0
2014-12-06,,,,0.45,0.0,0.0
2014-12-07,,,,0.00,0.0,0.0
2014-12-08,,,,0.00,0.0,0.0
2014-12-09,,,,0.27,0.0,0.0
2014-12-10,,,,0.02,0.0,0.0
2014-12-11,,,,0.00,0.0,0.0
2014-12-12,,,,0.00,0.0,0.0
2014-12-13,,,,0.00,0.0,0.0
2014-12-14,,,,0.00,0.0,0.0
2014-12-15,,,,0.00,0.0,0.0
2014-12-16,,,,0.31,0.0,0.0
2014-12-17,,,,0.02,0.0,0.0
2014-12-18,,,,0.00,0.0,0.0
2014-12-19,,,,0.00,0.0,0.0
2014-12-20,,,,0.04,0.0,0.0
2014-12-21,,,,0.00,0.0,0.0
2014-12-22,,,,0.00,0.0,0.0
2014-12-23,,,,0.22,0.0,0.0
2014-12-24,,,,0.08,0.0,0.0
2014-12-25,,,,0.41,0.0,0.0
2014-12-26,,,,0.00,0.0,0.0
2014-12-27,,,,0.04,0.0,0.0
2014-12-28,,,,0.13,0.0,0.0
2014-12-29,,,,0.00,0.0,0.0
2014-12-30,,,,0.00,0.0,0.0
2014-12-31,,,,0.00,0.0,0.0
2015-01-01,,,,0.00,0.0,0.0
2015-01-02,,,,0.00,0.0,0.0
2015-01-03,,,,0.21,0.0,0.0
2015-01-04,,,,0.67,0.0,0.0
2015-01-05,,,,0.25,0.2,0.0
2015-01-06,,,,0.33,5.1,5.0
2015-01-07,,,,0.00,0.0,5.0
2015-01-08,,,,0.00,0.0,5.0
2015-01-09,,,,0.00,0.0,5.0
2015-01-10,,,,0.00,0.0,3.0
2015-01-11,,,,0.00,0.0,3.0
2015-01-12,,,,0.25,0.2,2.0
2015-01-13,,,,0.40,0.4,3.0
2015-01-14,,,,0.00,0.0,3.0
2015-01-15,,,,0.00,0.0,3.0
2015-01-16,,,,0.00,0.0,3.0
2015-01-17,,,,0.00,0.0,2.0
2015-01-18,,,,0.00,0.0,1.0
2015-01-19,,,,0.00,0.0,0.0
2015-01-20,,,,0.00,0.0,0.0
2015-01-21,,,,0.00,0.0,0.0
2015-01-22,,,,0.00,0.0,0.0
2015-01-23,,,,0.00,0.0,0.0
2015-01-24,,,,0.00,0.0,0.0
2015-01-25,,,,0.00,0.0,0.0
2015-01-26,,,,0.25,0.0,0.0
2015-01-27,,,,0.00,0.0,0.0
2015-01-28,,,,0.00,0.0,0.0
2015-01-29,,,,0.00,0.0,0.0
2015-01-30,,,,0.02,0.0,0.0
2015-01-31,,,,0.00,0.0,0.0
2015-02-01,,,,0.26,0.6,0.0
2015-02-02,,,,0.52,1.7,2.0
2015-02-03,,,,0.00,0.0,2.0
2015-02-04,,,,0.00,0.0,2.0
2015-02-05,,,,0.12,1.6,2.0
2015-02-06,,,,0.00,0.0,2.0
2015-02-07,,,,0.00,0.0,2.0
2015-02-08,,,,0.00,0.0,1.0
2015-02-09,,,,0.00,0.0,0.0
2015-02-10,,,,0.00,0.0,0.0
2015-02-11,,,,0.00,0.0,0.0
2015-02-12,,,,0.01,0.1,0.0
2015-02-13,,,,0.00,0.0,0.0
2015-02-14,,,,0.00,0.0,0.0
2015-02-15,,,,0.00,0.0,0.0
2015-02-16,,,,0.00,0.0,0.0
2015-02-17,,,,0.00,0.0,0.0
2015-02-18,,,,0.00,0.0,0.0
2015-02-19,,,,0.00,0.0,0.0
2015-02-20,,,,0.00,0.0,0.0
2015-02-21,,,,0.12,1.6,1.0
2015-02-22,,,,0.09,0.6,0.0
2015-02-23,,,,0.00,0.0,0.0
2015-02-24,,,,0.00,0.0,0.0
2015-02-25,,,,0.00,0.0,0.0
2015-02-26,,,,0.09,1.5,1.0
2015-02-27,,,,0.04,0.3,2.0
2015-02-28,,,,0.00,0.0,1.0
2015-03-01,,,,0.42,4.6,6.0
2015-03-02,,,,0.20,2.7,7.0
2015-03-03,,,,0.00,0.0,6.0
2015-03-04,,,,0.09,0.0,6.0
2015-03-05,,,,0.00,0.0,5.0
2015-03-06,,,,0.00,0.0,5.0
2015-03-07,,,,0.00,0.0,3.0
2015-03-08,,,,0.00,0.0,1.0
2015-03-09,,,,0.00,0.0,0.0
2015-03-10,,,,0.00,0.0,0.0
2015-03-11,,,,0.08,0.0,0.0
2015-03-12,,,,0.00,0.0,0.0
2015-03-13,,,,0.00,0.0,0.0
2015-03-14,,,,0.21,0.0,0.0
2015-03-15,,,,0.00,0.0,0.0
2015-03-16,,,,0.00,0.0,0.0
2015-03-17,,,,0.00,0.0,0.0
2015-03-18,,,,0.00,0.0,0.0
2015-03-19,,,,0.00,0.0,0.0
2015-03-20,,,,0.11,0.0,0.0
2015-03-21,,,,0.01,0.0,0.0
2015-03-22,,,,0.00,0.0,0.0
2015-03-23,,,,0.00,0.0,0.0
2015-03-24,,,,0.04,0.0,0.0
2015-03-25,,,,0.32,0.0,0.0
2015-03-26,,,,0.40,0.0,0.0
2015-03-27,,,,0.10,0.0,0.0
2015-03-28,,,,0.00,0.0,0.0
2015-03-29,,,,0.00,0.0,0.0
2015-03-30,,,,0.03,0.0,0.0
2015-03-31,,,,0.00,0.0,0.0
2015-04-01,,,,0.00,0.0,0.0
2015-04-02,,,,0.00,0.0,0.0
2015-04-03,,,,0.11,0.0,0.0
2015-04-04,,,,0.00,0.0,0.0
2015-04-05,,,,0.00,0.0,0.0
2015-04-06,,,,0.00,0.0,0.0
2015-04-07,,,,0.06,0.0,0.0
2015-04-08,,,,0.05,0.0,0.0
2015-04-09,,,,0.26,0.0,0.0
2015-04-10,,,,0.65,0.0,0.0
2015-04-11,,,,0.01,0.0,0.0
2015-04-12,,,,0.00,0.0,0.0
2015-04-13,,,,0.00,0.0,0.0
2015-04-14,,,,0.12,0.0,0.0
2015-04-15,,,,0.00,0.0,0.0
2015-04-16,,,,0.20,0.0,0.0
2015-04-17,,,,0.04,0.0,0.0
2015-04-18,,,,0.00,0.0,0.0
2015-04-19,,,,0.00,0.0,0.0
2015-04-20,,,,0.77,0.0,0.0
2015-04-21,,,,0.03,0.0,0.0
2015-04-22,,,,0.09,0.0,0.0
2015-04-23,,,,0.00,0.0,0.0
2015-04-24,,,,0.00,0.0,0.0
2015-04-25,,,,0.03,0.0,0.0
2015-04-26,,,,0.87,0.0,0.0
2015-04-27,,,,0.00,0.0,0.0
2015-04-28,,,,0.00,0.0,0.0
2015-04-29,,,,0.00,0.0,0.0
2015-04-30,,,,0.00,0.0,0.0
2015-05-01,,,,0.00,0.0,0.0
2015-05-02,,,,0.00,0.0,0.0
2015-05-03,,,,0.00,0.0,0.0
2015-05-04,,,,0.00,0.0,0.0
2015-05-05,,,,0.54,0.0,0.0
2015-05-06,,,,0.00,0.0,0.0
2015-05-07,,,,0.00,0.0,0.0
2015-05-08,,,,0.00,0.0,0.0
2015-05-09,,,,0.50,0.0,0.0
2015-05-10,,,,0.24,0.0,0.0
2015-05-11,,,,0.33,0.0,0.0
2015-05-12,,,,0.43,0.0,0.0
2015-05-13,,,,0.00,0.0,0.0
2015-05-14,,,,0.00,0.0,0.0
2015-05-15,,,,0.73,0.0,0.0
2015-05-16,,,,0.32,0.0,0.0
2015-05-17,,,,0.03,0.0,0.0
2015-05-18,,,,0.00,0.0,0.0
2015-05-19,,,,0.00,0.0,0.0
2015-05-20,,,,0.00,0.0,0.0
2015-05-21,,,,0.04,0.0,0.0
2015-05-22,,,,0.00,0.0,0.0
2015-05-23,,,,0.00,0.0,0.0
2015-05-24,,,,0.00,0.0,0.0
2015-05-25,,,,0.00,0.0,0.0
2015-05-26,,,,0.00,0.0,0.0
2015-05-27,,,,0.19,0.0,0.0
2015-05-28,,,,0.14,0.0,0.0
2015-05-29,,,,0.00,0.0,0.0
2015-05-30,,,,0.00,0.0,0.0
2015-05-31,,,,1.01,0.0,0.0
2015-06-01,,,,0.00,0.0,0.0
2015-06-02,,,,0.00,0.0,0.0
2015-06-03,,,,0.00,0.0,0.0
2015-06-04,,,,0.00,0.0,0.0
2015-06-05,,,,0.00,0.0,0.0
2015-06-06,,,,0.00,0.0,0.0
2015-06-07,,,,0.00,0.0,0.0
2015-06-08,,,,1.77,0.0,0.0
2015-06-09,,,,0.11,0.0,0.0
2015-06-10,,,,0.00,0.0,0.0
2015-06-11,,,,0.00,0.0,0.0
2015-06-12,,,,0.00,0.0,0.0
2015-06-13,,,,0.97,0.0,0.0
2015-06-14,,,,0.07,0.0,0.0
2015-06-15,,,,0.00,0.0,0.0
2015-06-16,,,,0.64,0.0,0.0
2015-06-17,,,,0.09,,0.0
2015-06-18,,,,0.72,0.0,0.0
2015-06-19,,,,0.47,0.0,0.0
2015-06-20,,,,0.06,0.0,0.0
2015-06-21,,,,1.04,0.0,0.0
2015-06-22,,,,0.00,0.0,0.0
2015-06-23,,,,0.00,0.0,0.0
2015-06-24,,,,0.00,0.0,0.0
2015-06-25,,,,0.12,0.0,0.0
2015-06-26,,,,0.53,0.0,0.0
2015-06-27,,,,1.19,0.0,0.0
2015-06-28,,,,0.02,0.0,0.0
2015-06-29,,,,0.27,0.0,0.0
2015-06-30,,,,0.08,0.0,0.0
2015-07-01,,,,0.47,0.0,0.0
2015-07-02,,,,0.00,0.0,0.0
2015-07-03,,,,0.00,0.0,0.0
2015-07-04,,,,0.00,0.0,0.0
2015-07-05,,,,0.00,0.0,0.0
2015-07-06,,,,0.00,0.0,0.0
2015-07-07,,,,0.00,0.0,0.0
2015-07-08,,,,0.00,0.0,0.0
2015-07-09,,,,0.54,0.0,0.0
2015-07-10,,,,0.03,0.0,0.0
2015-07-11,,,,0.00,0.0,0.0
2015-07-12,,,,1.12,0.0,0.0
2015-07-13,,,,0.00,0.0,0.0
2015-07-14,,,,1.21,0.0,0.0
2015-07-15,,,,0.02,0.0,0.0
2015-07-16,,,,0.00,0.0,0.0
2015-07-17,,,,0.05,0.0,0.0
2015-07-18,,,,2.00,0.0,0.0
2015-07-19,,,,0.03,0.0,0.0
2015-07-20,,,,0.40,0.0,0.0
2015-07-21,,,,0.04,0.0,0.0
2015-07-22,,,,0.00,0.0,0.0
2015-07-23,,,,0.00,0.0,0.0
2015-07-24,,,,0.00,0.0,0.0
2015-07-25,,,,0.00,0.0,0.0
2015-07-26,,,,0.02,0.0,0.0
2015-07-27,,,,0.55,0.0,0.0
2015-07-28,,,,0.02,0.0,0.0
2015-07-29,,,,0.00,0.0,0.0
2015-07-30,,,,0.00,0.0,0.0
2015-07-31,,,,0.00,0.0,0.0
2015-08-01,,,,0.00,0.0,0.0
2015-08-02,,,,0.00,0.0,0.0
2015-08-03,,,,0.04,0.0,0.0
2015-08-04,,,,0.00,0.0,0.0
2015-08-05,,,,0.00,0.0,0.0
2015-08-06,,,,0.05,0.0,0.0
2015-08-07,,,,0.03,0.0,0.0
2015-08-08,,,,0.00,0.0,0.0
2015-08-09,,,,0.00,0.0,0.0
2015-08-10,,,,0.08,0.0,0.0
2015-08-11,,,,0.22,0.0,0.0
2015-08-12,,,,0.00,0.0,0.0
2015-08-13,,,,0.00,0.0,0.0
2015-08-14,,,,0.00,0.0,0.0
2015-08-15,,,,0.30,0.0,0.0
2015-08-16,,,,0.27,0.0,0.0
2015-08-17,,,,0.00,0.0,0.0
2015-08-18,,,,0.00,0.0,0.0
2015-08-19,,,,0.27,0.0,0.0
2015-08-20,,,,0.01,0.0,0.0
2015-08-21,,,,0.00,0.0,0.0
2015-08-22,,,,0.00,0.0,0.0
2015-08-23,,,,0.00,0.0,0.0
2015-08-24,,,,0.00,0.0,0.0
2015-08-25,,,,0.00,0.0,0.0
2015-08-26,,,,0.00,0.0,0.0
2015-08-27,,,,0.00,0.0,0.0
2015-08-28,,,,0.00,0.0,0.0
2015-08-29,,,,0.00,0.0,0.0
2015-08-30,,,,0.00,0.0,0.0
2015-08-31,,,,0.00,0.0,0.0
2015-09-01,,,,0.00,0.0,0.0
2015-09-02,,,,0.00,0.0,0.0
2015-09-03,,,,0.00,0.0,0.0
2015-09-04,,,,0.00,0.0,0.0
2015-09-05,,,,0.00,0.0,0.0
2015-09-06,,,,0.03,0.0,0.0
2015-09-07,,,,0.00,0.0,0.0
2015-09-08,,,,0.00,0.0,0.0
2015-09-09,,,,0.24,0.0,0.0
2015-09-10,,,,0.00,0.0,0.0
2015-09-11,,,,0.00,0.0,0.0
2015-09-12,,,,0.17,0.0,0.0
2015-09-13,,,,0.00,0.0,0.0
2015-09-14,,,,0.00,0.0,0.0
2015-09-15,,,,0.00,0.0,0.0
2015-09-16,,,,0.00,0.0,0.0
2015-09-17,,,,0.00,0.0,0.0
2015-09-18,,,,0.00,0.0,0.0
2015-09-19,,,,2.89,0.0,0.0
2015-09-20,,,,0.03,0.0,0.0
2015-09-21,,,,0.00,0.0,0.0
2015-09-22,,,,0.00,0.0,0.0
2015-09-23,,,,0.00,0.0,0.0
2015-09-24,,,,0.00,0.0,0.0
2015-09-25,,,,0.00,0.0,0.0
2015-09-26,,,,0.00,0.0,0.0
2015-09-27,,,,0.00,0.0,0.0
2015-09-28,,,,0.00,0.0,0.0
2015-09-29,,,,0.00,0.0,0.0
2015-09-30,,,,0.07,0.0,0.0
2015-10-01,,,,0.00,0.0,0.0
2015-10-02,,,,0.00,0.0,0.0
2015-10-03,,,,0.04,0.0,0.0
2015-10-04,,,,0.05,0.0,0.0
2015-10-05,,,,0.00,0.0,0.0
2015-10-06,,,,0.00,0.0,0.0
2015-10-07,,,,0.00,0.0,0.0
2015-10-08,,,,0.00,0.0,0.0
2015-10-09,,,,0.00,0.0,0.0
2015-10-10,,,,0.00,0.0,0.0
2015-10-11,,,,0.00,0.0,0.0
2015-10-12,,,,0.00,0.0,0.0
2015-10-13,,,,0.00,0.0,0.0
2015-10-14,,,,0.00,0.0,0.0
2015-10-15,,,,0.00,0.0,0.0
2015-10-16,,,,0.00,0.0,0.0
2015-10-17,,,,0.00,0.0,0.0
2015-10-18,,,,0.00,0.0,0.0
2015-10-19,,,,0.00,0.0,0.0
2015-10-20,,,,0.00,0.0,0.0
2015-10-21,,,,0.00,0.0,0.0
2015-10-22,,,,0.00,0.0,0.0
2015-10-23,,,,0.00,0.0,0.0
2015-10-24,,,,0.06,0.0,0.0
2015-10-25,,,,0.05,0.0,0.0
2015-10-26,,,,0.00,0.0,0.0
2015-10-27,,,,0.00,0.0,0.0
2015-10-28,,,,1.29,0.0,0.0
2015-10-29,,,,0.27,0.0,0.0
2015-10-30,,,,0.04,0.0,0.0
2015-10-31,,,,0.01,0.0,0.0
2015-11-01,,,,0.13,0.0,0.0
2015-11-02,,,,0.02,0.0,0.0
2015-11-03,,,,0.03,0.0,0.0
2015-11-04,,,,0.00,0.0,0.0
2015-11-05,,,,0.00,0.0,0.0
2015-11-06,,,,0.06,0.0,0.0
2015-11-07,,,,0.00,0.0,0.0
2015-11-08,,,,0.00,0.0,0.0
2015-11-09,,,,0.00,0.0,0.0
2015-11-10,,,,0.00,0.0,0.0
2015-11-11,,,,0.00,0.0,0.0
2015-11-12,,,,0.32,0.0,0.0
2015-11-13,,,,0.00,0.0,0.0
2015-11-14,,,,0.00,0.0,0.0
2015-11-15,,,,0.00,0.0,0.0
2015-11-16,,,,0.00,0.0,0.0
2015-11-17,,,,0.08,0.0,0.0
2015-11-18,,,,0.31,0.0,0.0
2015-11-19,,,,0.28,0.0,0.0
2015-11-20,,,,0.00,0.0,0.0
2015-11-21,,,,0.00,0.0,0.0
2015-11-22,,,,0.40,1.5,2.0
2015-11-23,,,,0.00,0.0,2.0
2015-11-24,,,,0.00,0.0,0.0
2015-11-25,,,,0.00,0.0,0.0
2015-11-26,,,,0.02,0.0,0.0
2015-11-27,,,,0.06,0.0,0.0
2015-11-28,,,,1.15,0.0,0.0
2015-11-29,,,,0.03,0.0,0.0
2015-11-30,,,,0.00,0.0,0.0
2015-12-01,,,,0.07,0.0,0.0
2015-12-03,,,,0.02,0.0,0.0
2015-12-04,,,,0.02,0.0,0.0
2015-12-05,,,,0.00,0.0,0.0
2015-12-06,,,,0.00,0.0,0.0
2015-12-07,,,,0.00,0.0,0.0
2015-12-08,,,,0.00,0.0,0.0
2015-12-09,,,,0.00,0.0,0.0
2015-12-10,,,,0.00,0.0,0.0
2015-12-11,,,,0.00,0.0,0.0
2015-12-12,,,,0.00,0.0,0.0
2015-12-13,,,,0.00,0.0,0.0
2015-12-14,,,,0.24,0.0,0.0
2015-12-15,,,,0.10,0.0,0.0
2015-12-16,,,,0.02,0.0,0.0
2015-12-17,,,,0.07,0.0,0.0
2015-12-18,,,,0.00,0.0,0.0
2015-12-19,,,,0.00,0.0,0.0
2015-12-20,,,,0.00,0.0,0.0
2015-12-21,,,,0.61,0.0,0.0
2015-12-22,,,,0.24,0.0,0.0
2015-12-23,,,,0.02,0.0,0.0
2015-12-24,,,,0.86,0.0,0.0
2015-12-25,,,,0.02,0.0,0.0
2015-12-26,,,,0.00,0.0,0.0
2015-12-27,,,,2.30,0.0,0.0
2015-12-28,,,,0.11,0.0,0.0
2015-12-29,,,,2.17,0.0,0.0
2015-12-30,,,,0.02,0.0,0.0
2015-12-31,,,,0.00,0.0,0.0
2016-01-01,,,,0.00,0.0,0.0
2016-01-02,,,,0.00,0.0,0.0
2016-01-03,,,,0.00,0.0,0.0
2016-01-04,,,,0.00,0.0,0.0
2016-01-05,,,,0.00,0.0,0.0
2016-01-06,,,,0.00,0.0,0.0
2016-01-07,,,,0.00,0.0,0.0
2016-01-08,,,,0.03,0.0,0.0
2016-01-09,,,,0.21,0.0,0.0
2016-01-10,,,,0.58,0.0,0.0
2016-01-11,,,,0.00,0.0,0.0
2016-01-12,,,,0.03,1.0,1.0
2016-01-13,,,,0.05,1.0,3.0
2016-01-14,,,,0.00,0.0,0.0
2016-01-15,,,,0.00,0.0,0.0
2016-01-16,,,,0.00,0.0,0.0
2016-01-17,,,,0.13,0.0,0.0
2016-01-18,,,,0.00,0.0,0.0
2016-01-19,,,,0.00,0.0,0.0
2016-01-20,,,,0.14,2.6,2.0
2016-01-21,,,,0.00,0.0,1.0
2016-01-22,,,,0.00,0.0,1.0
2016-01-23,,,,0.00,0.0,1.0
2016-01-24,,,,0.00,0.0,0.0
2016-01-25,,,,0.00,0.0,0.0
2016-01-26,,,,0.00,0.0,0.0
2016-01-27,,,,0.00,0.0,0.0
2016-01-28,,,,0.00,0.0,0.0
2016-01-29,,,,0.00,0.0,0.0
2016-01-30,,,,0.00,0.0,0.0
2016-01-31,,,,0.00,0.0,0.0
2016-02-01,,,,0.00,0.0,0.0
2016-02-02,,,,0.00,0.0,0.0
2016-02-03,,,,0.27,0.0,0.0
2016-02-04,,,,0.00,0.0,0.0
2016-02-05,,,,0.00,0.0,0.0
2016-02-06,,,,0.00,0.0,0.0
2016-02-07,,,,0.00,0.0,0.0
2016-02-08,,,,0.00,0.0,0.0
2016-02-09,,,,0.00,0.0,0.0
2016-02-10,,,,0.03,0.0,0.0
2016-02-11,,,,0.00,0.0,0.0
2016-02-12,,,,0.00,0.0,0.0
2016-02-13,,,,0.00,0.0,0.0
2016-02-14,,,,0.00,0.0,0.0
2016-02-15,,,,0.09,1.9,1.0
2016-02-16,,,,0.00,0.0,0.0
2016-02-17,,,,0.01,0.0,0.0
2016-02-18,,,,0.00,0.0,0.0
2016-02-19,,,,0.00,0.0,0.0
2016-02-20,,,,0.00,0.0,0.0
2016-02-21,,,,0.00,0.0,0.0
2016-02-22,,,,0.00,0.0,0.0
2016-02-23,,,,0.00,0.0,0.0
2016-02-24,,,,0.07,0.0,0.0
2016-02-25,,,,1.25,4.0,4.0
2016-02-26,,,,0.00,0.0,4.0
2016-02-27,,,,0.00,0.0,0.0
2016-02-28,,,,0.00,0.0,0.0
2016-02-29,,,,0.18,0.0,0.0
2016-03-01,,,,0.00,0.0,0.0
2016-03-02,,,,0.13,0.0,0.0
2016-03-03,,,,2.50,1.5,1.0
2016-03-04,,,,0.39,0.5,1.0
2016-03-05,,,,0.00,0.0,0.0
2016-03-06,,,,0.00,0.0,0.0
2016-03-07,,,,0.00,0.0,0.0
2016-03-08,,,,0.02,0.0,0.0
2016-03-09,,,,0.03,0.0,0.0
2016-03-10,,,,0.25,0.0,0.0
2016-03-11,,,,0.42,0.0,0.0
2016-03-12,,,,0.00,0.0,0.0
2016-03-13,,,,0.20,0.0,0.0
2016-03-14,,,,0.79,0.0,0.0
2016-03-15,,,,0.23,0.0,0.0
2016-03-16,,,,0.06,0.0,0.0
2016-03-17,,,,0.00,0.0,0.0
2016-03-18,,,,0.00,0.0,0.0
2016-03-19,,,,0.00,0.0,0.0
2016-03-20,,,,0.00,0.0,0.0
2016-03-21,,,,0.00,0.0,0.0
2016-03-22,,,,0.00,0.0,0.0
2016-03-23,,,,0.00,0.0,0.0
2016-03-24,,,,0.00,0.0,0.0
2016-03-25,,,,0.64,0.0,0.0
2016-03-26,,,,0.00,0.0,0.0
2016-03-27,,,,0.00,0.0,0.0
2016-03-28,,,,0.39,0.0,0.0
2016-03-29,,,,0.00,0.0,0.0
2016-03-30,,,,0.00,0.0,0.0
2016-03-31,,,,0.81,0.0,0.0
2016-04-01,,,,0.93,0.0,0.0
2016-04-02,,,,0.02,0.0,0.0
2016-04-03,,,,0.00,0.0,0.0
2016-04-04,,,,0.00,0.0,0.0
2016-04-05,,,,0.00,0.0,0.0
2016-04-06,,,,0.00,0.0,0.0
2016-04-07,,,,0.70,0.0,0.0
2016-04-08,,,,0.05,0.0,0.0
2016-04-09,,,,0.06,0.0,0.0
2016-04-10,,,,0.00,0.0,0.0
2016-04-11,,,,0.52,0.0,0.0
2016-04-12,,,,0.00,0.0,0.0
2016-04-13,,,,0.00,0.0,0.0
2016-04-14,,,,0.00,0.0,0.0
2016-04-15,,,,0.00,0.0,0.0
2016-04-16,,,,0.00,0.0,0.0
2016-04-17,,,,0.00,0.0,0.0
2016-04-18,,,,0.00,0.0,0.0
2016-04-19,,,,0.00,0.0,0.0
2016-04-20,,,,0.00,0.0,0.0
2016-04-21,,,,0.20,0.0,0.0
2016-04-22,,,,0.62,0.0,0.0
2016-04-23,,,,0.01,0.0,0.0
2016-04-24,,,,0.00,0.0,0.0
2016-04-25,,,,0.00,0.0,0.0
2016-04-26,,,,0.00,0.0,0.0
2016-04-27,,,,0.00,0.0,0.0
2016-04-28,,,,0.40,0.0,0.0
2016-04-29,,,,0.04,0.0,0.0
2016-04-30,,,,0.00,0.0,0.0
2016-05-01,,,,0.65,0.0,0.0
2016-05-02,,,,0.07,0.0,0.0
2016-05-03,,,,0.00,0.0,0.0
2016-05-04,,,,0.02,0.0,0.0
2016-05-05,,,,0.18,0.0,0.0
2016-05-06,,,,0.14,0.0,0.0
2016-05-07,,,,0.00,0.0,0.0
2016-05-08,,,,0.00,0.0,0.0
2016-05-09,,,,0.00,0.0,0.0
2016-05-10,,,,0.40,0.0,0.0
2016-05-11,,,,0.28,0.0,0.0
2016-05-12,,,,0.02,0.0,0.0
2016-05-13,,,,0.13,0.0,0.0
2016-05-14,,,,0.23,0.0,0.0
2016-05-15,,,,0.24,0.0,0.0
2016-05-16,,,,0.00,0.0,0.0
2016-05-17,,,,0.01,0.0,0.0
2016-05-18,,,,0.03,0.0,0.0
2016-05-19,,,,0.00,0.0,0.0
2016-05-20,,,,0.00,0.0,0.0
2016-05-22,,,,0.16,0.0,0.0
2016-05-23,,,,0.00,0.0,0.0
2016-05-24,,,,0.00,0.0,0.0
2016-05-25,,,,0.00,0.0,0.0
2016-05-26,,,,0.00,0.0,0.0
2016-05-27,,,,0.16,0.0,0.0
2016-05-28,,,,0.09,0.0,0.0
2016-05-29,,,,0.00,0.0,0.0
2016-05-30,,,,0.00,0.0,0.0
2016-05-31,,,,0.00,0.0,0.0
2016-06-01,,,,0.00,0.0,0.0
2016-06-02,,,,0.02,0.0,0.0
2016-06-03,,,,0.00,0.0,0.0
2016-06-04,,,,0.00,0.0,0.0
2016-06-05,,,,1.77,0.0,0.0
2016-06-06,,,,0.00,0.0,0.0
2016-06-07,,,,0.00,0.0,0.0
2016-06-08,,,,0.00,0.0,0.0
2016-06-09,,,,0.00,0.0,0.0
2016-06-10,,,,0.00,0.0,0.0
2016-06-11,,,,0.00,0.0,0.0
2016-06-12,,,,0.00,0.0,0.0
2016-06-13,,,,0.00,0.0,0.0
2016-06-14,,,,0.00,0.0,0.0
2016-06-15,,,,0.12,0.0,0.0
2016-06-16,,,,0.12,0.0,0.0
2016-06-17,,,,0.00,0.0,0.0
2016-06-18,,,,0.00,0.0,0.0
2016-06-19,,,,0.00,0.0,0.0
2016-06-20,,,,0.00,0.0,0.0
2016-06-21,,,,0.60,0.0,0.0
2016-06-22,,,,0.00,0.0,0.0
2016-06-23,,,,2.60,0.0,0.0
2016-06-24,,,,0.00,0.0,0.0
2016-06-25,,,,0.00,0.0,0.0
2016-06-26,,,,0.00,0.0,0.0
2016-06-27,,,,0.56,0.0,0.0
2016-06-28,,,,0.00,0.0,0.0
2016-06-29,,,,0.00,0.0,0.0
2016-06-30,,,,0.00,0.0,0.0
2016-07-01,,,,0.26,0.0,0.0
2016-07-02,,,,0.00,0.0,0.0
2016-07-03,,,,0.00,0.0,0.0
2016-07-04,,,,0.42,0.0,0.0
2016-07-05,,,,0.00,0.0,0.0
2016-07-06,,,,0.00,0.0,0.0
2016-07-07,,,,0.77,0.0,0.0
2016-07-08,,,,0.02,0.0,0.0
2016-07-09,,,,0.00,0.0,0.0
2016-07-10,,,,0.00,0.0,0.0
2016-07-11,,,,0.00,0.0,0.0
2016-07-12,,,,0.00,0.0,0.0
2016-07-13,,,,0.14,0.0,0.0
2016-07-14,,,,0.25,0.0,0.0
2016-07-15,,,,0.00,0.0,0.0
2016-07-16,,,,0.00,0.0,0.0
2016-07-17,,,,0.00,0.0,0.0
2016-07-18,,,,2.05,0.0,0.0
2016-07-19,,,,0.00,0.0,0.0
2016-07-20,,,,0.00,0.0,0.0
2016-07-21,,,,0.00,0.0,0.0
2016-07-22,,,,0.10,0.0,0.0
2016-07-23,,,,0.00,0.0,0.0
2016-07-24,,,,0.00,0.0,0.0
2016-07-25,,,,0.16,0.0,0.0
2016-07-26,,,,0.00,0.0,0.0
2016-07-27,,,,0.00,0.0,0.0
2016-07-28,,,,0.00,0.0,0.0
2016-07-29,,,,0.00,0.0,0.0
2016-07-30,,,,0.00,0.0,0.0
2016-07-31,,,,0.02,0.0,0.0
2016-08-01,,,,0.00,0.0,0.0
2016-08-02,,,,0.00,0.0,0.0
2016-08-03,,,,0.00,0.0,0.0
2016-08-04,,,,0.00,0.0,0.0
2016-08-05,,,,0.00,0.0,0.0
2016-08-06,,,,0.00,0.0,0.0
2016-08-07,,,,0.00,0.0,0.0
2016-08-08,,,,0.00,0.0,0.0
2016-08-09,,,,0.00,0.0,0.0
2016-08-10,,,,0.00,0.0,0.0
2016-08-11,,,,0.00,0.0,0.0
2016-08-12,,,,0.00,0.0,0.0
2016-08-13,,,,0.00,0.0,0.0
2016-08-14,,,,0.06,0.0,0.0
2016-08-15,,,,0.00,0.0,0.0
2016-08-16,,,,2.00,0.0,0.0
2016-08-17,,,,0.00,0.0,0.0
2016-08-18,,,,0.11,0.0,0.0
2016-08-19,,,,0.03,0.0,0.0
2016-08-20,,,,0.00,0.0,0.0
2016-08-21,,,,0.31,0.0,0.0
2016-08-22,,,,0.00,0.0,0.0
2016-08-23,,,,0.00,0.0,0.0
2016-08-24,,,,0.00,0.0,0.0
2016-08-25,,,,0.00,0.0,0.0
2016-08-26,,,,0.00,0.0,0.0
2016-08-27,,,,0.15,0.0,0.0
2016-08-28,,,,0.10,0.0,0.0
2016-08-29,,,,0.56,0.0,0.0
2016-08-30,,,,0.00,0.0,0.0
2016-08-31,,,,0.00,0.0,0.0
2016-09-01,,,,0.00,0.0,0.0
2016-09-02,,,,0.00,0.0,0.0
2016-09-03,,,,0.00,0.0,0.0
2016-09-04,,,,0.00,0.0,0.0
2016-09-05,,,,0.00,0.0,0.0
2016-09-06,,,,0.00,0.0,0.0
2016-09-07,,,,0.00,0.0,0.0
2016-09-08,,,,0.06,0.0,0.0
2016-09-09,,,,1.18,0.0,0.0
2016-09-10,,,,0.71,0.0,0.0
2016-09-11,,,,0.35,0.0,0.0
2016-09-12,,,,0.00,0.0,0.0
2016-09-13,,,,0.00,0.0,0.0
2016-09-14,,,,0.00,0.0,0.0
2016-09-15,,,,0.00,0.0,0.0
2016-09-16,,,,0.00,0.0,0.0
2016-09-17,,,,0.21,0.0,0.0
2016-09-18,,,,0.36,0.0,0.0
2016-09-19,,,,0.00,0.0,0.0
2016-09-20,,,,0.00,0.0,0.0
2016-09-21,,,,0.00,0.0,0.0
2016-09-22,,,,0.00,0.0,0.0
2016-09-23,,,,0.00,0.0,0.0
2016-09-24,,,,0.00,0.0,0.0
2016-09-25,,,,0.00,0.0,0.0
2016-09-26,,,,0.31,0.0,0.0
2016-09-27,,,,0.00,0.0,0.0
2016-09-28,,,,0.00,0.0,0.0
2016-09-29,,,,0.08,0.0,0.0
2016-09-30,,,,0.11,0.0,0.0
2016-10-01,,,,0.01,0.0,0.0
2016-10-02,,,,0.10,0.0,0.0
2016-10-03,,,,0.00,0.0,0.0
2016-10-04,,,,0.00,0.0,0.0
2016-10-05,,,,0.00,0.0,0.0
2016-10-06,,,,0.00,0.0,0.0
2016-10-07,,,,0.00,0.0,0.0
2016-10-08,,,,0.00,0.0,0.0
2016-10-09,,,,0.00,0.0,0.0
2016-10-10,,,,0.00,0.0,0.0
2016-10-11,,,,0.00,0.0,0.0
2016-10-12,,,,0.00,0.0,0.0
2016-10-13,,,,0.15,0.0,0.0
2016-10-14,,,,0.00,0.0,0.0
2016-10-15,,,,0.00,0.0,0.0
2016-10-16,,,,0.00,0.0,0.0
2016-10-17,,,,0.22,0.0,0.0
2016-10-18,,,,0.00,0.0,0.0
2016-10-19,,,,0.00,0.0,0.0
2016-10-20,,,,0.45,0.0,0.0
2016-10-21,,,,0.36,0.0,0.0
2016-10-22,,,,0.00,0.0,0.0
2016-10-23,,,,0.00,0.0,0.0
2016-10-26,,,,0.04,0.0,0.0
2016-10-27,,,,0.10,0.0,0.0
2016-10-28,,,,0.03,0.0,0.0
2016-10-29,,,,0.00,0.0,0.0
2016-10-30,,,,0.00,0.0,0.0
2016-10-31,,,,0.00,0.0,0.0
2016-11-01,,,,0.00,0.0,0.0
2016-11-02,,,,0.00,0.0,0.0
2016-11-03,,,,0.25,0.0,0.0
2016-11-04,,,,0.03,0.0,0.0
2016-11-05,,,,0.00,0.0,0.0
2016-11-06,,,,0.00,0.0,0.0
2016-11-07,,,,0.00,0.0,0.0
2016-11-08,,,,0.00,0.0,0.0
2016-11-09,,,,0.37,0.0,0.0
2016-11-10,,,,0.00,0.0,0.0
2016-11-11,,,,0.00,0.0,0.0
2016-11-12,,,,0.00,0.0,0.0
2016-11-13,,,,0.00,0.0,0.0
2016-11-14,,,,0.00,0.0,0.0
2016-11-15,,,,0.00,0.0,0.0
2016-11-16,,,,0.00,0.0,0.0
2016-11-17,,,,0.00,0.0,0.0
2016-11-18,,,,0.00,0.0,0.0
2016-11-19,,,,0.40,0.0,0.0
2016-11-20,,,,0.01,0.0,0.0
2016-11-21,,,,0.00,0.0,0.0
2016-11-22,,,,0.00,0.0,0.0
2016-11-23,,,,0.18,0.0,0.0
2016-11-24,,,,0.78,0.0,0.0
2016-11-25,,,,0.02,0.0,0.0
2016-11-26,,,,0.00,0.0,0.0
2016-11-27,,,,0.00,0.0,0.0
2016-11-28,,,,0.11,0.0,0.0
2016-11-29,,,,0.65,0.0,0.0
2016-11-30,,,,0.00,0.0,0.0
2016-12-01,,,,0.00,0.0,0.0
2016-12-02,,,,0.00,0.0,0.0
2016-12-03,,,,0.00,0.0,0.0
2016-12-04,,,,0.00,0.0,0.0
2016-12-05,,,,0.41,0.0,0.0
2016-12-06,,,,0.00,0.0,0.0
2016-12-07,,,,0.00,0.0,0.0
2016-12-08,,,,0.00,0.0,0.0
2016-12-09,,,,0.02,0.0,0.0
2016-12-10,,,,0.00,0.0,0.0
2016-12-13,,,,0.00,0.0,0.0
2016-12-14,,,,0.06,0.4,0.0
2016-12-15,,,,0.00,0.0,0.0
2016-12-16,,,,0.00,0.0,0.0
2016-12-17,,,,0.01,0.0,0.0
2016-12-18,,,,0.14,0.2,0.0
2016-12-19,,,,0.00,0.0,0.0
2016-12-20,,,,0.00,0.0,0.0
2016-12-21,,,,0.00,0.0,0.0
2016-12-22,,,,0.00,0.0,0.0
2016-12-23,,,,0.00,0.0,0.0
2016-12-25,,,,0.00,0.0,0.0
2016-12-26,,,,0.11,0.0,0.0
2016-12-27,,,,0.75,0.0,0.0
2016-12-28,,,,0.00,0.0,0.0
2016-12-29,,,,0.05,0.0,0.0
2016-12-30,,,,0.02,0.0,0.0
2016-12-31,,,,0.00,0.0,0.0
2017-01-01,,,,0.00,0.0,0.0
2017-01-02,,,,0.00,0.0,0.0
2017-01-03,,,,0.12,0.0,0.0
2017-01-04,,,,0.42,0.0,0.0
2017-01-05,,,,0.00,0.0,0.0
2017-01-06,,,,0.50,0.5,0.0
2017-01-07,,,,0.00,0.0,0.0
2017-01-08,,,,0.00,0.0,0.0
2017-01-09,,,,0.00,0.0,0.0
2017-01-10,,,,0.00,0.0,0.0
2017-01-11,,,,0.24,0.0,0.0
2017-01-12,,,,0.37,0.0,0.0
2017-01-13,,,,0.51,0.0,0.0
2017-01-14,,,,0.00,0.0,0.0
2017-01-15,,,,0.00,0.0,0.0
2017-01-16,,,,0.19,0.0,0.0
2017-01-17,,,,0.81,0.0,0.0
2017-01-18,,,,0.03,0.0,0.0
2017-01-19,,,,0.00,0.0,0.0
2017-01-20,,,,1.15,0.0,0.0
2017-01-21,,,,0.07,0.0,0.0
2017-01-22,,,,0.39,0.0,0.0
2017-01-23,,,,0.00,0.0,0.0
2017-01-24,,,,0.00,0.0,0.0
2017-01-25,,,,0.00,0.0,0.0
2017-01-26,,,,0.04,0.0,0.0
2017-01-27,,,,0.06,0.0,0.0
2017-01-28,,,,0.00,0.0,0.0
2017-01-29,,,,0.00,0.0,0.0
2017-01-30,,,,0.02,0.0,0.0
2017-01-31,,,,0.00,0.0,0.0
2017-02-01,,,,0.00,0.0,0.0
2017-02-02,,,,0.00,0.0,0.0
2017-02-03,,,,0.00,0.0,0.0
2017-02-04,,,,0.00,0.0,0.0
2017-02-05,,,,0.00,0.0,0.0
2017-02-06,,,,0.00,0.0,0.0
2017-02-07,,,,0.47,0.0,0.0
2017-02-08,,,,0.23,0.0,0.0
2017-02-09,,,,,3.0,3.0
2017-02-10,,,,0.00,0.0,2.0
2017-02-11,,,,0.00,0.0,0.0
2017-02-12,,,,0.07,0.0,0.0
2017-02-13,,,,0.00,0.0,0.0
2017-02-14,,,,0.00,0.0,0.0
2017-02-15,,,,0.00,0.0,0.0
2017-02-16,,,,0.00,0.0,0.0
2017-02-17,,,,0.00,0.0,0.0
2017-02-18,,,,0.00,0.0,0.0
2017-02-19,,,,0.00,0.0,0.0
2017-02-20,,,,0.00,0.0,0.0
2017-02-21,,,,0.00,0.0,0.0
2017-02-22,,,,0.00,0.0,0.0
2017-02-23,,,,0.00,0.0,0.0
2017-02-24,,,,0.00,0.0,0.0
2017-02-25,,,,0.04,0.0,0.0
2017-02-26,,,,0.07,0.0,0.0
2017-02-27,,,,0.00,0.0,0.0
2017-02-28,,,,0.12,0.0,0.0
2017-03-01,,,,0.43,0.0,0.0
2017-03-02,,,,0.07,0.0,0.0
2017-03-03,,,,0.00,0.0,0.0
2017-03-04,,,,0.00,0.0,0.0
2017-03-05,,,,0.00,0.0,0.0
2017-03-06,,,,0.00,0.0,0.0
2017-03-07,,,,0.57,0.0,0.0
2017-03-08,,,,0.07,0.0,0.0
2017-03-09,,,,0.00,0.0,0.0
2017-03-10,,,,0.00,0.0,0.0
2017-03-11,,,,0.00,0.0,0.0
2017-03-12,,,,0.00,0.0,0.0
2017-03-13,,,,0.00,0.0,0.0
2017-03-14,,,,0.16,2.0,2.0
2017-03-15,,,,0.04,0.0,0.0
2017-03-16,,,,0.00,0.0,0.0
2017-03-17,,,,0.02,0.0,0.0
2017-03-18,,,,0.11,0.0,0.0
2017-03-19,,,,0.00,0.0,0.0
2017-03-20,,,,0.00,0.0,0.0
2017-03-21,,,,0.58,0.0,0.0
2017-03-22,,,,0.02,0.0,0.0
2017-03-23,,,,0.01,0.0,0.0
2017-03-24,,,,0.00,0.0,0.0
2017-03-25,,,,0.00,0.0,0.0
2017-03-26,,,,0.40,0.0,0.0
2017-03-27,,,,0.37,0.0,0.0
2017-03-28,,,,0.15,0.0,0.0
2017-03-29,,,,0.02,0.0,0.0
2017-03-30,,,,0.02,0.0,0.0
2017-03-31,,,,0.75,0.0,0.0
2017-04-01,,,,0.01,0.0,0.0
2017-04-02,,,,0.00,0.0,0.0
2017-04-03,,,,0.00,0.0,0.0
2017-04-04,,,,0.03,0.0,0.0
2017-04-05,,,,0.10,0.0,0.0
2017-04-06,,,,1.36,0.0,0.0
2017-04-07,,,,0.20,0.0,0.0
2017-04-08,,,,0.01,0.0,0.0
2017-04-09,,,,0.00,0.0,0.0
2017-04-10,,,,0.00,0.0,0.0
2017-04-11,,,,0.41,0.0,0.0
2017-04-12,,,,0.00,0.0,0.0
2017-04-13,,,,0.00,0.0,0.0
2017-04-14,,,,0.03,0.0,0.0
2017-04-15,,,,0.10,0.0,0.0
2017-04-16,,,,0.00,0.0,0.0
2017-04-17,,,,0.22,0.0,0.0
2017-04-18,,,,0.00,0.0,0.0
2017-04-19,,,,0.00,0.0,0.0
2017-04-20,,,,0.00,0.0,0.0
2017-04-21,,,,0.60,0.0,0.0
2017-04-22,,,,0.01,0.0,0.0
2017-04-23,,,,0.00,0.0,0.0
2017-04-24,,,,0.00,0.0,0.0
2017-04-25,,,,0.00,0.0,0.0
2017-04-26,,,,0.00,0.0,0.0
2017-04-27,,,,0.26,0.0,0.0
2017-04-28,,,,0.00,0.0,0.0
2017-04-29,,,,0.41,0.0,0.0
2017-04-30,,,,1.27,0.0,0.0
2017-05-01,,,,0.64,0.0,0.0
2017-05-02,,,,0.02,0.0,0.0
2017-05-03,,,,0.00,0.0,0.0
2017-05-04,,,,0.71,0.0,0.0
2017-05-05,,,,1.17,0.0,0.0
2017-05-06,,,,0.01,0.0,0.0
2017-05-07,,,,0.06,0.0,0.0
2017-05-08,,,,0.00,0.0,0.0
2017-05-09,,,,1.50,0.0,0.0
2017-05-10,,,,0.40,0.0,0.0
2017-05-11,,,,0.48,0.0,0.0
2017-05-12,,,,0.00,0.0,0.0
2017-05-13,,,,0.00,0.0,0.0
2017-05-14,,,,0.00,0.0,0.0
2017-05-15,,,,0.00,0.0,0.0
2017-05-16,,,,0.00,0.0,0.0
2017-05-17,,,,0.00,0.0,0.0
2017-05-18,,,,0.00,0.0,0.0
2017-05-19,,,,0.00,0.0,0.0
2017-05-20,,,,0.77,0.0,0.0
2017-05-21,,,,1.42,0.0,0.0
2017-05-22,,,,0.00,0.0,0.0
2017-05-23,,,,0.00,0.0,0.0
2017-05-24,,,,0.00,0.0,0.0
2017-05-25,,,,0.20,0.0,0.0
2017-05-26,,,,0.03,0.0,0.0
2017-05-27,,,,0.18,0.0,0.0
2017-05-28,,,,0.00,0.0,0.0
2017-05-29,,,,0.35,0.0,0.0
2017-05-30,,,,0.04,0.0,0.0
2017-05-31,,,,0.00,0.0,0.0
2017-06-01,,,,0.00,0.0,0.0
2017-06-02,,,,0.00,0.0,0.0
2017-06-03,,,,0.00,0.0,0.0
2017-06-04,,,,0.00,0.0,0.0
2017-06-05,,,,0.00,0.0,0.0
2017-06-06,,,,0.00,0.0,0.0
2017-06-07,,,,0.00,0.0,0.0
2017-06-08,,,,0.00,0.0,0.0
2017-06-09,,,,0.00,0.0,0.0
2017-06-10,,,,0.00,0.0,0.0
2017-06-11,,,,0.00,0.0,0.0
2017-06-12,,,,0.00,0.0,0.0
2017-06-13,,,,0.00,0.0,0.0
2017-06-14,,,,0.81,0.0,0.0
2017-06-15,,,,0.76,0.0,0.0
2017-06-16,,,,0.00,0.0,0.0
2017-06-17,,,,0.15,0.0,0.0
2017-06-18,,,,0.37,0.0,0.0
2017-06-19,,,,0.00,0.0,0.0
2017-06-20,,,,0.00,0.0,0.0
2017-06-21,,,,0.13,0.0,0.0
2017-06-22,,,,0.00,0.0,0.0
2017-06-23,,,,0.97,0.0,0.0
2017-06-24,,,,0.43,0.0,0.0
2017-06-25,,,,0.00,0.0,0.0
2017-06-26,,,,0.00,0.0,0.0
2017-06-27,,,,0.11,0.0,0.0
2017-06-28,,,,0.00,0.0,0.0
2017-06-29,,,,0.00,0.0,0.0
2017-06-30,,,,1.50,0.0,0.0
2017-07-01,,,,0.79,0.0,0.0
2017-07-02,,,,0.72,0.0,0.0
2017-07-03,,,,0.00,0.0,0.0
2017-07-04,,,,0.00,0.0,0.0
2017-07-05,,,,0.00,0.0,0.0
2017-07-06,,,,0.00,0.0,0.0
2017-07-07,,,,0.00,0.0,0.0
2017-07-08,,,,0.50,0.0,0.0
2017-07-09,,,,0.00,0.0,0.0
2017-07-10,,,,0.00,0.0,0.0
2017-07-11,,,,0.41,0.0,0.0
2017-07-12,,,,2.04,0.0,0.0
2017-07-13,,,,1.50,0.0,0.0
2017-07-14,,,,0.14,0.0,0.0
2017-07-15,,,,0.00,0.0,0.0
2017-07-16,,,,0.00,0.0,0.0
2017-07-17,,,,0.00,0.0,0.0
2017-07-18,,,,0.00,0.0,0.0
2017-07-19,,,,0.00,0.0,0.0
2017-07-20,,,,0.60,0.0,0.0
2017-07-21,,,,1.47,0.0,0.0
2017-07-22,,,,1.00,0.0,0.0
2017-07-23,,,,0.03,0.0,0.0
2017-07-24,,,,0.00,0.0,0.0
2017-07-25,,,,0.00,0.0,0.0
2017-07-26,,,,0.00,0.0,0.0
2017-07-27,,,,0.03,0.0,0.0
2017-07-28,,,,0.03,0.0,0.0
2017-07-29,,,,0.00,0.0,0.0
2017-07-30,,,,0.00,0.0,0.0
2017-07-31,,,,0.00,0.0,0.0
2017-08-01,,,,0.00,0.0,0.0
2017-08-02,,,,0.11,0.0,0.0
2017-08-03,,,,0.00,0.0,0.0
2017-08-04,,,,0.94,0.0,0.0
2017-08-05,,,,0.00,0.0,0.0
2017-08-06,,,,0.00,0.0,0.0
2017-08-07,,,,0.00,0.0,0.0
2017-08-08,,,,0.00,0.0,0.0
2017-08-09,,,,0.00,0.0,0.0
2017-08-10,,,,0.00,0.0,0.0
2017-08-11,,,,0.00,0.0,0.0
2017-08-12,,,,0.00,0.0,0.0
2017-08-13,,,,0.00,0.0,0.0
2017-08-14,,,,0.00,0.0,0.0
2017-08-15,,,,0.00,0.0,0.0
2017-08-16,,,,0.00,0.0,0.0
2017-08-17,,,,0.00,0.0,0.0
2017-08-18,,,,0.07,0.0,0.0
2017-08-19,,,,0.02,0.0,0.0
2017-08-20,,,,0.00,0.0,0.0
2017-08-21,,,,0.88,0.0,0.0
2017-08-22,,,,1.12,0.0,0.0
2017-08-23,,,,0.02,0.0,0.0
2017-08-24,,,,0.00,0.0,0.0
2017-08-25,,,,0.00,0.0,0.0
2017-08-26,,,,0.00,0.0,0.0
2017-08-27,,,,0.00,0.0,0.0
2017-08-28,,,,0.09,0.0,0.0
2017-08-29,,,,0.31,0.0,0.0
2017-08-30,,,,0.00,0.0,0.0
2017-08-31,,,,0.00,0.0,0.0
2017-09-01,,,,0.00,0.0,0.0
2017-09-02,,,,0.00,0.0,0.0
2017-09-03,,,,0.00,0.0,0.0
2017-09-04,,,,0.00,0.0,0.0
2017-09-05,,,,0.14,0.0,0.0
2017-09-06,,,,0.02,0.0,0.0
2017-09-07,,,,0.00,0.0,0.0
2017-09-08,,,,0.00,0.0,0.0
2017-09-09,,,,0.00,0.0,0.0
2017-09-10,,,,0.00,0.0,0.0
2017-09-11,,,,0.00,0.0,0.0
2017-09-12,,,,0.00,0.0,0.0
2017-09-13,,,,0.00,0.0,0.0
2017-09-14,,,,0.00,0.0,0.0
2017-09-15,,,,0.00,0.0,0.0
2017-09-16,,,,0.00,0.0,0.0
2017-09-17,,,,0.00,0.0,0.0
2017-09-18,,,,0.38,0.0,0.0
2017-09-19,,,,1.04,0.0,0.0
2017-09-20,,,,0.03,0.0,0.0
2017-09-21,,,,0.00,0.0,0.0
2017-09-22,,,,0.00,0.0,0.0
2017-09-23,,,,0.00,0.0,0.0
2017-09-24,,,,0.00,0.0,0.0
2017-09-25,,,,0.00,0.0,0.0
2017-09-26,,,,0.00,0.0,0.0
2017-09-27,,,,0.00,0.0,0.0
2017-09-28,,,,0.00,0.0,0.0
2017-09-29,,,,0.00,0.0,0.0
2017-09-30,,,,0.00,0.0,0.0
2017-10-01,,,,0.00,0.0,0.0
2017-10-02,,,,0.00,0.0,0.0
2017-10-03,,,,0.00,0.0,0.0
2017-10-04,,,,0.00,0.0,0.0
2017-10-05,,,,0.16,0.0,0.0
2017-10-06,,,,,0.0,0.0
2017-10-07,,,,,0.0,0.0
2017-10-08,,,,0.94,0.0,0.0
2017-10-09,,,,0.00,0.0,0.0
2017-10-10,,,,0.00,0.0,0.0
2017-10-11,,,,0.67,0.0,0.0
2017-10-12,,,,,0.0,0.0
2017-10-13,,,,0.00,0.0,0.0
2017-10-14,,,,0.00,0.0,0.0
2017-10-15,,,,0.00,0.0,0.0
2017-10-16,,,,0.09,0.0,0.0
2017-10-17,,,,0.00,0.0,0.0
2017-10-18,,,,0.00,0.0,0.0
2017-10-19,,,,0.00,0.0,0.0
2017-10-20,,,,0.00,0.0,0.0
2017-10-21,,,,0.00,0.0,0.0
2017-10-22,,,,0.00,0.0,0.0
2017-10-23,,,,0.25,0.0,0.0
2017-10-24,,,,0.97,0.0,0.0
2017-10-25,,,,0.10,0.0,0.0
2017-10-26,,,,0.00,0.0,0.0
2017-10-27,,,,0.00,0.0,0.0
2017-10-28,,,,0.00,0.0,0.0
2017-10-29,,,,0.05,0.0,0.0
2017-10-30,,,,0.00,0.0,0.0
2017-10-31,,,,0.00,0.0,0.0
2017-11-01,,,,0.00,0.0,0.0
2017-11-02,,,,0.07,0.0,0.0
2017-11-03,,,,1.34,0.0,0.0
2017-11-04,,,,0.00,0.0,0.0
2017-11-05,,,,0.06,0.0,0.0
2017-11-06,,,,0.00,0.0,0.0
2017-11-07,,,,0.00,0.0,0.0
2017-11-08,,,,0.00,0.0,0.0
2017-11-09,,,,0.00,0.0,0.0
2017-11-10,,,,0.00,0.0,0.0
2017-11-11,,,,0.00,0.0,0.0
2017-11-12,,,,0.13,0.0,0.0
2017-11-13,,,,0.00,0.0,0.0
2017-11-14,,,,0.04,0.0,0.0
2017-11-15,,,,0.60,0.0,0.0
2017-11-16,,,,0.00,0.0,0.0
2017-11-17,,,,0.40,0.0,0.0
2017-11-18,,,,2.30,0.0,0.0
2017-11-19,,,,0.00,0.0,0.0
2017-11-20,,,,0.00,0.0,0.0
2017-11-21,,,,0.04,0.0,0.0
2017-11-22,,,,0.00,0.0,0.0
2017-11-23,,,,0.02,0.0,0.0
2017-11-24,,,,0.00,0.0,0.0
2017-11-25,,,,0.00,0.0,0.0
2017-11-26,,,,0.00,0.0,0.0
2017-11-27,,,,0.00,0.0,0.0
2017-11-28,,,,0.00,0.0,0.0
2017-11-29,,,,0.05,0.0,0.0
2017-11-30,,,,0.04,0.0,0.0
2017-12-01,,,,0.00,0.0,0.0
2017-12-02,,,,0.00,0.0,0.0
2017-12-03,,,,0.00,0.0,0.0
2017-12-04,,,,0.10,0.0,0.0
2017-12-05,,,,0.02,0.0,0.0
2017-12-06,,,,0.00,0.0,0.0
2017-12-07,,,,0.00,0.0,0.0
2017-12-08,,,,0.00,0.0,0.0
2017-12-09,,,,0.00,0.0,0.0
2017-12-10,,,,0.00,0.0,0.0
2017-12-11,,,,0.00,0.0,0.0
2017-12-12,,,,0.00,0.0,0.0
2017-12-13,,,,0.00,0.0,0.0
2017-12-14,,,,0.00,0.0,0.0
2017-12-15,,,,0.00,0.0,0.0
2017-12-16,,,,0.00,0.0,0.0
2017-12-17,,,,0.00,0.0,0.0
2017-12-18,,,,0.00,0.0,0.0
2017-12-19,,,,0.00,0.0,0.0
2017-12-20,,,,0.00,0.0,0.0
2017-12-21,,,,0.00,0.0,0.0
2017-12-22,,,,0.00,0.0,0.0
2017-12-23,,,,0.00,0.0,0.0
2017-12-24,,,,0.30,5.5,5.0
2017-12-27,,,,0.00,0.0,3.0
2017-12-28,,,,0.02,0.0,3.0
2017-12-29,,,,0.18,5.0,8.0
2017-12-30,,,,0.02,0.4,6.0
2017-12-31,,,,0.02,0.0,7.0
2018-01-01,,,,0.00,0.0,6.0
2018-01-02,,,,0.00,0.0,6.0
2018-01-03,,,,0.00,0.0,6.0
2018-01-04,,,,0.00,0.0,6.0
2018-01-05,,,,0.00,0.0,6.0
2018-01-06,,,,0.00,0.0,5.0
2018-01-07,,,,0.14,0.0,4.0
2018-01-08,,,,0.00,0.0,3.0
2018-01-09,,,,0.00,0.0,2.0
2018-01-10,,,,0.01,0.0,0.0
2018-01-11,,,,0.30,0.0,0.0
2018-01-12,,,,0.02,0.0,0.0
2018-01-13,,,,0.00,0.0,0.0
2018-01-14,,,,0.14,4.5,5.0
2018-01-15,,,,0.03,2.2,3.0
2018-01-16,,,,0.03,2.0,4.0
2018-01-17,,,,0.00,0.0,2.0
2018-01-18,,,,0.00,0.0,2.0
2018-01-19,,,,0.00,0.0,1.0
2018-01-20,,,,0.00,0.0,0.0
2018-01-21,,,,0.15,0.0,0.0
2018-01-22,,,,0.30,0.0,0.0
2018-01-23,,,,0.00,0.0,0.0
2018-01-24,,,,0.06,0.0,0.0
2018-01-25,,,,0.00,0.0,0.0
2018-01-26,,,,0.00,0.0,0.0
2018-01-27,,,,0.00,0.0,0.0
2018-01-28,,,,0.00,0.0,0.0
2018-01-29,,,,0.00,0.0,0.0
2018-01-30,,,,0.00,0.0,0.0
2018-01-31,,,,0.00,0.0,0.0
2018-02-01,,,,0.00,0.0,0.0
2018-02-02,,,,0.00,0.0,0.0
2018-02-03,,,,0.00,0.0,0.0
2018-02-04,,,,0.00,0.0,0.0
2018-02-05,,,,0.08,0.5,1.0
2018-02-06,,,,0.09,1.5,3.0
2018-02-07,,,,0.00,0.0,3.0
2018-02-08,,,,0.00,0.0,2.0
2018-02-09,,,,0.00,0.0,2.0
2018-02-10,,,,0.00,0.0,0.0
2018-02-11,,,,0.13,0.0,0.0
2018-02-12,,,,0.00,0.0,0.0
2018-02-13,,,,0.00,0.0,0.0
2018-02-14,,,,0.00,0.0,0.0
2018-02-15,,,,0.00,0.0,0.0
2018-02-16,,,,0.18,0.0,0.0
2018-02-18,,,,0.12,0.2,0.0
2018-02-19,,,,0.15,0.0,0.0
2018-02-20,,,,1.23,0.0,0.0
2018-02-21,,,,2.14,0.0,0.0
2018-02-22,,,,0.20,0.0,0.0
2018-02-23,,,,0.08,0.0,0.0
2018-02-24,,,,0.20,0.0,0.0
2018-02-25,,,,0.11,0.0,0.0
2018-02-26,,,,0.00,0.0,0.0
2018-02-27,,,,0.00,0.0,0.0
2018-02-28,,,,0.06,0.0,0.0
2018-03-01,,,,0.10,0.0,0.0
2018-03-02,,,,0.60,0.0,0.0
2018-03-03,,,,0.00,0.0,0.0
2018-03-04,,,,0.00,0.0,0.0
2018-03-05,,,,0.00,0.0,0.0
2018-03-06,,,,0.12,0.0,0.0
2018-03-07,,,,0.14,0.0,0.0
2018-03-08,,,,0.00,0.0,0.0
2018-03-09,,,,0.00,0.0,0.0
2018-03-10,,,,0.00,0.0,0.0
2018-03-11,,,,0.00,0.0,0.0
2018-03-12,,,,0.00,0.0,0.0
2018-03-13,,,,0.00,0.0,0.0
2018-03-14,,,,0.04,0.0,0.0
2018-03-15,,,,0.00,0.0,0.0
2018-03-16,,,,0.00,0.0,0.0
2018-03-17,,,,0.25,0.0,0.0
2018-03-18,,,,0.00,0.0,0.0
2018-03-19,,,,0.00,0.0,0.0
2018-03-20,,,,0.00,0.0,0.0
2018-03-21,,,,0.00,0.0,0.0
2018-03-22,,,,0.00,0.0,0.0
2018-03-23,,,,0.00,0.0,0.0
2018-03-24,,,,0.00,0.0,0.0
2018-03-25,,,,0.04,0.6,0.0
2018-03-26,,,,0.00,0.0,0.0
2018-03-27,,,,0.45,0.0,0.0
2018-03-28,,,,0.76,0.0,0.0
2018-03-29,,,,0.21,0.0,0.0
2018-03-30,,,,0.45,0.0,0.0
2018-03-31,,,,0.00,0.0,0.0
2018-04-01,,,,0.00,0.0,0.0
2018-04-02,,,,0.30,6.0,6.0
2018-04-03,,,,0.36,0.0,0.0
2018-04-04,,,,0.81,0.0,0.0
2018-04-05,,,,0.00,0.0,0.0
2018-04-06,,,,0.00,0.0,0.0
2018-04-07,,,,0.00,0.0,0.0
2018-04-08,,,,0.00,0.0,0.0
2018-04-09,,,,0.10,1.0,1.0
2018-04-10,,,,0.02,0.0,0.0
2018-04-11,,,,0.00,0.0,0.0
2018-04-12,,,,0.01,0.0,0.0
2018-04-13,,,,0.00,0.0,0.0
2018-04-14,,,,0.37,0.0,0.0
2018-04-15,,,,0.19,0.0,0.0
2018-04-16,,,,0.52,0.0,0.0
2018-04-17,,,,0.02,0.0,0.0
2018-04-18,,,,0.00,0.0,0.0
2018-04-19,,,,0.02,0.0,0.0
2018-04-20,,,,0.00,0.0,0.0
2018-04-21,,,,0.00,0.0,0.0
2018-04-22,,,,0.00,0.0,0.0
2018-04-23,,,,0.00,0.0,0.0
2018-04-24,,,,0.02,0.0,0.0
2018-04-25,,,,0.00,0.0,0.0
2018-04-26,,,,0.00,0.0,0.0
2018-04-27,,,,0.00,0.0,0.0
2018-04-28,,,,0.00,0.0,0.0
2018-04-29,,,,0.00,0.0,0.0
2018-04-30,,,,0.00,0.0,0.0
2018-05-01,,,,0.00,0.0,0.0
2018-05-02,,,,0.00,0.0,0.0
2018-05-03,,,,0.00,0.0,0.0
2018-05-04,,,,0.20,0.0,0.0
2018-05-05,,,,0.00,0.0,0.0
2018-05-06,,,,0.00,0.0,0.0
2018-05-07,,,,0.00,0.0,0.0
2018-05-08,,,,0.00,0.0,0.0
2018-05-09,,,,0.00,0.0,0.0
2018-05-10,,,,0.10,0.0,0.0
2018-05-11,,,,0.00,0.0,0.0
2018-05-12,,,,0.00,0.0,0.0
2018-05-13,,,,0.00,0.0,0.0
2018-05-14,,,,0.00,0.0,0.0
2018-05-15,,,,0.15,0.0,0.0
2018-05-16,,,,0.70,0.0,0.0
2018-05-17,,,,0.00,0.0,0.0
2018-05-18,,,,0.00,0.0,0.0
2018-05-19,,,,0.56,0.0,0.0
2018-05-20,,,,0.00,0.0,0.0
2018-05-21,,,,0.00,0.0,0.0
2018-05-22,,,,0.03,0.0,0.0
2018-05-23,,,,0.00,0.0,0.0
2018-05-24,,,,0.00,0.0,0.0
2018-05-25,,,,0.00,0.0,0.0
2018-05-26,,,,0.03,0.0,0.0
2018-05-27,,,,0.05,0.0,0.0
2018-05-28,,,,0.00,0.0,0.0
2018-05-29,,,,0.00,0.0,0.0
2018-05-30,,,,0.00,0.0,0.0
2018-05-31,,,,1.38,0.0,0.0
2018-06-01,,,,0.21,0.0,0.0
2018-06-02,,,,0.80,0.0,0.0
2018-06-03,,,,0.00,0.0,0.0
2018-06-04,,,,0.00,0.0,0.0
2018-06-05,,,,0.00,0.0,0.0
2018-06-06,,,,0.00,0.0,0.0
2018-06-07,,,,0.00,0.0,0.0
2018-06-08,,,,0.46,0.0,0.0
2018-06-09,,,,0.02,0.0,0.0
2018-06-10,,,,0.00,0.0,0.0
2018-06-11,,,,1.96,0.0,0.0
2018-06-12,,,,0.03,0.0,0.0
2018-06-13,,,,0.00,0.0,0.0
2018-06-14,,,,0.20,0.0,0.0
2018-06-15,,,,0.00,0.0,0.0
2018-06-16,,,,0.00,0.0,0.0
2018-06-17,,,,0.00,0.0,0.0
2018-06-18,,,,0.00,0.0,0.0
2018-06-19,,,,0.00,0.0,0.0
2018-06-20,,,,0.90,0.0,0.0
2018-06-21,,,,0.05,0.0,0.0
2018-06-22,,,,1.08,0.0,0.0
2018-06-23,,,,1.60,0.0,0.0
2018-06-24,,,,0.00,0.0,0.0
2018-06-25,,,,0.00,0.0,0.0
2018-06-26,,,,0.00,0.0,0.0
2018-06-27,,,,0.44,0.0,0.0
2018-06-28,,,,0.01,0.0,0.0
2018-06-29,,,,0.00,0.0,0.0
2018-06-30,,,,0.00,0.0,0.0
2018-07-01,,,,0.00,0.0,0.0
2018-07-02,,,,0.09,0.0,0.0
2018-07-03,,,,0.00,0.0,0.0
2018-07-04,,,,0.00,0.0,0.0
2018-07-05,,,,0.00,0.0,0.0
2018-07-06,,,,1.38,0.0,0.0
2018-07-07,,,,0.00,0.0,0.0
2018-07-08,,,,0.00,0.0,0.0
2018-07-09,,,,0.00,0.0,0.0
2018-07-10,,,,,0.0,0.0
2018-07-11,,,,0.73,0.0,0.0
2018-07-12,,,,0.00,0.0,0.0
2018-07-13,,,,0.00,0.0,0.0
2018-07-14,,,,0.00,0.0,0.0
2018-07-15,,,,0.00,0.0,0.0
2018-07-16,,,,0.00,0.0,0.0
2018-07-17,,,,0.00,0.0,0.0
2018-07-18,,,,0.00,0.0,0.0
2018-07-19,,,,0.00,0.0,0.0
2018-07-20,,,,0.00,0.0,0.0
2018-07-21,,,,0.07,0.0,0.0
2018-07-22,,,,0.06,0.0,0.0
2018-07-23,,,,0.11,0.0,0.0
2018-07-24,,,,0.00,0.0,0.0
2018-07-25,,,,0.00,0.0,0.0
2018-07-26,,,,0.00,0.0,0.0
2018-07-27,,,,0.00,0.0,0.0
2018-07-28,,,,0.00,0.0,0.0
2018-07-29,,,,0.00,0.0,0.0
2018-07-30,,,,0.15,0.0,0.0
2018-07-31,,,,0.12,0.0,0.0
2018-08-01,,,,0.29,0.0,0.0
2018-08-02,,,,0.00,0.0,0.0
2018-08-03,,,,0.39,0.0,0.0
2018-08-04,,,,0.00,0.0,0.0
2018-08-05,,,,0.00,0.0,0.0
2018-08-06,,,,0.00,0.0,0.0
2018-08-07,,,,0.60,0.0,0.0
2018-08-08,,,,0.02,0.0,0.0
2018-08-09,,,,0.00,0.0,0.0
2018-08-10,,,,0.00,0.0,0.0
2018-08-11,,,,0.13,0.0,0.0
2018-08-12,,,,0.00,0.0,0.0
2018-08-13,,,,0.00,0.0,0.0
2018-08-14,,,,0.00,0.0,0.0
2018-08-15,,,,0.00,0.0,0.0
2018-08-16,,,,0.33,0.0,0.0
2018-08-17,,,,0.53,0.0,0.0
2018-08-18,,,,0.62,0.0,0.0
2018-08-19,,,,0.00,0.0,0.0
2018-08-20,,,,0.00,0.0,0.0
2018-08-21,,,,0.82,0.0,0.0
2018-08-22,,,,0.07,0.0,0.0
2018-08-23,,,,0.00,0.0,0.0
2018-08-24,,,,0.00,0.0,0.0
2018-08-25,,,,0.00,0.0,0.0
2018-08-26,,,,0.32,0.0,0.0
2018-08-27,,,,0.00,0.0,0.0
2018-08-28,,,,0.00,0.0,0.0
2018-08-29,,,,0.00,0.0,0.0
2018-08-30,,,,0.20,0.0,0.0
2018-08-31,,,,0.00,0.0,0.0
2018-09-01,,,,0.00,0.0,0.0
2018-09-02,,,,0.00,0.0,0.0
2018-09-03,,,,0.00,0.0,0.0
2018-09-04,,,,0.00,0.0,0.0
2018-09-05,,,,0.00,0.0,0.0
2018-09-06,,,,0.00,0.0,0.0
2018-09-07,,,,0.00,0.0,0.0
2018-09-08,,,,1.37,0.0,0.0
2018-09-09,,,,0.72,0.0,0.0
2018-09-10,,,,0.04,0.0,0.0
2018-09-11,,,,0.00,0.0,0.0
2018-09-12,,,,0.00,0.0,0.0
2018-09-13,,,,0.00,0.0,0.0
2018-09-14,,,,0.00,0.0,0.0
2018-09-15,,,,0.00,0.0,0.0
2018-09-16,,,,0.00,0.0,0.0
2018-09-17,,,,0.00,0.0,0.0
2018-09-18,,,,0.00,0.0,0.0
2018-09-19,,,,0.16,0.0,0.0
2018-09-20,,,,0.00,0.0,0.0
2018-09-21,,,,0.00,0.0,0.0
2018-09-22,,,,0.10,0.0,0.0
2018-09-23,,,,0.00,0.0,0.0
2018-09-24,,,,0.00,0.0,0.0
2018-09-25,,,,0.14,0.0,0.0
2018-09-26,,,,0.65,0.0,0.0
2018-09-27,,,,0.00,0.0,0.0
2018-09-28,,,,0.00,0.0,0.0
2018-09-29,,,,0.00,0.0,0.0
2018-09-30,,,,0.00,0.0,0.0
2018-10-01,,,,0.00,0.0,0.0
2018-10-02,,,,0.00,0.0,0.0
2018-10-03,,,,0.00,0.0,0.0
2018-10-04,,,,0.06,0.0,0.0
2018-10-05,,,,1.15,0.0,0.0
2018-10-06,,,,0.64,0.0,0.0
2018-10-07,,,,1.10,0.0,0.0
2018-10-08,,,,0.25,0.0,0.0
2018-10-09,,,,0.00,0.0,0.0
2018-10-10,,,,0.00,0.0,0.0
2018-10-11,,,,1.93,0.0,0.0
2018-10-12,,,,0.00,0.0,0.0
2018-10-13,,,,0.20,0.0,0.0
2018-10-14,,,,0.00,0.0,0.0
2018-10-15,,,,0.03,0.0,0.0
2018-10-16,,,,0.00,0.0,0.0
2018-10-17,,,,0.00,0.0,0.0
2018-10-18,,,,0.00,0.0,0.0
2018-10-19,,,,0.00,0.0,0.0
2018-10-20,,,,0.00,0.0,0.0
2018-10-21,,,,0.00,0.0,0.0
2018-10-22,,,,0.00,0.0,0.0
2018-10-23,,,,0.00,0.0,0.0
2018-10-24,,,,0.00,0.0,0.0
2018-10-25,,,,0.00,0.0,0.0
2018-10-26,,,,0.02,0.0,0.0
2018-10-27,,,,,0.0,0.0
2018-10-28,,,,0.28,0.0,0.0
2018-10-29,,,,0.20,0.0,0.0
2018-10-30,,,,0.00,0.0,0.0
2018-10-31,,,,0.05,0.0,0.0
2018-11-01,,,,0.58,0.0,0.0
2018-11-02,,,,1.37,0.0,0.0
2018-11-03,,,,0.00,0.0,0.0
2018-11-04,,,,0.02,0.0,0.0
2018-11-05,,,,0.07,0.0,0.0
2018-11-06,,,,0.18,0.0,0.0
2018-11-07,,,,0.00,0.0,0.0
2018-11-08,,,,0.00,0.0,0.0
2018-11-09,,,,0.04,0.0,0.0
2018-11-10,,,,0.04,0.0,0.0
2018-11-11,,,,0.00,0.0,0.0
2018-11-12,,,,0.00,0.0,0.0
2018-11-13,,,,0.03,0.0,0.0
2018-11-14,,,,0.03,0.0,0.0
2018-11-15,,,,0.11,0.1,0.0
2018-11-16,,,,0.00,0.0,0.0
2018-11-17,,,,0.00,0.0,0.0
2018-11-18,,,,0.12,0.0,0.0
2018-11-19,,,,0.00,0.0,0.0
2018-11-20,,,,0.01,0.0,0.0
2018-11-21,,,,0.00,0.0,0.0
2018-11-22,,,,0.00,0.0,0.0
2018-11-23,,,,0.00,0.0,0.0
2018-11-24,,,,0.12,0.0,0.0
2018-11-25,,,,0.00,0.0,0.0
2018-11-26,,,,0.54,0.0,0.0
2018-11-27,,,,0.04,0.3,0.0
2018-11-28,,,,0.05,0.3,0.0
2018-11-29,,,,0.00,0.0,0.0
2018-11-30,,,,0.00,0.0,0.0
2018-12-01,,,,0.00,0.0,0.0
2018-12-02,,,,0.00,0.0,0.0
2018-12-03,,,,0.71,0.0,0.0
2018-12-04,,,,0.03,0.0,0.0
2018-12-05,,,,0.00,0.0,0.0
2018-12-06,,,,0.00,0.0,0.0
2018-12-07,,,,0.00,0.0,0.0
2018-12-08,,,,0.00,0.0,0.0
2018-12-09,,,,0.00,0.0,0.0
2018-12-10,,,,0.06,0.0,0.0
2018-12-11,,,,0.00,0.0,0.0
2018-12-12,,,,0.00,0.0,0.0
2018-12-13,,,,0.00,0.0,0.0
2018-12-14,,,,0.16,0.0,0.0
2018-12-15,,,,0.00,0.0,0.0
2018-12-16,,,,0.00,0.0,0.0
2018-12-17,,,,0.00,0.0,0.0
2018-12-18,,,,0.00,0.0,0.0
2018-12-19,,,,0.00,0.0,0.0
2018-12-20,,,,0.00,0.0,0.0
2018-12-21,,,,0.05,0.0,0.0
2018-12-22,,,,0.00,0.0,0.0
2018-12-23,,,,0.00,0.0,0.0
2018-12-24,,,,0.00,0.0,0.0
2018-12-25,,,,0.00,0.0,0.0
2018-12-26,,,,0.00,0.0,0.0
2018-12-27,,,,0.00,0.0,0.0
2018-12-28,,,,0.35,0.0,0.0
2018-12-29,,,,0.00,0.0,0.0
2018-12-30,,,,0.00,0.0,0.0
2018-12-31,,,,0.12,0.0,0.0
2019-01-01,,,,1.17,0.0,0.0
2019-01-01,,,,1.17,0.0,0.0
2019-01-02,,,,0.02,0.0,0.0
2019-01-02,,,,0.02,0.0,0.0
2019-01-03,,,,0.00,0.0,0.0
2019-01-03,,,,0.00,0.0,0.0
2019-01-04,,,,0.00,0.0,0.0
2019-01-04,,,,0.00,0.0,0.0
2019-01-05,,,,0.00,0.0,0.0
2019-01-05,,,,0.00,0.0,0.0
2019-01-06,,,,0.00,0.0,0.0
2019-01-06,,,,0.00,0.0,0.0
2019-01-07,,,,0.02,0.0,0.0
2019-01-07,,,,0.02,0.0,0.0
2019-01-08,,,,0.07,0.0,0.0
2019-01-08,,,,0.07,0.0,0.0
2019-01-09,,,,0.00,0.0,0.0
2019-01-09,,,,0.00,0.0,0.0
2019-01-10,,,,0.00,0.0,0.0
2019-01-10,,,,0.00,0.0,0.0
2019-01-11,,,,0.00,0.0,0.0
2019-01-11,,,,0.00,0.0,0.0
2019-01-12,,,,0.00,0.0,0.0
2019-01-12,,,,0.00,0.0,0.0
2019-01-13,,,,0.58,6.5,6.0
2019-01-13,,,,0.58,6.5,6.0
2019-01-14,,,,0.00,0.0,6.0
2019-01-14,,,,0.00,0.0,6.0
2019-01-15,,,,0.00,0.0,6.0
2019-01-15,,,,0.00,0.0,6.0
2019-01-16,,,,0.00,0.0,3.0
2019-01-16,,,,0.00,0.0,3.0
2019-01-17,,,,0.00,0.0,3.0
2019-01-17,,,,0.00,0.0,3.0
2019-01-18,,,,0.21,0.0,2.0
2019-01-18,,,,0.21,0.0,2.0
2019-01-19,,,,0.50,0.5,2.0
2019-01-19,,,,0.50,0.5,2.0
2019-01-20,,,,0.25,2.5,3.0
2019-01-20,,,,0.25,2.5,3.0
2019-01-21,,,,0.00,0.0,3.0
2019-01-21,,,,0.00,0.0,3.0
2019-01-22,,,,0.00,0.0,3.0
2019-01-22,,,,0.00,0.0,3.0
2019-01-23,,,,1.21,0.0,2.0
2019-01-23,,,,1.21,0.0,2.0
2019-01-24,,,,0.30,0.0,0.0
2019-01-24,,,,0.30,0.0,0.0
2019-01-25,,,,0.00,0.0,0.0
2019-01-25,,,,0.00,0.0,0.0
2019-01-26,,,,0.03,1.2,1.0
2019-01-26,,,,0.03,1.2,1.0
2019-01-27,,,,0.12,1.7,2.0
2019-01-27,,,,0.12,1.7,2.0
2019-01-28,,,,0.00,0.0,2.0
2019-01-28,,,,0.00,0.0,2.0
2019-01-29,,,,0.12,0.0,0.0
2019-01-29,,,,0.12,0.0,0.0
2019-01-30,,,,0.00,0.0,0.0
2019-01-30,,,,0.00,0.0,0.0
2019-01-31,,,,0.00,0.0,0.0
2019-01-31,,,,0.00,0.0,0.0
2019-02-01,,,,0.10,2.0,2.0
2019-02-01,,,,0.10,2.0,2.0
2019-02-02,,,,0.00,0.0,2.0
2019-02-02,,,,0.00,0.0,2.0
2019-02-03,,,,0.00,0.0,0.0
2019-02-03,,,,0.00,0.0,0.0
2019-02-04,,,,0.00,0.0,0.0
2019-02-04,,,,0.00,0.0,0.0
2019-02-05,,,,0.02,0.0,0.0
2019-02-05,,,,0.02,0.0,0.0
2019-02-06,,,,0.47,0.0,0.0
2019-02-06,,,,0.47,0.0,0.0
2019-02-07,,,,0.10,0.0,0.0
2019-02-07,,,,0.10,0.0,0.0
2019-02-08,,,,0.31,0.0,0.0
2019-02-08,,,,0.31,0.0,0.0
2019-02-09,,,,0.00,0.0,0.0
2019-02-09,,,,0.00,0.0,0.0
2019-02-10,,,,0.00,0.0,0.0
2019-02-10,,,,0.00,0.0,0.0
2019-02-11,,,,0.14,0.9,1.0
2019-02-11,,,,0.14,0.9,1.0
2019-02-12,,,,0.61,0.0,0.0
2019-02-12,,,,0.61,0.0,0.0
2019-02-13,,,,0.04,0.0,0.0
2019-02-13,,,,0.04,0.0,0.0
2019-02-14,,,,0.00,0.0,0.0
2019-02-14,,,,0.00,0.0,0.0
2019-02-15,,,,0.00,0.0,0.0
2019-02-15,,,,0.00,0.0,0.0
2019-02-16,,,,0.00,0.0,0.0
2019-02-16,,,,0.00,0.0,0.0
2019-02-17,,,,0.00,0.0,0.0
2019-02-17,,,,0.00,0.0,0.0
2019-02-18,,,,0.03,0.4,0.0
2019-02-18,,,,0.03,0.4,0.0
2019-02-19,,,,0.00,0.0,0.0
2019-02-19,,,,0.00,0.0,0.0
2019-02-20,,,,0.29,1.7,2.0
2019-02-20,,,,0.29,1.7,2.0
2019-02-21,,,,0.00,0.0,0.0
2019-02-21,,,,0.00,0.0,0.0
2019-02-22,,,,0.00,0.0,0.0
2019-02-22,,,,0.00,0.0,0.0
2019-02-23,,,,0.00,0.0,0.0
2019-02-23,,,,0.00,0.0,0.0
2019-02-24,,,,0.07,0.0,0.0
2019-02-24,,,,0.07,0.0,0.0
2019-02-25,,,,0.00,0.0,0.0
2019-02-25,,,,0.00,0.0,0.0
2019-02-26,,,,0.00,0.0,0.0
2019-02-26,,,,0.00,0.0,0.0
2019-02-27,,,,0.00,0.0,0.0
2019-02-27,,,,0.00,0.0,0.0
2019-02-28,,,,0.00,0.0,0.0
2019-02-28,,,,0.00,0.0,0.0
2019-03-01,,,,0.00,0.0,0.0
2019-03-01,,,,0.00,0.0,0.0
2019-03-02,,,,0.00,0.0,0.0
2019-03-02,,,,0.00,0.0,0.0
2019-03-03,,,,0.00,0.0,0.0
2019-03-03,,,,0.00,0.0,0.0
2019-03-04,,,,0.12,1.0,1.0
2019-03-04,,,,0.12,1.0,1.0
2019-03-05,,,,0.00,0.0,1.0
2019-03-05,,,,0.00,0.0,1.0
2019-03-06,,,,0.01,0.2,1.0
2019-03-06,,,,0.01,0.2,1.0
2019-03-07,,,,0.00,0.0,0.0
2019-03-07,,,,0.00,0.0,0.0
2019-03-08,,,,0.00,0.0,0.0
2019-03-08,,,,0.00,0.0,0.0
2019-03-09,,,,0.00,0.0,0.0
2019-03-09,,,,0.00,0.0,0.0
2019-03-10,,,,0.70,0.0,0.0
2019-03-10,,,,0.70,0.0,0.0
2019-03-11,,,,0.00,0.0,0.0
2019-03-11,,,,0.00,0.0,0.0
2019-03-12,,,,0.00,0.0,0.0
2019-03-12,,,,0.00,0.0,0.0
2019-03-13,,,,0.00,0.0,0.0
2019-03-13,,,,0.00,0.0,0.0
2019-03-14,,,,0.21,0.0,0.0
2019-03-14,,,,0.21,0.0,0.0
2019-03-15,,,,0.61,0.0,0.0
2019-03-15,,,,0.61,0.0,0.0
2019-03-16,,,,0.05,0.0,0.0
2019-03-16,,,,0.05,0.0,0.0
2019-03-17,,,,0.00,0.0,0.0
2019-03-17,,,,0.00,0.0,0.0
2019-03-18,,,,0.05,0.0,0.0
2019-03-18,,,,0.05,0.0,0.0
2019-03-19,,,,0.00,0.0,0.0
2019-03-19,,,,0.00,0.0,0.0
2019-03-20,,,,0.03,0.0,0.0
2019-03-20,,,,0.03,0.0,0.0
2019-03-21,,,,0.05,0.0,0.0
2019-03-21,,,,0.05,0.0,0.0
2019-03-22,,,,0.00,0.0,0.0
2019-03-22,,,,0.00,0.0,0.0
2019-03-23,,,,0.00,0.0,0.0
2019-03-23,,,,0.00,0.0,0.0
2019-03-24,,,,0.00,0.0,0.0
2019-03-24,,,,0.00,0.0,0.0
2019-03-25,,,,0.06,0.0,0.0
2019-03-25,,,,0.06,0.0,0.0
2019-03-26,,,,0.00,0.0,0.0
2019-03-26,,,,0.00,0.0,0.0
2019-03-27,,,,0.00,0.0,0.0
2019-03-27,,,,0.00,0.0,0.0
2019-03-28,,,,0.29,0.0,0.0
2019-03-28,,,,0.29,0.0,0.0
2019-03-29,,,,0.38,0.0,0.0
2019-03-29,,,,0.38,0.0,0.0
2019-03-30,,,,0.83,0.0,0.0
2019-03-30,,,,0.83,0.0,0.0
2019-03-31,,,,0.86,0.0,0.0
2019-03-31,,,,0.86,0.0,0.0
2019-04-01,,,,0.00,0.0,0.0
2019-04-01,,,,0.00,0.0,0.0
2019-04-02,,,,0.00,0.0,0.0
2019-04-02,,,,0.00,0.0,0.0
2019-04-03,,,,0.00,0.0,0.0
2019-04-03,,,,0.00,0.0,0.0
2019-04-04,,,,0.00,0.0,0.0
2019-04-04,,,,0.00,0.0,0.0
2019-04-05,,,,0.09,0.0,0.0
2019-04-05,,,,0.09,0.0,0.0
2019-04-06,,,,0.00,0.0,0.0
2019-04-06,,,,0.00,0.0,0.0
2019-04-07,,,,0.01,0.0,0.0
2019-04-07,,,,0.01,0.0,0.0
2019-04-08,,,,1.13,0.0,0.0
2019-04-08,,,,1.13,0.0,0.0
2019-04-09,,,,0.01,0.0,0.0
2019-04-09,,,,0.01,0.0,0.0
2019-04-10,,,,0.00,0.0,0.0
2019-04-10,,,,0.00,0.0,0.0
2019-04-11,,,,0.06,0.0,0.0
2019-04-11,,,,0.06,0.0,0.0
2019-04-12,,,,0.65,0.0,0.0
2019-04-12,,,,0.65,0.0,0.0
2019-04-13,,,,0.00,0.0,0.0
2019-04-13,,,,0.00,0.0,0.0
2019-04-14,,,,0.47,0.0,0.0
2019-04-14,,,,0.47,0.0,0.0
2019-04-15,,,,0.38,0.0,0.0
2019-04-15,,,,0.38,0.0,0.0
2019-04-16,,,,0.01,0.0,0.0
2019-04-16,,,,0.01,0.0,0.0
2019-04-17,,,,0.00,0.0,0.0
2019-04-17,,,,0.00,0.0,0.0
2019-04-18,,,,0.10,0.0,0.0
2019-04-18,,,,0.10,0.0,0.0
2019-04-19,,,,1.15,0.0,0.0
2019-04-19,,,,1.15,0.0,0.0
2019-04-20,,,,0.00,0.0,0.0
2019-04-20,,,,0.00,0.0,0.0
2019-04-21,,,,0.01,0.0,0.0
2019-04-21,,,,0.01,0.0,0.0
2019-04-22,,,,0.00,0.0,0.0
2019-04-22,,,,0.00,0.0,0.0
2019-04-23,,,,0.00,0.0,0.0
2019-04-23,,,,0.00,0.0,0.0
2019-04-24,,,,0.00,0.0,0.0
2019-04-24,,,,0.00,0.0,0.0
2019-04-25,,,,0.00,0.0,0.0
2019-04-25,,,,0.00,0.0,0.0
2019-04-26,,,,1.14,0.0,0.0
2019-04-26,,,,1.14,0.0,0.0
2019-04-27,,,,0.00,0.0,0.0
2019-04-27,,,,0.00,0.0,0.0
2019-04-28,,,,0.35,0.0,0.0
2019-04-28,,,,0.35,0.0,0.0
2019-04-29,,,,0.02,0.0,0.0
2019-04-29,,,,0.02,0.0,0.0
2019-04-30,,,,0.07,0.0,0.0
2019-04-30,,,,0.07,0.0,0.0
2019-05-01,,,,0.47,0.0,0.0
2019-05-01,,,,0.47,0.0,0.0
2019-05-02,,,,0.01,0.0,0.0
2019-05-02,,,,0.01,0.0,0.0
2019-05-03,,,,0.24,0.0,0.0
2019-05-03,,,,0.24,0.0,0.0
2019-05-04,,,,0.01,0.0,0.0
2019-05-04,,,,0.01,0.0,0.0
2019-05-05,,,,0.18,0.0,0.0
2019-05-05,,,,0.18,0.0,0.0
2019-05-06,,,,0.03,0.0,0.0
2019-05-06,,,,0.03,0.0,0.0
2019-05-07,,,,0.00,0.0,0.0
2019-05-07,,,,0.00,0.0,0.0
2019-05-08,,,,0.00,0.0,0.0
2019-05-08,,,,0.00,0.0,0.0
2019-05-09,,,,0.03,0.0,0.0
2019-05-09,,,,0.03,0.0,0.0
2019-05-10,,,,0.30,0.0,0.0
2019-05-10,,,,0.30,0.0,0.0
2019-05-11,,,,0.00,0.0,0.0
2019-05-11,,,,0.00,0.0,0.0
2019-05-12,,,,0.21,0.0,0.0
2019-05-12,,,,0.21,0.0,0.0
2019-05-13,,,,0.19,0.0,0.0
2019-05-13,,,,0.19,0.0,0.0
2019-05-14,,,,0.02,0.0,0.0
2019-05-14,,,,0.02,0.0,0.0
2019-05-15,,,,0.02,0.0,0.0
2019-05-15,,,,0.02,0.0,0.0
2019-05-16,,,,0.00,0.0,0.0
2019-05-16,,,,0.00,0.0,0.0
2019-05-17,,,,0.60,0.0,0.0
2019-05-17,,,,0.60,0.0,0.0
2019-05-18,,,,0.00,0.0,0.0
2019-05-18,,,,0.00,0.0,0.0
2019-05-19,,,,0.01,0.0,0.0
2019-05-19,,,,0.01,0.0,0.0
2019-05-20,,,,0.29,0.0,0.0
2019-05-20,,,,0.29,0.0,0.0
2019-05-21,,,,0.02,0.0,0.0
2019-05-21,,,,0.02,0.0,0.0
2019-05-22,,,,0.72,0.0,0.0
2019-05-22,,,,0.72,0.0,0.0
2019-05-23,,,,0.45,0.0,0.0
2019-05-23,,,,0.45,0.0,0.0
2019-05-24,,,,0.00,0.0,0.0
2019-05-24,,,,0.00,0.0,0.0
2019-05-25,,,,0.00,0.0,0.0
2019-05-25,,,,0.00,0.0,0.0
2019-05-26,,,,1.40,0.0,0.0
2019-05-26,,,,1.40,0.0,0.0
2019-05-27,,,,0.10,0.0,0.0
2019-05-27,,,,0.10,0.0,0.0
2019-05-28,,,,0.02,0.0,0.0
2019-05-28,,,,0.02,0.0,0.0
2019-05-29,,,,0.74,0.0,0.0
2019-05-29,,,,0.74,0.0,0.0
2019-05-30,,,,0.06,0.0,0.0
2019-05-30,,,,0.06,0.0,0.0
2019-05-31,,,,0.71,0.0,0.0
2019-05-31,,,,0.71,0.0,0.0
2019-06-01,,,,0.00,0.0,0.0
2019-06-01,,,,0.00,0.0,0.0
2019-06-02,,,,0.00,0.0,0.0
2019-06-02,,,,0.00,0.0,0.0
2019-06-03,,,,0.00,0.0,0.0
2019-06-03,,,,0.00,0.0,0.0
2019-06-04,,,,0.00,0.0,0.0
2019-06-04,,,,0.00,0.0,0.0
2019-06-05,,,,0.00,0.0,0.0
2019-06-05,,,,0.00,0.0,0.0
2019-06-06,,,,1.20,0.0,0.0
2019-06-06,,,,1.20,0.0,0.0
2019-06-07,,,,0.00,0.0,0.0
2019-06-07,,,,0.00,0.0,0.0
2019-06-08,,,,0.00,0.0,0.0
2019-06-08,,,,0.00,0.0,0.0
2019-06-09,,,,0.01,0.0,0.0
2019-06-09,,,,0.01,0.0,0.0
2019-06-10,,,,0.19,0.0,0.0
2019-06-10,,,,0.19,0.0,0.0
2019-06-11,,,,0.01,0.0,0.0
2019-06-11,,,,0.01,0.0,0.0
2019-06-12,,,,0.00,0.0,0.0
2019-06-12,,,,0.00,0.0,0.0
2019-06-13,,,,0.01,0.0,0.0
2019-06-13,,,,0.01,0.0,0.0
2019-06-14,,,,0.00,0.0,0.0
2019-06-14,,,,0.00,0.0,0.0
2019-06-15,,,,0.00,0.0,0.0
2019-06-15,,,,0.00,0.0,0.0
2019-06-16,,,,0.45,0.0,0.0
2019-06-16,,,,0.45,0.0,0.0
2019-06-17,,,,0.00,0.0,0.0
2019-06-17,,,,0.00,0.0,0.0
2019-06-18,,,,0.00,0.0,0.0
2019-06-18,,,,0.00,0.0,0.0
2019-06-19,,,,0.00,0.0,0.0
2019-06-19,,,,0.00,0.0,0.0
2019-06-20,,,,1.71,0.0,0.0
2019-06-20,,,,1.71,0.0,0.0
2019-06-21,,,,0.05,0.0,0.0
2019-06-21,,,,0.05,0.0,0.0
2019-06-22,,,,0.03,0.0,0.0
2019-06-22,,,,0.03,0.0,0.0
2019-06-23,,,,0.02,0.0,0.0
2019-06-23,,,,0.02,0.0,0.0
2019-06-24,,,,1.13,0.0,0.0
2019-06-24,,,,1.13,0.0,0.0
2019-06-25,,,,0.20,0.0,0.0
2019-06-25,,,,0.20,0.0,0.0
2019-06-26,,,,0.00,0.0,0.0
2019-06-26,,,,0.00,0.0,0.0
2019-06-27,,,,0.00,0.0,0.0
2019-06-27,,,,0.00,0.0,0.0
2019-06-28,,,,0.00,0.0,0.0
2019-06-28,,,,0.00,0.0,0.0
2019-06-29,,,,0.00,0.0,0.0
2019-06-29,,,,0.00,0.0,0.0
2019-06-30,,,,0.00,0.0,0.0
2019-06-30,,,,0.00,0.0,0.0
2019-07-01,,,,0.00,0.0,0.0
2019-07-01,,,,0.00,0.0,0.0
2019-07-02,,,,0.00,0.0,0.0
2019-07-02,,,,0.00,0.0,0.0
2019-07-03,,,,0.02,0.0,0.0
2019-07-03,,,,0.02,0.0,0.0
2019-07-04,,,,0.00,0.0,0.0
2019-07-04,,,,0.00,0.0,0.0
2019-07-05,,,,0.00,0.0,0.0
2019-07-05,,,,0.00,0.0,0.0
2019-07-06,,,,0.40,0.0,0.0
2019-07-06,,,,0.40,0.0,0.0
2019-07-07,,,,0.00,0.0,0.0
2019-07-07,,,,0.00,0.0,0.0
2019-07-08,,,,0.00,0.0,0.0
2019-07-08,,,,0.00,0.0,0.0
2019-07-09,,,,0.00,0.0,0.0
2019-07-09,,,,0.00,0.0,0.0
2019-07-10,,,,0.05,0.0,0.0
2019-07-10,,,,0.05,0.0,0.0
2019-07-11,,,,0.20,0.0,0.0
2019-07-11,,,,0.20,0.0,0.0
2019-07-12,,,,0.00,0.0,0.0
2019-07-12,,,,0.00,0.0,0.0
2019-07-13,,,,0.00,0.0,0.0
2019-07-13,,,,0.00,0.0,0.0
2019-07-14,,,,0.00,0.0,0.0
2019-07-14,,,,0.00,0.0,0.0
2019-07-15,,,,0.05,0.0,0.0
2019-07-15,,,,0.05,0.0,0.0
2019-07-16,,,,0.00,0.0,0.0
2019-07-16,,,,0.00,0.0,0.0
2019-07-17,,,,0.32,0.0,0.0
2019-07-17,,,,0.32,0.0,0.0
2019-07-18,,,,0.00,0.0,0.0
2019-07-18,,,,0.00,0.0,0.0
2019-07-19,,,,0.00,0.0,0.0
2019-07-19,,,,0.00,0.0,0.0
2019-07-20,,,,0.00,0.0,0.0
2019-07-20,,,,0.00,0.0,0.0
2019-07-21,,,,0.00,0.0,0.0
2019-07-21,,,,0.00,0.0,0.0
2019-07-22,,,,1.24,0.0,0.0
2019-07-22,,,,1.24,0.0,0.0
2019-07-23,,,,0.00,0.0,0.0
2019-07-23,,,,0.00,0.0,0.0
2019-07-24,,,,0.00,0.0,0.0
2019-07-24,,,,0.00,0.0,0.0
2019-07-25,,,,0.00,0.0,0.0
2019-07-25,,,,0.00,0.0,0.0
2019-07-26,,,,0.00,0.0,0.0
2019-07-26,,,,0.00,0.0,0.0
2019-07-27,,,,0.00,0.0,0.0
2019-07-27,,,,0.00,0.0,0.0
2019-07-28,,,,0.00,0.0,0.0
2019-07-28,,,,0.00,0.0,0.0
2019-07-29,,,,0.00,0.0,0.0
2019-07-29,,,,0.00,0.0,0.0
2019-07-30,,,,0.20,0.0,0.0
2019-07-30,,,,0.20,0.0,0.0
2019-07-31,,,,0.00,0.0,0.0
2019-07-31,,,,0.00,0.0,0.0
2019-08-01,,,,0.00,0.0,0.0
2019-08-01,,,,0.00,0.0,0.0
2019-08-02,,,,0.00,0.0,0.0
2019-08-02,,,,0.00,0.0,0.0
2019-08-03,,,,0.00,0.0,0.0
2019-08-03,,,,0.00,0.0,0.0
2019-08-04,,,,0.00,0.0,0.0
2019-08-04,,,,0.00,0.0,0.0
2019-08-05,,,,0.00,0.0,0.0
2019-08-05,,,,0.00,0.0,0.0
2019-08-06,,,,0.00,0.0,0.0
2019-08-06,,,,0.00,0.0,0.0
2019-08-07,,,,0.00,0.0,0.0
2019-08-07,,,,0.00,0.0,0.0
2019-08-08,,,,0.00,0.0,0.0
2019-08-08,,,,0.00,0.0,0.0
2019-08-09,,,,0.00,0.0,0.0
2019-08-09,,,,0.00,0.0,0.0
2019-08-10,,,,0.00,0.0,0.0
2019-08-10,,,,0.00,0.0,0.0
2019-08-11,,,,0.00,0.0,0.0
2019-08-11,,,,0.00,0.0,0.0
2019-08-12,,,,0.47,0.0,0.0
2019-08-12,,,,0.47,0.0,0.0
2019-08-13,,,,0.18,0.0,0.0
2019-08-13,,,,0.18,0.0,0.0
2019-08-14,,,,0.00,0.0,0.0
2019-08-14,,,,0.00,0.0,0.0
2019-08-15,,,,0.00,0.0,0.0
2019-08-15,,,,0.00,0.0,0.0
2019-08-16,,,,0.00,0.0,0.0
2019-08-16,,,,0.00,0.0,0.0
2019-08-17,,,,0.00,0.0,0.0
2019-08-17,,,,0.00,0.0,0.0
2019-08-18,,,,0.60,0.0,0.0
2019-08-18,,,,0.60,0.0,0.0
2019-08-19,,,,0.03,0.0,0.0
2019-08-19,,,,0.03,0.0,0.0
2019-08-20,,,,0.00,0.0,0.0
2019-08-20,,,,0.00,0.0,0.0
2019-08-21,,,,0.07,0.0,0.0
2019-08-21,,,,0.07,0.0,0.0
2019-08-22,,,,0.08,0.0,0.0
2019-08-22,,,,0.08,0.0,0.0
2019-08-23,,,,0.11,0.0,0.0
2019-08-23,,,,0.11,0.0,0.0
2019-08-24,,,,0.00,0.0,0.0
2019-08-24,,,,0.00,0.0,0.0
2019-08-25,,,,0.00,0.0,0.0
2019-08-25,,,,0.00,0.0,0.0
2019-08-26,,,,0.03,0.0,0.0
2019-08-26,,,,0.03,0.0,0.0
2019-08-27,,,,2.03,0.0,0.0
2019-08-27,,,,2.03,0.0,0.0
2019-08-28,,,,0.00,0.0,0.0
2019-08-28,,,,0.00,0.0,0.0
2019-08-29,,,,0.00,0.0,0.0
2019-08-29,,,,0.00,0.0,0.0
2019-08-30,,,,0.00,0.0,0.0
2019-08-30,,,,0.00,0.0,0.0
2019-08-31,,,,0.00,0.0,0.0
2019-08-31,,,,0.00,0.0,0.0
2019-09-01,,,,0.00,0.0,0.0
2019-09-01,,,,0.00,0.0,0.0
2019-09-02,,,,0.58,0.0,0.0
2019-09-02,,,,0.58,0.0,0.0
2019-09-03,,,,0.00,0.0,0.0
2019-09-03,,,,0.00,0.0,0.0
2019-09-04,,,,0.06,0.0,0.0
2019-09-04,,,,0.06,0.0,0.0
2019-09-05,,,,0.00,0.0,0.0
2019-09-05,,,,0.00,0.0,0.0
2019-09-06,,,,0.00,0.0,0.0
2019-09-06,,,,0.00,0.0,0.0
2019-09-07,,,,0.00,0.0,0.0
2019-09-07,,,,0.00,0.0,0.0
2019-09-08,,,,0.00,0.0,0.0
2019-09-08,,,,0.00,0.0,0.0
2019-09-09,,,,0.00,0.0,0.0
2019-09-09,,,,0.00,0.0,0.0
2019-09-10,,,,0.00,0.0,0.0
2019-09-10,,,,0.00,0.0,0.0
2019-09-11,,,,0.00,0.0,0.0
2019-09-11,,,,0.00,0.0,0.0
2019-09-12,,,,0.00,0.0,0.0
2019-09-12,,,,0.00,0.0,0.0
2019-09-13,,,,0.00,0.0,0.0
2019-09-13,,,,0.00,0.0,0.0
2019-09-14,,,,0.00,0.0,0.0
2019-09-14,,,,0.00,0.0,0.0
2019-09-15,,,,0.00,0.0,0.0
2019-09-15,,,,0.00,0.0,0.0
2019-09-16,,,,0.33,0.0,0.0
2019-09-16,,,,0.33,0.0,0.0
2019-09-17,,,,0.00,0.0,0.0
2019-09-17,,,,0.00,0.0,0.0
2019-09-18,,,,0.00,0.0,0.0
2019-09-18,,,,0.00,0.0,0.0
2019-09-19,,,,0.00,0.0,0.0
2019-09-19,,,,0.00,0.0,0.0
2019-09-20,,,,0.00,0.0,0.0
2019-09-20,,,,0.00,0.0,0.0
2019-09-21,,,,0.00,0.0,0.0
2019-09-21,,,,0.00,0.0,0.0
2019-09-22,,,,0.00,0.0,0.0
2019-09-22,,,,0.00,0.0,0.0
2019-09-23,,,,0.52,0.0,0.0
2019-09-23,,,,0.52,0.0,0.0
2019-09-24,,,,0.00,0.0,0.0
2019-09-24,,,,0.00,0.0,0.0
2019-09-25,,,,0.00,0.0,0.0
2019-09-25,,,,0.00,0.0,0.0
2019-09-26,,,,0.00,0.0,0.0
2019-09-26,,,,0.00,0.0,0.0
2019-09-27,,,,0.00,0.0,0.0
2019-09-27,,,,0.00,0.0,0.0
2019-09-28,,,,0.42,0.0,0.0
2019-09-28,,,,0.42,0.0,0.0
2019-09-29,,,,0.04,0.0,0.0
2019-09-29,,,,0.04,0.0,0.0
2019-09-30,,,,0.38,0.0,0.0
2019-09-30,,,,0.38,0.0,0.0
2019-10-01,,,,0.00,0.0,0.0
2019-10-01,,,,0.00,0.0,0.0
2019-10-02,,,,0.00,0.0,0.0
2019-10-02,,,,0.00,0.0,0.0
2019-10-03,,,,0.00,0.0,0.0
2019-10-03,,,,0.00,0.0,0.0
2019-10-04,,,,0.00,0.0,0.0
2019-10-04,,,,0.00,0.0,0.0
2019-10-05,,,,0.00,0.0,0.0
2019-10-05,,,,0.00,0.0,0.0
2019-10-06,,,,0.05,0.0,0.0
2019-10-06,,,,0.05,0.0,0.0
2019-10-07,,,,0.00,0.0,0.0
2019-10-07,,,,0.00,0.0,0.0
2019-10-08,,,,0.00,0.0,0.0
2019-10-08,,,,0.00,0.0,0.0
2019-10-09,,,,0.00,0.0,0.0
2019-10-09,,,,0.00,0.0,0.0
2019-10-10,,,,0.00,0.0,0.0
2019-10-10,,,,0.00,0.0,0.0
2019-10-11,,,,0.01,0.0,0.0
2019-10-11,,,,0.01,0.0,0.0
2019-10-12,,,,0.32,0.0,0.0
2019-10-12,,,,0.32,0.0,0.0
2019-10-13,,,,0.00,0.0,0.0
2019-10-13,,,,0.00,0.0,0.0
2019-10-14,,,,0.00,0.0,0.0
2019-10-14,,,,0.00,0.0,0.0
2019-10-15,,,,0.00,0.0,0.0
2019-10-15,,,,0.00,0.0,0.0
2019-10-16,,,,0.00,0.0,0.0
2019-10-16,,,,0.00,0.0,0.0
2019-10-17,,,,0.00,0.0,0.0
2019-10-17,,,,0.00,0.0,0.0
2019-10-18,,,,0.00,0.0,0.0
2019-10-18,,,,0.00,0.0,0.0
2019-10-19,,,,0.00,0.0,0.0
2019-10-19,,,,0.00,0.0,0.0
2019-10-20,,,,0.00,0.0,0.0
2019-10-20,,,,0.00,0.0,0.0
2019-10-21,,,,0.00,0.0,0.0
2019-10-21,,,,0.00,0.0,0.0
2019-10-22,,,,0.72,0.0,0.0
2019-10-22,,,,0.72,0.0,0.0
2019-10-23,,,,0.01,0.0,0.0
2019-10-23,,,,0.01,0.0,0.0
2019-10-24,,,,0.00,0.0,0.0
2019-10-24,,,,0.00,0.0,0.0
2019-10-25,,,,0.00,0.0,0.0
2019-10-25,,,,0.00,0.0,0.0
2019-10-26,,,,0.00,0.0,0.0
2019-10-26,,,,0.00,0.0,0.0
2019-10-27,,,,1.37,0.0,0.0
2019-10-27,,,,1.37,0.0,0.0
2019-10-28,,,,0.00,0.0,0.0
2019-10-28,,,,0.00,0.0,0.0
2019-10-29,,,,0.00,0.0,0.0
2019-10-29,,,,0.00,0.0,0.0
2019-10-30,,,,0.45,0.0,0.0
2019-10-30,,,,0.45,0.0,0.0
2019-10-31,,,,0.74,0.0,0.0
2019-10-31,,,,0.74,0.0,0.0
2019-11-01,,,,0.19,0.2,0.0
2019-11-01,,,,0.19,0.2,0.0
2019-11-02,,,,0.00,0.0,0.0
2019-11-02,,,,0.00,0.0,0.0
2019-11-03,,,,0.00,0.0,0.0
2019-11-03,,,,0.00,0.0,0.0
2019-11-04,,,,0.00,0.0,0.0
2019-11-04,,,,0.00,0.0,0.0
2019-11-05,,,,0.00,0.0,0.0
2019-11-05,,,,0.00,0.0,0.0
2019-11-06,,,,0.00,0.0,0.0
2019-11-06,,,,0.00,0.0,0.0
2019-11-07,,,,0.00,0.0,0.0
2019-11-07,,,,0.00,0.0,0.0
2019-11-08,,,,0.00,0.0,0.0
2019-11-08,,,,0.00,0.0,0.0
2019-11-09,,,,0.00,0.0,0.0
2019-11-09,,,,0.00,0.0,0.0
2019-11-10,,,,0.00,0.0,0.0
2019-11-10,,,,0.00,0.0,0.0
2019-11-11,,,,0.00,0.0,0.0
2019-11-11,,,,0.00,0.0,0.0
2019-11-12,,,,0.30,0.3,2.0
2019-11-12,,,,0.30,0.3,2.0
2019-11-13,,,,0.00,0.0,2.0
2019-11-13,,,,0.00,0.0,2.0
2019-11-14,,,,0.00,0.0,1.0
2019-11-14,,,,0.00,0.0,1.0
2019-11-15,,,,0.00,0.0,0.0
2019-11-15,,,,0.00,0.0,0.0
2019-11-16,,,,0.00,0.0,0.0
2019-11-16,,,,0.00,0.0,0.0
2019-11-17,,,,0.00,0.0,0.0
2019-11-17,,,,0.00,0.0,0.0
2019-11-18,,,,0.03,0.0,0.0
2019-11-18,,,,0.03,0.0,0.0
2019-11-19,,,,0.01,0.0,0.0
2019-11-19,,,,0.01,0.0,0.0
2019-11-20,,,,0.05,0.0,0.0
2019-11-20,,,,0.05,0.0,0.0
2019-11-21,,,,0.00,0.0,0.0
2019-11-21,,,,0.00,0.0,0.0
2019-11-22,,,,0.25,0.0,0.0
2019-11-22,,,,0.25,0.0,0.0
2019-11-23,,,,0.00,0.0,0.0
2019-11-23,,,,0.00,0.0,0.0
2019-11-24,,,,0.00,0.0,0.0
2019-11-24,,,,0.00,0.0,0.0
2019-11-25,,,,0.00,0.0,0.0
2019-11-25,,,,0.00,0.0,0.0
2019-11-26,,,,0.00,0.0,0.0
2019-11-26,,,,0.00,0.0,0.0
2019-11-27,,,,0.69,0.0,0.0
2019-11-27,,,,0.69,0.0,0.0
2019-11-28,,,,0.00,0.0,0.0
2019-11-28,,,,0.00,0.0,0.0
2019-11-29,,,,0.00,0.0,0.0
2019-11-29,,,,0.00,0.0,0.0
2019-11-30,,,,0.32,0.0,0.0
2019-11-30,,,,0.32,0.0,0.0
2019-12-01,,,,0.34,0.0,0.0
2019-12-01,,,,0.34,0.0,0.0
2019-12-02,,,,0.17,0.0,0.0
2019-12-02,,,,0.17,0.0,0.0
2019-12-03,,,,0.00,0.0,0.0
2019-12-03,,,,0.00,0.0,0.0
2019-12-04,,,,0.00,0.0,0.0
2019-12-04,,,,0.00,0.0,0.0
2019-12-05,,,,0.00,0.0,0.0
2019-12-05,,,,0.00,0.0,0.0
2019-12-06,,,,0.00,0.0,0.0
2019-12-06,,,,0.00,0.0,0.0
2019-12-07,,,,0.00,0.0,0.0
2019-12-07,,,,0.00,0.0,0.0
2019-12-08,,,,0.00,0.0,0.0
2019-12-08,,,,0.00,0.0,0.0
2019-12-09,,,,0.29,0.0,0.0
2019-12-09,,,,0.29,0.0,0.0
2019-12-10,,,,0.00,0.0,0.0
2019-12-10,,,,0.00,0.0,0.0
2019-12-11,,,,0.00,0.0,0.0
2019-12-11,,,,0.00,0.0,0.0
2019-12-12,,,,0.00,0.0,0.0
2019-12-12,,,,0.00,0.0,0.0
2019-12-13,,,,0.13,0.0,0.0
2019-12-13,,,,0.13,0.0,0.0
2019-12-14,,,,0.00,0.0,0.0
2019-12-14,,,,0.00,0.0,0.0
2019-12-15,,,,0.00,0.0,0.0
2019-12-15,,,,0.00,0.0,0.0
2019-12-16,,,,3.50,3.5,3.0
2019-12-16,,,,3.50,3.5,3.0
2019-12-17,,,,0.06,1.3,3.0
2019-12-17,,,,0.06,1.3,3.0
2019-12-18,,,,0.00,0.0,2.0
2019-12-18,,,,0.00,0.0,2.0
2019-12-19,,,,0.00,0.0,0.0
2019-12-19,,,,0.00,0.0,0.0
2019-12-20,,,,0.00,0.0,0.0
2019-12-20,,,,0.00,0.0,0.0
2019-12-21,,,,0.00,0.0,0.0
2019-12-21,,,,0.00,0.0,0.0
2019-12-22,,,,0.00,0.0,0.0
2019-12-22,,,,0.00,0.0,0.0
2019-12-23,,,,0.00,0.0,0.0
2019-12-23,,,,0.00,0.0,0.0
2019-12-24,,,,0.00,0.0,0.0
2019-12-24,,,,0.00,0.0,0.0
2019-12-25,,,,0.00,0.0,0.0
2019-12-25,,,,0.00,0.0,0.0
2019-12-26,,,,0.00,0.0,0.0
2019-12-26,,,,0.00,0.0,0.0
2019-12-27,,,,0.00,0.0,0.0
2019-12-27,,,,0.00,0.0,0.0
2019-12-28,,,,0.00,0.0,0.0
2019-12-28,,,,0.00,0.0,0.0
2019-12-29,,,,0.46,0.0,0.0
2019-12-29,,,,0.46,0.0,0.0
2019-12-30,,,,1.03,0.0,0.0
2019-12-30,,,,1.03,0.0,0.0
2019-12-31,,,,0.00,0.0,0.0
2019-12-31,,,,0.00,0.0,0.0
2020-01-01,,,,0.00,0.0,0.0
2020-01-01,,,,0.00,0.0,0.0
2020-01-02,,,,0.00,0.0,0.0
2020-01-02,,,,0.00,0.0,0.0
2020-01-03,,,,0.00,0.0,0.0
2020-01-03,,,,0.00,0.0,0.0
2020-01-04,,,,0.00,0.0,0.0
2020-01-04,,,,0.00,0.0,0.0
2020-01-05,,,,0.00,0.0,0.0
2020-01-05,,,,0.00,0.0,0.0
2020-01-06,,,,0.00,0.0,0.0
2020-01-06,,,,0.00,0.0,0.0
2020-01-07,,,,0.00,0.0,0.0
2020-01-07,,,,0.00,0.0,0.0
2020-01-08,,,,0.00,0.0,0.0
2020-01-08,,,,0.00,0.0,0.0
2020-01-09,,,,0.00,0.0,0.0
2020-01-09,,,,0.00,0.0,0.0
2020-01-10,,,,0.47,0.0,0.0
2020-01-10,,,,0.47,0.0,0.0
2020-01-11,,,,2.00,0.0,0.0
2020-01-11,,,,2.00,0.0,0.0
2020-01-12,,,,0.37,0.0,0.0
2020-01-12,,,,0.37,0.0,0.0
2020-01-13,,,,0.02,0.0,0.0
2020-01-13,,,,0.02,0.0,0.0
2020-01-14,,,,0.00,0.0,0.0
2020-01-14,,,,0.00,0.0,0.0
2020-01-15,,,,0.00,0.0,0.0
2020-01-15,,,,0.00,0.0,0.0
2020-01-16,,,,0.00,0.0,0.0
2020-01-16,,,,0.00,0.0,0.0
2020-01-17,,,,0.00,0.0,0.0
2020-01-17,,,,0.00,0.0,0.0
2020-01-18,,,,0.65,0.0,0.0
2020-01-18,,,,0.65,0.0,0.0
2020-01-19,,,,0.00,0.0,0.0
2020-01-19,,,,0.00,0.0,0.0
2020-01-20,,,,0.00,0.0,0.0
2020-01-20,,,,0.00,0.0,0.0
2020-01-21,,,,0.00,0.0,0.0
2020-01-21,,,,0.00,0.0,0.0
2020-01-22,,,,0.00,0.0,0.0
2020-01-22,,,,0.00,0.0,0.0
2020-01-23,,,,,0.0,0.0
2020-01-23,,,,,0.0,0.0
2020-01-24,,,,0.00,0.0,0.0
2020-01-24,,,,0.00,0.0,0.0
2020-01-25,,,,0.08,0.0,0.0
2020-01-25,,,,0.08,0.0,0.0
2020-01-26,,,,0.01,0.0,0.0
2020-01-26,,,,0.01,0.0,0.0
2020-01-27,,,,0.00,0.0,0.0
2020-01-27,,,,0.00,0.0,0.0
2020-01-28,,,,0.00,0.0,0.0
2020-01-28,,,,0.00,0.0,0.0
2020-01-29,,,,0.04,0.0,0.0
2020-01-29,,,,0.04,0.0,0.0
2020-01-30,,,,0.00,0.0,0.0
2020-01-30,,,,0.00,0.0,0.0
2020-01-31,,,,0.00,0.0,0.0
2020-01-31,,,,0.00,0.0,0.0
2020-02-01,,,,0.05,0.0,0.0
2020-02-01,,,,0.05,0.0,0.0
2020-02-02,,,,0.00,0.0,0.0
2020-02-02,,,,0.00,0.0,0.0
2020-02-03,,,,0.00,0.0,0.0
2020-02-03,,,,0.00,0.0,0.0
2020-02-04,,,,0.00,0.0,0.0
2020-02-04,,,,0.00,0.0,0.0
2020-02-05,,,,0.02,0.0,0.0
2020-02-05,,,,0.02,0.0,0.0
2020-02-06,,,,0.15,0.8,1.0
2020-02-06,,,,0.15,0.8,1.0
2020-02-07,,,,0.07,0.4,1.0
2020-02-07,,,,0.07,0.4,1.0
2020-02-08,,,,0.03,0.0,0.0
2020-02-08,,,,0.03,0.0,0.0
2020-02-09,,,,0.00,0.0,0.0
2020-02-09,,,,0.00,0.0,0.0
2020-02-10,,,,0.30,0.0,0.0
2020-02-10,,,,0.30,0.0,0.0
2020-02-11,,,,0.00,0.0,0.0
2020-02-11,,,,0.00,0.0,0.0
2020-02-12,,,,0.00,0.0,0.0
2020-02-12,,,,0.00,0.0,0.0
2020-02-13,,,,0.32,2.5,3.0
2020-02-13,,,,0.32,2.5,3.0
2020-02-14,,,,0.00,0.0,3.0
2020-02-14,,,,0.00,0.0,3.0
2020-02-15,,,,0.00,0.0,2.0
2020-02-15,,,,0.00,0.0,2.0
2020-02-16,,,,0.00,0.0,0.0
2020-02-16,,,,0.00,0.0,0.0
2020-02-17,,,,0.00,0.0,0.0
2020-02-17,,,,0.00,0.0,0.0
2020-02-18,,,,0.55,0.0,0.0
2020-02-18,,,,0.55,0.0,0.0
2020-02-19,,,,0.00,0.0,0.0
2020-02-19,,,,0.00,0.0,0.0
2020-02-20,,,,0.00,0.0,0.0
2020-02-20,,,,0.00,0.0,0.0
2020-02-21,,,,0.00,0.0,0.0
2020-02-21,,,,0.00,0.0,0.0
2020-02-22,,,,0.00,0.0,0.0
2020-02-22,,,,0.00,0.0,0.0
2020-02-23,,,,0.00,0.0,0.0
2020-02-23,,,,0.00,0.0,0.0
2020-02-24,,,,0.00,0.0,0.0
2020-02-24,,,,0.00,0.0,0.0
2020-02-25,,,,0.19,0.0,0.0
2020-02-25,,,,0.19,0.0,0.0
2020-02-26,,,,0.33,0.4,0.0
2020-02-26,,,,0.33,0.4,0.0
2020-02-27,,,,0.17,1.0,2.0
2020-02-27,,,,0.17,1.0,2.0
2020-02-28,,,,0.00,0.0,1.0
2020-02-28,,,,0.00,0.0,1.0
2020-02-29,,,,0.00,0.0,1.0
2020-02-29,,,,0.00,0.0,1.0
2020-03-01,,,,0.00,0.0,0.0
2020-03-01,,,,0.00,0.0,0.0
2020-03-02,,,,0.20,0.0,0.0
2020-03-02,,,,0.20,0.0,0.0
2020-03-03,,,,0.00,0.0,0.0
2020-03-03,,,,0.00,0.0,0.0
2020-03-04,,,,0.00,0.0,0.0
2020-03-04,,,,0.00,0.0,0.0
2020-03-05,,,,0.02,0.0,0.0
2020-03-05,,,,0.02,0.0,0.0
2020-03-06,,,,0.03,0.0,0.0
2020-03-06,,,,0.03,0.0,0.0
2020-03-07,,,,0.00,0.0,0.0
2020-03-07,,,,0.00,0.0,0.0
2020-03-08,,,,0.00,0.0,0.0
2020-03-08,,,,0.00,0.0,0.0
2020-03-09,,,,0.00,0.0,0.0
2020-03-09,,,,0.00,0.0,0.0
2020-03-10,,,,0.42,0.0,0.0
2020-03-10,,,,0.42,0.0,0.0
2020-03-11,,,,0.06,0.0,0.0
2020-03-11,,,,0.06,0.0,0.0
2020-03-12,,,,0.03,0.0,0.0
2020-03-12,,,,0.03,0.0,0.0
2020-03-13,,,,0.22,0.0,0.0
2020-03-13,,,,0.22,0.0,0.0
2020-03-14,,,,0.00,0.0,0.0
2020-03-14,,,,0.00,0.0,0.0
2020-03-15,,,,0.31,0.0,0.0
2020-03-15,,,,0.31,0.0,0.0
2020-03-16,,,,0.00,0.0,0.0
2020-03-16,,,,0.00,0.0,0.0
2020-03-17,,,,0.02,0.0,0.0
2020-03-17,,,,0.02,0.0,0.0
2020-03-18,,,,0.00,0.0,0.0
2020-03-18,,,,0.00,0.0,0.0
2020-03-19,,,,0.46,0.0,0.0
2020-03-19,,,,0.46,0.0,0.0
2020-03-20,,,,0.57,0.0,0.0
2020-03-20,,,,0.57,0.0,0.0
2020-03-21,,,,0.00,0.0,0.0
2020-03-21,,,,0.00,0.0,0.0
2020-03-22,,,,0.00,0.0,0.0
2020-03-22,,,,0.00,0.0,0.0
2020-03-23,,,,0.15,,0.0
2020-03-23,,,,0.15,,0.0
2020-03-24,,,,0.01,0.0,0.0
2020-03-24,,,,0.01,0.0,0.0
2020-03-25,,,,0.04,0.0,0.0
2020-03-25,,,,0.04,0.0,0.0
2020-03-26,,,,0.00,0.0,0.0
2020-03-26,,,,0.00,0.0,0.0
2020-03-27,,,,0.06,0.0,0.0
2020-03-27,,,,0.06,0.0,0.0
2020-03-28,,,,0.10,0.0,0.0
2020-03-28,,,,0.10,0.0,0.0
2020-03-29,,,,0.07,0.0,0.0
2020-03-29,,,,0.07,0.0,0.0
2020-03-30,,,,0.00,0.0,0.0
2020-03-30,,,,0.00,0.0,0.0
2020-03-31,,,,0.00,0.0,0.0
2020-03-31,,,,0.00,0.0,0.0
2020-04-01,,,,0.00,0.0,0.0
2020-04-01,,,,0.00,0.0,0.0
2020-04-02,,,,0.00,0.0,0.0
2020-04-02,,,,0.00,0.0,0.0
2020-04-03,,,,0.00,0.0,0.0
2020-04-03,,,,0.00,0.0,0.0
2020-04-04,,,,0.00,0.0,0.0
2020-04-04,,,,0.00,0.0,0.0
2020-04-05,,,,0.09,0.0,0.0
2020-04-05,,,,0.09,0.0,0.0
2020-04-06,,,,0.00,0.0,0.0
2020-04-06,,,,0.00,0.0,0.0
2020-04-07,,,,0.01,0.0,0.0
2020-04-07,,,,0.01,0.0,0.0
2020-04-08,,,,0.00,0.0,0.0
2020-04-08,,,,0.00,0.0,0.0
2020-04-09,,,,0.11,0.0,0.0
2020-04-09,,,,0.11,0.0,0.0
2020-04-10,,,,0.00,0.0,0.0
2020-04-10,,,,0.00,0.0,0.0
2020-04-11,,,,0.00,0.0,0.0
2020-04-11,,,,0.00,0.0,0.0
2020-04-12,,,,0.19,0.0,0.0
2020-04-12,,,,0.19,0.0,0.0
2020-04-13,,,,0.10,0.0,0.0
2020-04-13,,,,0.10,0.0,0.0
2020-04-14,,,,0.00,0.0,0.0
2020-04-14,,,,0.00,0.0,0.0
2020-04-15,,,,0.00,0.0,0.0
2020-04-15,,,,0.00,0.0,0.0
2020-04-16,,,,0.00,0.0,0.0
2020-04-16,,,,0.00,0.0,0.0
2020-04-17,,,,0.15,0.0,0.0
2020-04-17,,,,0.15,0.0,0.0
2020-04-18,,,,0.15,0.0,0.0
2020-04-18,,,,0.15,0.0,0.0
2020-04-19,,,,0.05,0.0,0.0
2020-04-19,,,,0.05,0.0,0.0
2020-04-21,,,,0.00,0.0,0.0
2020-04-21,,,,0.00,0.0,0.0
2020-04-22,,,,0.00,0.0,0.0
2020-04-22,,,,0.00,0.0,0.0
2020-04-23,,,,0.00,0.0,0.0
2020-04-23,,,,0.00,0.0,0.0
2020-04-24,,,,0.41,0.0,0.0
2020-04-24,,,,0.41,0.0,0.0
2020-04-25,,,,0.09,0.0,0.0
2020-04-25,,,,0.09,0.0,0.0
2020-04-26,,,,0.77,0.0,0.0
2020-04-26,,,,0.77,0.0,0.0
2020-04-27,,,,0.00,0.0,0.0
2020-04-27,,,,0.00,0.0,0.0
2020-04-28,,,,0.04,0.0,0.0
2020-04-28,,,,0.04,0.0,0.0
2020-04-29,,,,0.73,0.0,0.0
2020-04-29,,,,0.73,0.0,0.0
2020-04-30,,,,0.41,0.0,0.0
2020-04-30,,,,0.41,0.0,0.0
2020-05-01,,,,0.00,0.0,0.0
2020-05-01,,,,0.00,0.0,0.0
2020-05-02,,,,0.00,0.0,0.0
2020-05-02,,,,0.00,0.0,0.0
2020-05-03,,,,0.09,0.0,0.0
2020-05-03,,,,0.09,0.0,0.0
2020-05-04,,,,0.05,0.0,0.0
2020-05-04,,,,0.05,0.0,0.0
2020-05-05,,,,0.02,0.0,0.0
2020-05-05,,,,0.02,0.0,0.0
2020-05-06,,,,0.11,0.0,0.0
2020-05-06,,,,0.11,0.0,0.0
2020-05-07,,,,0.00,0.0,0.0
2020-05-07,,,,0.00,0.0,0.0
2020-05-08,,,,0.03,0.0,0.0
2020-05-08,,,,0.03,0.0,0.0
2020-05-09,,,,0.00,0.0,0.0
2020-05-09,,,,0.00,0.0,0.0
2020-05-10,,,,0.01,0.0,0.0
2020-05-10,,,,0.01,0.0,0.0
2020-05-11,,,,0.05,0.0,0.0
2020-05-11,,,,0.05,0.0,0.0
2020-05-12,,,,0.00,0.0,0.0
2020-05-12,,,,0.00,0.0,0.0
2020-05-13,,,,0.00,0.0,0.0
2020-05-13,,,,0.00,0.0,0.0
2020-05-14,,,,0.00,0.0,0.0
2020-05-14,,,,0.00,0.0,0.0
2020-05-15,,,,0.40,0.0,0.0
2020-05-15,,,,0.40,0.0,0.0
2020-05-16,,,,0.60,0.0,0.0
2020-05-16,,,,0.60,0.0,0.0
2020-05-17,,,,0.34,0.0,0.0
2020-05-17,,,,0.34,0.0,0.0
2020-05-18,,,,0.68,0.0,0.0
2020-05-18,,,,0.68,0.0,0.0
2020-05-19,,,,0.01,0.0,0.0
2020-05-19,,,,0.01,0.0,0.0
2020-05-20,,,,0.27,0.0,0.0
2020-05-20,,,,0.27,0.0,0.0
2020-05-21,,,,0.00,0.0,0.0
2020-05-21,,,,0.00,0.0,0.0
2020-05-22,,,,0.00,0.0,0.0
2020-05-22,,,,0.00,0.0,0.0
2020-05-23,,,,0.00,0.0,0.0
2020-05-23,,,,0.00,0.0,0.0
2020-05-24,,,,0.00,0.0,0.0
2020-05-24,,,,0.00,0.0,0.0
2020-05-25,,,,0.01,0.0,0.0
2020-05-25,,,,0.01,0.0,0.0
2020-05-26,,,,0.00,0.0,0.0
2020-05-26,,,,0.00,0.0,0.0
2020-05-27,,,,0.00,0.0,0.0
2020-05-27,,,,0.00,0.0,0.0
2020-05-28,,,,0.01,0.0,0.0
2020-05-28,,,,0.01,0.0,0.0
2020-05-29,,,,0.14,0.0,0.0
2020-05-29,,,,0.14,0.0,0.0
2020-05-30,,,,0.00,0.0,0.0
2020-05-30,,,,0.00,0.0,0.0
2020-05-31,,,,0.00,0.0,0.0
2020-05-31,,,,0.00,0.0,0.0
2020-06-01,,,,0.00,0.0,0.0
2020-06-01,,,,0.00,0.0,0.0
2020-06-02,,,,0.00,0.0,0.0
2020-06-02,,,,0.00,0.0,0.0
2020-06-03,,,,0.00,0.0,0.0
2020-06-03,,,,0.00,0.0,0.0
2020-06-04,,,,0.45,0.0,0.0
2020-06-04,,,,0.45,0.0,0.0
2020-06-05,,,,0.00,0.0,0.0
2020-06-05,,,,0.00,0.0,0.0
2020-06-06,,,,0.00,0.0,0.0
2020-06-06,,,,0.00,0.0,0.0
2020-06-07,,,,0.00,0.0,0.0
2020-06-07,,,,0.00,0.0,0.0
2020-06-08,,,,0.00,0.0,0.0
2020-06-08,,,,0.00,0.0,0.0
2020-06-09,,,,0.00,0.0,0.0
2020-06-09,,,,0.00,0.0,0.0
2020-06-10,,,,0.25,0.0,0.0
2020-06-10,,,,0.25,0.0,0.0
2020-06-11,,,,0.00,0.0,0.0
2020-06-11,,,,0.00,0.0,0.0
2020-06-12,,,,0.00,0.0,0.0
2020-06-12,,,,0.00,0.0,0.0
2020-06-13,,,,0.00,0.0,0.0
2020-06-13,,,,0.00,0.0,0.0
2020-06-14,,,,0.00,0.0,0.0
2020-06-14,,,,0.00,0.0,0.0
2020-06-15,,,,0.00,0.0,0.0
2020-06-15,,,,0.00,0.0,0.0
2020-06-16,,,,0.00,0.0,0.0
2020-06-16,,,,0.00,0.0,0.0
2020-06-17,,,,0.00,0.0,0.0
2020-06-17,,,,0.00,0.0,0.0
2020-06-18,,,,0.00,0.0,0.0
2020-06-18,,,,0.00,0.0,0.0
2020-06-19,,,,0.00,0.0,0.0
2020-06-19,,,,0.00,0.0,0.0
2020-06-20,,,,0.00,0.0,0.0
2020-06-20,,,,0.00,0.0,0.0
2020-06-21,,,,0.10,0.0,0.0
2020-06-21,,,,0.10,0.0,0.0
2020-06-22,,,,0.40,0.0,0.0
2020-06-22,,,,0.40,0.0,0.0
2020-06-23,,,,0.32,0.0,0.0
2020-06-23,,,,0.32,0.0,0.0
2020-06-24,,,,0.00,0.0,0.0
2020-06-24,,,,0.00,0.0,0.0
2020-06-25,,,,0.00,0.0,0.0
2020-06-25,,,,0.00,0.0,0.0
2020-06-26,,,,0.00,0.0,0.0
2020-06-26,,,,0.00,0.0,0.0
2020-06-27,,,,0.28,0.0,0.0
2020-06-27,,,,0.28,0.0,0.0
2020-06-28,,,,0.71,0.0,0.0
2020-06-28,,,,0.71,0.0,0.0
2020-06-29,,,,0.15,0.0,0.0
2020-06-29,,,,0.15,0.0,0.0
2020-06-30,,,,0.05,0.0,0.0
2020-06-30,,,,0.05,0.0,0.0
2020-07-01,,,,0.45,0.0,0.0
2020-07-01,,,,0.45,0.0,0.0
2020-07-02,,,,0.00,0.0,0.0
2020-07-02,,,,0.00,0.0,0.0
2020-07-03,,,,0.00,0.0,0.0
2020-07-03,,,,0.00,0.0,0.0
2020-07-04,,,,0.00,0.0,0.0
2020-07-04,,,,0.00,0.0,0.0
2020-07-05,,,,0.00,0.0,0.0
2020-07-05,,,,0.00,0.0,0.0
2020-07-06,,,,0.00,0.0,0.0
2020-07-06,,,,0.00,0.0,0.0
2020-07-07,,,,0.25,0.0,0.0
2020-07-07,,,,0.25,0.0,0.0
2020-07-08,,,,0.00,0.0,0.0
2020-07-08,,,,0.00,0.0,0.0
2020-07-09,,,,0.01,0.0,0.0
2020-07-09,,,,0.01,0.0,0.0
2020-07-10,,,,0.13,0.0,0.0
2020-07-10,,,,0.13,0.0,0.0
2020-07-11,,,,0.04,0.0,0.0
2020-07-11,,,,0.04,0.0,0.0
2020-07-12,,,,0.44,0.0,0.0
2020-07-12,,,,0.44,0.0,0.0
2020-07-13,,,,0.00,0.0,0.0
2020-07-13,,,,0.00,0.0,0.0
2020-07-14,,,,0.00,0.0,0.0
2020-07-14,,,,0.00,0.0,0.0
2020-07-15,,,,0.00,0.0,0.0
2020-07-15,,,,0.00,0.0,0.0
2020-07-16,,,,0.39,0.0,0.0
2020-07-16,,,,0.39,0.0,0.0
2020-07-17,,,,0.00,0.0,0.0
2020-07-17,,,,0.00,0.0,0.0
2020-07-18,,,,0.00,0.0,0.0
2020-07-18,,,,0.00,0.0,0.0
2020-07-19,,,,0.00,0.0,0.0
2020-07-19,,,,0.00,0.0,0.0
2020-07-20,,,,0.10,0.0,0.0
2020-07-20,,,,0.10,0.0,0.0
2020-07-21,,,,0.00,0.0,0.0
2020-07-21,,,,0.00,0.0,0.0
2020-07-22,,,,0.54,0.0,0.0
2020-07-22,,,,0.54,0.0,0.0
2020-07-23,,,,0.00,0.0,0.0
2020-07-23,,,,0.00,0.0,0.0
2020-07-24,,,,0.00,0.0,0.0
2020-07-24,,,,0.00,0.0,0.0
2020-07-25,,,,0.00,0.0,0.0
2020-07-25,,,,0.00,0.0,0.0
2020-07-26,,,,0.00,0.0,0.0
2020-07-26,,,,0.00,0.0,0.0
2020-07-27,,,,0.00,0.0,0.0
2020-07-27,,,,0.00,0.0,0.0
2020-07-28,,,,0.72,0.0,0.0
2020-07-28,,,,0.72,0.0,0.0
2020-07-29,,,,0.00,0.0,0.0
2020-07-29,,,,0.00,0.0,0.0
2020-07-30,,,,0.00,0.0,0.0
2020-07-30,,,,0.00,0.0,0.0
2020-07-31,,,,0.00,0.0,0.0
2020-07-31,,,,0.00,0.0,0.0
2020-08-01,,,,0.10,0.0,0.0
2020-08-01,,,,0.10,0.0,0.0
2020-08-02,,,,1.20,0.0,0.0
2020-08-02,,,,1.20,0.0,0.0
2020-08-03,,,,0.06,0.0,0.0
2020-08-03,,,,0.06,0.0,0.0
2020-08-04,,,,0.00,0.0,0.0
2020-08-04,,,,0.00,0.0,0.0
2020-08-05,,,,0.00,0.0,0.0
2020-08-05,,,,0.00,0.0,0.0
2020-08-06,,,,0.00,0.0,0.0
2020-08-06,,,,0.00,0.0,0.0
2020-08-07,,,,0.00,0.0,0.0
2020-08-07,,,,0.00,0.0,0.0
2020-08-08,,,,0.00,0.0,0.0
2020-08-08,,,,0.00,0.0,0.0
2020-08-09,,,,0.00,0.0,0.0
2020-08-09,,,,0.00,0.0,0.0
2020-08-10,,,,0.15,0.0,0.0
2020-08-10,,,,0.15,0.0,0.0
2020-08-11,,,,0.43,0.0,0.0
2020-08-11,,,,0.43,0.0,0.0
2020-08-12,,,,0.00,0.0,0.0
2020-08-12,,,,0.00,0.0,0.0
2020-08-13,,,,0.00,0.0,0.0
2020-08-13,,,,0.00,0.0,0.0
2020-08-14,,,,0.00,0.0,0.0
2020-08-14,,,,0.00,0.0,0.0
2020-08-15,,,,0.00,0.0,0.0
2020-08-15,,,,0.00,0.0,0.0
2020-08-16,,,,0.00,0.0,0.0
2020-08-16,,,,0.00,0.0,0.0
2020-08-17,,,,0.00,0.0,0.0
2020-08-17,,,,0.00,0.0,0.0
2020-08-18,,,,0.05,0.0,0.0
2020-08-18,,,,0.05,0.0,0.0
2020-08-19,,,,0.00,0.0,0.0
2020-08-19,,,,0.00,0.0,0.0
2020-08-20,,,,0.00,0.0,0.0
2020-08-20,,,,0.00,0.0,0.0
2020-08-21,,,,0.00,0.0,0.0
2020-08-21,,,,0.00,0.0,0.0
2020-08-22,,,,0.00,0.0,0.0
2020-08-22,,,,0.00,0.0,0.0
2020-08-23,,,,0.01,0.0,0.0
2020-08-23,,,,0.01,0.0,0.0
2020-08-24,,,,0.00,0.0,0.0
2020-08-24,,,,0.00,0.0,0.0
2020-08-25,,,,0.05,0.0,0.0
2020-08-25,,,,0.05,0.0,0.0
2020-08-26,,,,0.00,0.0,0.0
2020-08-26,,,,0.00,0.0,0.0
2020-08-27,,,,0.00,0.0,0.0
2020-08-27,,,,0.00,0.0,0.0
2020-08-28,,,,0.00,0.0,0.0
2020-08-28,,,,0.00,0.0,0.0
2020-08-29,,,,0.17,0.0,0.0
2020-08-29,,,,0.17,0.0,0.0
2020-08-30,,,,0.01,0.0,0.0
2020-08-30,,,,0.01,0.0,0.0
2020-08-31,,,,0.00,0.0,0.0
2020-08-31,,,,0.00,0.0,0.0
2020-09-01,,,,0.00,0.0,0.0
2020-09-01,,,,0.00,0.0,0.0
2020-09-02,,,,0.11,0.0,0.0
2020-09-02,,,,0.11,0.0,0.0
2020-09-03,,,,0.01,0.0,0.0
2020-09-03,,,,0.01,0.0,0.0
2020-09-04,,,,0.00,0.0,0.0
2020-09-04,,,,0.00,0.0,0.0
2020-09-05,,,,0.00,0.0,0.0
2020-09-05,,,,0.00,0.0,0.0
2020-09-06,,,,0.00,0.0,0.0
2020-09-06,,,,0.00,0.0,0.0
2020-09-07,,,,0.34,0.0,0.0
2020-09-07,,,,0.34,0.0,0.0
2020-09-08,,,,0.50,0.0,0.0
2020-09-08,,,,0.50,0.0,0.0
2020-09-09,,,,0.03,0.0,0.0
2020-09-09,,,,0.03,0.0,0.0
2020-09-10,,,,0.01,0.0,0.0
2020-09-10,,,,0.01,0.0,0.0
2020-09-11,,,,0.00,0.0,0.0
2020-09-11,,,,0.00,0.0,0.0
2020-09-12,,,,0.00,0.0,0.0
2020-09-12,,,,0.00,0.0,0.0
2020-09-13,,,,0.28,0.0,0.0
2020-09-13,,,,0.28,0.0,0.0
2020-09-14,,,,0.00,0.0,0.0
2020-09-14,,,,0.00,0.0,0.0
2020-09-15,,,,0.01,0.0,0.0
2020-09-15,,,,0.01,0.0,0.0
2020-09-16,,,,0.00,0.0,0.0
2020-09-16,,,,0.00,0.0,0.0
2020-09-17,,,,0.00,0.0,0.0
2020-09-17,,,,0.00,0.0,0.0
2020-09-18,,,,0.00,0.0,0.0
2020-09-18,,,,0.00,0.0,0.0
2020-09-19,,,,0.00,0.0,0.0
2020-09-19,,,,0.00,0.0,0.0
2020-09-20,,,,0.00,0.0,0.0
2020-09-20,,,,0.00,0.0,0.0
2020-09-21,,,,0.00,0.0,0.0
2020-09-21,,,,0.00,0.0,0.0
2020-09-22,,,,0.00,0.0,0.0
2020-09-22,,,,0.00,0.0,0.0
2020-09-23,,,,0.00,0.0,0.0
2020-09-23,,,,0.00,0.0,0.0
2020-09-24,,,,0.00,0.0,0.0
2020-09-24,,,,0.00,0.0,0.0
2020-09-25,,,,0.00,0.0,0.0
2020-09-25,,,,0.00,0.0,0.0
2020-09-26,,,,0.00,0.0,0.0
2020-09-26,,,,0.00,0.0,0.0
2020-09-27,,,,0.00,0.0,0.0
2020-09-27,,,,0.00,0.0,0.0
2020-09-28,,,,0.29,0.0,0.0
2020-09-28,,,,0.29,0.0,0.0
2020-09-29,,,,0.16,0.0,0.0
2020-09-29,,,,0.16,0.0,0.0
2020-09-30,,,,0.00,0.0,0.0
2020-09-30,,,,0.00,0.0,0.0
2020-10-01,,,,0.00,0.0,0.0
2020-10-01,,,,0.00,0.0,0.0
2020-10-02,,,,0.00,0.0,0.0
2020-10-02,,,,0.00,0.0,0.0
2020-10-03,,,,0.00,0.0,0.0
2020-10-03,,,,0.00,0.0,0.0
2020-10-04,,,,0.10,0.0,0.0
2020-10-04,,,,0.10,0.0,0.0
2020-10-05,,,,0.32,0.0,0.0
2020-10-05,,,,0.32,0.0,0.0
2020-10-06,,,,0.01,0.0,0.0
2020-10-06,,,,0.01,0.0,0.0
2020-10-07,,,,0.00,0.0,0.0
2020-10-07,,,,0.00,0.0,0.0
2020-10-08,,,,0.00,0.0,0.0
2020-10-08,,,,0.00,0.0,0.0
2020-10-09,,,,0.00,0.0,0.0
2020-10-09,,,,0.00,0.0,0.0
2020-10-10,,,,0.00,0.0,0.0
2020-10-10,,,,0.00,0.0,0.0
2020-10-11,,,,0.00,0.0,0.0
2020-10-11,,,,0.00,0.0,0.0
2020-10-12,,,,0.00,0.0,0.0
2020-10-12,,,,0.00,0.0,0.0
2020-10-13,,,,0.10,0.0,0.0
2020-10-13,,,,0.10,0.0,0.0
2020-10-14,,,,0.00,0.0,0.0
2020-10-14,,,,0.00,0.0,0.0
2020-10-15,,,,0.02,0.0,0.0
2020-10-15,,,,0.02,0.0,0.0
2020-10-16,,,,0.06,0.0,0.0
2020-10-16,,,,0.06,0.0,0.0
2020-10-17,,,,0.00,0.0,0.0
2020-10-17,,,,0.00,0.0,0.0
2020-10-18,,,,0.00,0.0,0.0
2020-10-18,,,,0.00,0.0,0.0
2020-10-19,,,,0.13,0.0,0.0
2020-10-19,,,,0.13,0.0,0.0
2020-10-20,,,,0.01,0.0,0.0
2020-10-20,,,,0.01,0.0,0.0
2020-10-21,,,,1.81,0.0,0.0
2020-10-21,,,,1.81,0.0,0.0
2020-10-22,,,,0.07,0.0,0.0
2020-10-22,,,,0.07,0.0,0.0
2020-10-23,,,,0.00,0.0,0.0
2020-10-23,,,,0.00,0.0,0.0
2020-10-24,,,,0.06,0.0,0.0
2020-10-24,,,,0.06,0.0,0.0
2020-10-25,,,,0.00,0.0,0.0
2020-10-25,,,,0.00,0.0,0.0
2020-10-26,,,,0.01,0.0,0.0
2020-10-26,,,,0.01,0.0,0.0
2020-10-27,,,,0.01,0.0,0.0
2020-10-27,,,,0.01,0.0,0.0
2020-10-28,,,,0.04,0.0,0.0
2020-10-28,,,,0.04,0.0,0.0
2020-10-29,,,,0.25,0.0,0.0
2020-10-29,,,,0.25,0.0,0.0
2020-10-30,,,,0.09,0.0,0.0
2020-10-30,,,,0.09,0.0,0.0
2020-10-31,,,,0.00,0.0,0.0
2020-10-31,,,,0.00,0.0,0.0
2020-11-01,,,,0.00,0.0,0.0
2020-11-01,,,,0.00,0.0,0.0
2020-11-02,,,,0.00,0.0,0.0
2020-11-02,,,,0.00,0.0,0.0
2020-11-03,,,,0.00,0.0,0.0
2020-11-03,,,,0.00,0.0,0.0
2020-11-04,,,,0.00,0.0,0.0
2020-11-04,,,,0.00,0.0,0.0
2020-11-05,,,,0.00,0.0,0.0
2020-11-05,,,,0.00,0.0,0.0
2020-11-06,,,,0.00,0.0,0.0
2020-11-06,,,,0.00,0.0,0.0
2020-11-07,,,,0.00,0.0,0.0
2020-11-07,,,,0.00,0.0,0.0
2020-11-08,,,,0.00,0.0,0.0
2020-11-08,,,,0.00,0.0,0.0
2020-11-09,,,,0.00,0.0,0.0
2020-11-09,,,,0.00,0.0,0.0
2020-11-10,,,,0.00,0.0,0.0
2020-11-10,,,,0.00,0.0,0.0
2020-11-11,,,,0.18,0.0,0.0
2020-11-11,,,,0.18,0.0,0.0
2020-11-12,,,,0.01,0.0,0.0
2020-11-12,,,,0.01,0.0,0.0
2020-11-13,,,,0.02,0.0,0.0
2020-11-13,,,,0.02,0.0,0.0
2020-11-14,,,,0.00,0.0,0.0
2020-11-14,,,,0.00,0.0,0.0
2020-11-15,,,,0.78,0.0,0.0
2020-11-15,,,,0.78,0.0,0.0
2020-11-16,,,,0.04,0.0,0.0
2020-11-16,,,,0.04,0.0,0.0
2020-11-17,,,,0.00,0.0,0.0
2020-11-17,,,,0.00,0.0,0.0
2020-11-18,,,,0.00,0.0,0.0
2020-11-18,,,,0.00,0.0,0.0
2020-11-19,,,,0.00,0.0,0.0
2020-11-19,,,,0.00,0.0,0.0
2020-11-20,,,,0.00,0.0,0.0
2020-11-20,,,,0.00,0.0,0.0
2020-11-21,,,,0.00,0.0,0.0
2020-11-21,,,,0.00,0.0,0.0
2020-11-22,,,,0.61,0.0,0.0
2020-11-22,,,,0.61,0.0,0.0
2020-11-24,,,,0.21,0.0,0.0
2020-11-24,,,,0.21,0.0,0.0
2020-11-25,,,,0.18,0.0,0.0
2020-11-25,,,,0.18,0.0,0.0
2020-11-26,,,,0.53,0.0,0.0
2020-11-26,,,,0.53,0.0,0.0
2020-11-27,,,,0.10,0.0,0.0
2020-11-27,,,,0.10,0.0,0.0
2020-11-28,,,,0.00,0.0,0.0
2020-11-28,,,,0.00,0.0,0.0
2020-11-29,,,,0.00,0.0,0.0
2020-11-29,,,,0.00,0.0,0.0
2020-11-30,,,,0.70,0.0,0.0
2020-11-30,,,,0.70,0.0,0.0
2020-12-01,,,,0.00,0.0,0.0
2020-12-01,,,,0.00,0.0,0.0
2020-12-02,,,,0.00,0.0,0.0
2020-12-02,,,,0.00,0.0,0.0
2020-12-03,,,,0.00,0.0,0.0
2020-12-03,,,,0.00,0.0,0.0
2020-12-04,,,,0.00,0.0,0.0
2020-12-04,,,,0.00,0.0,0.0
2020-12-05,,,,0.00,0.0,0.0
2020-12-05,,,,0.00,0.0,0.0
2020-12-06,,,,0.00,0.0,0.0
2020-12-06,,,,0.00,0.0,0.0
2020-12-07,,,,0.00,0.0,0.0
2020-12-07,,,,0.00,0.0,0.0
2020-12-08,,,,0.00,0.0,0.0
2020-12-08,,,,0.00,0.0,0.0
2020-12-09,,,,0.00,0.0,0.0
2020-12-09,,,,0.00,0.0,0.0
2020-12-10,,,,0.00,0.0,0.0
2020-12-10,,,,0.00,0.0,0.0
2020-12-11,,,,0.00,0.0,0.0
2020-12-11,,,,0.00,0.0,0.0
2020-12-12,,,,0.69,0.0,0.0
2020-12-12,,,,0.69,0.0,0.0
2020-12-13,,,,0.20,0.0,0.0
2020-12-13,,,,0.20,0.0,0.0
2020-12-14,,,,0.00,0.0,0.0
2020-12-14,,,,0.00,0.0,0.0
2020-12-15,,,,0.00,0.0,0.0
2020-12-15,,,,0.00,0.0,0.0
2020-12-16,,,,0.11,2.5,2.0
2020-12-16,,,,0.11,2.5,2.0
2020-12-17,,,,0.01,0.2,2.0
2020-12-17,,,,0.01,0.2,2.0
2020-12-18,,,,0.00,0.0,0.0
2020-12-18,,,,0.00,0.0,0.0
2020-12-19,,,,0.00,0.0,0.0
2020-12-19,,,,0.00,0.0,0.0
2020-12-20,,,,0.00,0.0,0.0
2020-12-20,,,,0.00,0.0,0.0
2020-12-21,,,,0.00,0.0,0.0
2020-12-21,,,,0.00,0.0,0.0
2020-12-22,,,,0.00,0.0,0.0
2020-12-22,,,,0.00,0.0,0.0
2020-12-23,,,,0.00,0.0,0.0
2020-12-23,,,,0.00,0.0,0.0
2020-12-24,,,,0.49,0.0,0.0
2020-12-24,,,,0.49,0.0,0.0
2020-12-25,,,,0.08,0.3,0.0
2020-12-25,,,,0.08,0.3,0.0
2020-12-26,,,,0.00,0.0,0.0
2020-12-26,,,,0.00,0.0,0.0
2020-12-27,,,,0.00,0.0,0.0
2020-12-27,,,,0.00,0.0,0.0
2020-12-28,,,,0.01,0.0,0.0
2020-12-28,,,,0.01,0.0,0.0
2020-12-29,,,,0.00,0.0,0.0
2020-12-29,,,,0.00,0.0,0.0
2020-12-30,,,,0.02,0.0,0.0
2020-12-30,,,,0.02,0.0,0.0
2020-12-31,,,,0.42,0.5,0.0
2020-12-31,,,,0.42,0.5,0.0
2021-01-01,,,,0.00,0.0,0.0
2021-01-02,,,,0.75,0.0,0.0
2021-01-03,,,,0.50,1.5,1.0
2021-01-04,,,,0.00,0.0,0.0
2021-01-05,,,,0.00,0.0,0.0
2021-01-06,,,,0.00,0.0,0.0
2021-01-07,,,,0.00,0.0,0.0
2021-01-08,,,,0.00,0.0,0.0
2021-01-09,,,,0.00,0.0,0.0
2021-01-10,,,,0.00,0.0,0.0
2021-01-11,,,,0.00,0.0,0.0
2021-01-12,,,,0.00,0.0,0.0
2021-01-13,,,,0.00,0.0,0.0
2021-01-14,,,,0.00,0.0,0.0
2021-01-15,,,,0.03,0.0,0.0
2021-01-16,,,,0.00,0.0,0.0
2021-01-17,,,,0.05,0.0,0.0
2021-01-18,,,,0.02,0.0,0.0
2021-01-19,,,,0.00,0.0,0.0
2021-01-20,,,,0.00,0.0,0.0
2021-01-21,,,,0.00,0.0,0.0
2021-01-22,,,,0.00,0.0,0.0
2021-01-23,,,,0.00,0.0,0.0
2021-01-24,,,,0.00,0.0,0.0
2021-01-25,,,,0.00,0.0,0.0
2021-01-26,,,,0.10,0.0,0.0
2021-01-27,,,,0.03,0.0,0.0
2021-01-28,,,,0.01,0.0,0.0
2021-01-29,,,,0.00,0.0,0.0
2021-01-30,,,,0.00,0.0,0.0
2021-01-31,,,,1.15,4.0,4.0
2021-02-01,,,,0.15,,6.0
2021-02-02,,,,0.00,0.0,5.0
2021-02-03,,,,0.00,0.0,5.0
2021-02-04,,,,0.00,0.0,4.0
2021-02-05,,,,0.15,0.0,4.0
2021-02-06,,,,0.11,0.1,4.0
2021-02-07,,,,0.05,0.5,4.0
2021-02-08,,,,0.03,0.5,5.0
2021-02-09,,,,0.01,0.4,5.0
2021-02-10,,,,0.00,0.0,5.0
2021-02-11,,,,0.07,1.3,7.0
2021-02-12,,,,0.00,0.0,6.0
2021-02-13,,,,0.00,0.0,5.0
2021-02-14,,,,0.00,0.0,5.0
2021-02-15,,,,0.09,1.5,7.0
2021-02-16,,,,0.85,10.0,15.0
2021-02-17,,,,0.00,0.0,12.0
2021-02-18,,,,0.05,1.5,14.0
2021-02-19,,,,0.00,0.0,15.0
2021-02-20,,,,0.00,0.0,12.0
2021-02-22,,,,0.05,0.0,8.0
2021-02-23,,,,0.00,0.0,5.0
2021-02-24,,,,0.00,0.0,0.0
2021-02-25,,,,0.00,0.0,0.0
2021-02-26,,,,0.00,0.0,0.0
2021-02-27,,,,0.01,0.0,0.0
2021-02-28,,,,0.30,0.0,0.0
2021-03-01,,,,0.26,0.0,0.0
2021-03-02,,,,0.00,0.0,0.0
2021-03-03,,,,0.00,0.0,0.0
2021-03-04,,,,0.00,0.0,0.0
2021-03-05,,,,0.00,0.0,0.0
2021-03-06,,,,0.00,0.0,0.0
2021-03-07,,,,0.00,0.0,0.0
2021-03-08,,,,0.00,0.0,0.0
2021-03-09,,,,0.00,0.0,0.0
2021-03-10,,,,0.00,0.0,0.0
2021-03-11,,,,0.00,0.0,0.0
2021-03-12,,,,0.22,0.0,0.0
2021-03-13,,,,0.01,0.0,0.0
2021-03-14,,,,0.00,0.0,0.0
2021-03-15,,,,0.00,0.0,0.0
2021-03-16,,,,0.55,0.0,0.0
2021-03-17,,,,0.01,0.0,0.0
2021-03-18,,,,0.15,0.0,0.0
2021-03-19,,,,1.31,0.0,0.0
2021-03-20,,,,0.01,0.0,0.0
2021-03-21,,,,0.00,0.0,0.0
2021-03-22,,,,0.00,0.0,0.0
2021-03-23,,,,0.00,0.0,0.0
2021-03-24,,,,0.02,0.0,0.0
2021-03-25,,,,0.01,0.0,0.0
2021-03-26,,,,1.27,0.0,0.0
2021-03-27,,,,0.02,0.0,0.0
2021-03-28,,,,0.30,0.0,0.0
2021-03-29,,,,0.00,0.0,0.0
2021-03-30,,,,0.00,0.0,0.0
2021-03-31,,,,0.03,0.0,0.0
2021-08-01,,,,0.00,0.0,0.0
2021-08-02,,,,0.00,0.0,0.0
2021-08-03,,,,0.00,0.0,0.0
2021-08-04,,,,0.00,0.0,0.0
2021-08-05,,,,0.00,0.0,0.0
2021-08-06,,,,0.00,0.0,0.0
2021-08-07,,,,0.00,0.0,0.0
2021-08-08,,,,0.00,0.0,0.0
2021-08-09,,,,0.00,0.0,0.0
2021-08-10,,,,0.00,0.0,0.0
2021-08-11,,,,0.00,0.0,0.0
2021-08-12,,,,0.09,0.0,0.0
2021-08-13,,,,0.48,0.0,0.0
2021-08-14,,,,0.01,0.0,0.0
2021-08-15,,,,0.00,0.0,0.0
2021-08-16,,,,0.00,0.0,0.0
2021-08-17,,,,0.00,0.0,0.0
2021-08-18,,,,0.80,0.0,0.0
2021-08-19,,,,0.58,0.0,0.0
2021-08-20,,,,0.11,0.0,0.0
2021-08-21,,,,0.00,0.0,0.0
2021-08-22,,,,0.00,0.0,0.0
2021-08-23,,,,0.00,0.0,0.0
2021-08-24,,,,0.00,0.0,0.0
2021-08-25,,,,0.21,0.0,0.0
2021-08-26,,,,0.20,0.0,0.0
2021-08-27,,,,0.02,0.0,0.0
2021-08-28,,,,0.00,0.0,0.0
2021-08-29,,,,0.00,0.0,0.0
2021-08-30,,,,0.00,0.0,0.0
2021-08-31,,,,0.00,0.0,0.0
2022-01-01,,,,0.00,0.0,0.0
2022-01-02,,,,0.30,0.0,0.0
2022-01-03,,,,0.00,0.0,0.0
2022-01-04,,,,0.00,0.0,0.0
2022-01-05,,,,0.00,0.0,0.0
2022-01-06,,,,0.00,0.0,0.0
2022-01-07,,,,0.00,0.0,0.0
2022-01-08,,,,0.00,0.0,0.0
2022-01-09,,,,0.15,0.0,0.0
2022-01-10,,,,0.00,0.0,0.0
2022-01-11,,,,0.00,0.0,0.0
2022-01-12,,,,0.00,0.0,0.0
2022-01-13,,,,0.00,0.0,0.0
2022-01-14,,,,0.00,0.0,0.0
2022-01-15,,,,0.20,0.2,0.0
2022-01-16,,,,0.00,0.0,0.0
2022-01-17,,,,0.00,0.0,0.0
2022-01-18,,,,0.00,0.0,0.0
2022-01-19,,,,0.00,0.0,0.0
2022-01-20,,,,0.00,0.0,0.0
2022-01-21,,,,,0.0,0.0
2022-01-22,,,,0.00,0.0,0.0
2022-01-23,,,,0.00,0.0,0.0
2022-01-24,,,,0.00,0.0,0.0
2022-01-25,,,,0.00,0.0,0.0
2022-01-26,,,,0.00,0.0,0.0
2022-01-27,,,,0.00,0.0,0.0
2022-01-28,,,,0.10,0.0,0.0
2022-01-29,,,,0.07,1.2,1.0
2022-01-30,,,,0.00,0.0,0.0
2022-01-31,,,,0.00,0.0,0.0
2022-02-01,,,,0.00,0.0,0.0
2022-02-02,,,,0.50,0.0,0.0
2022-02-03,,,,0.84,8.0,8.0
2022-02-04,,,,0.40,6.0,14.0
2022-02-05,,,,0.01,1.5,13.0
2022-02-06,,,,0.00,0.0,11.0
2022-02-07,,,,0.00,0.0,10.0
2022-02-08,,,,0.00,0.0,8.0
2022-02-09,,,,0.00,0.0,6.0
2022-02-10,,,,0.00,0.0,5.0
2022-02-11,,,,0.00,0.0,5.0
2022-02-12,,,,0.54,0.0,4.0
2022-02-13,,,,0.03,0.2,4.0
2022-02-14,,,,0.00,0.0,5.0
2022-02-15,,,,0.00,0.0,5.0
2022-02-16,,,,0.01,0.0,3.0
2022-02-17,,,,0.70,0.0,0.0
2022-02-18,,,,0.40,4.0,4.0
2022-02-19,,,,0.00,0.0,3.0
2022-02-20,,,,0.00,0.0,2.0
2022-02-21,,,,0.00,0.0,0.0
2022-02-22,,,,0.18,0.0,0.0
2022-02-23,,,,0.16,0.0,0.0
2022-02-24,,,,0.04,0.5,0.0
2022-02-25,,,,0.18,2.0,2.0
2022-02-26,,,,0.00,0.0,1.0
2022-02-27,,,,0.00,0.0,0.0
2022-02-28,,,,0.00,0.0,0.0
2022-03-01,,,,0.00,0.0,0.0
2022-03-02,,,,0.00,0.0,0.0
2022-03-03,,,,0.00,0.0,0.0
2022-03-04,,,,0.00,0.0,0.0
2022-03-05,,,,0.00,0.0,0.0
2022-03-06,,,,0.15,0.0,0.0
2022-03-07,,,,1.03,0.0,0.0
2022-03-08,,,,,0.0,0.0
2022-03-09,,,,0.00,0.0,0.0
2022-03-10,,,,0.00,0.0,0.0
2022-03-11,,,,0.03,1.0,1.0
2022-03-12,,,,0.00,0.0,0.0
2022-03-13,,,,0.00,0.0,0.0
2022-03-14,,,,0.00,0.0,0.0
2022-03-15,,,,0.00,0.0,0.0
2022-03-16,,,,0.00,0.0,0.0
2022-03-17,,,,0.00,0.0,0.0
2022-03-18,,,,0.00,0.0,0.0
2022-03-19,,,,0.59,0.0,0.0
2022-03-20,,,,0.17,0.0,0.0
2022-03-21,,,,0.00,0.0,0.0
2022-03-22,,,,0.09,0.0,0.0
2022-03-23,,,,0.80,0.0,0.0
2022-03-24,,,,0.10,0.0,0.0
2022-03-25,,,,0.07,0.0,0.0
2022-03-26,,,,0.10,0.1,1.0
2022-03-27,,,,0.00,0.0,0.0
2022-03-28,,,,0.00,0.0,0.0
2022-03-29,,,,0.00,0.0,0.0
2022-03-30,,,,0.00,0.0,0.0
2022-03-31,,,,0.55,0.0,0.0
2022-04-01,,,,0.17,,0.0
2022-04-02,,,,0.00,0.0,0.0
2022-04-03,,,,0.03,0.0,0.0
2022-04-04,,,,0.03,0.0,0.0
2022-04-05,,,,0.00,0.0,0.0
2022-04-06,,,,0.08,0.0,0.0
2022-04-07,,,,0.30,0.0,0.0
2022-04-08,,,,0.05,0.0,0.0
2022-04-09,,,,0.32,,0.0
2022-04-10,,,,0.00,0.0,0.0
2022-04-11,,,,0.00,0.0,0.0
2022-04-12,,,,0.00,0.0,0.0
2022-04-13,,,,0.00,0.0,0.0
2022-04-14,,,,1.20,0.0,0.0
2022-04-15,,,,0.00,0.0,0.0
2022-04-16,,,,0.04,0.0,0.0
2022-04-17,,,,0.00,0.0,0.0
2022-04-18,,,,0.10,,0.0
2022-04-19,,,,0.10,,0.0
2022-04-20,,,,0.01,0.0,0.0
2022-04-21,,,,0.14,0.0,0.0
2022-04-22,,,,0.03,0.0,0.0
2022-04-23,,,,0.00,0.0,0.0
2022-04-24,,,,0.00,0.0,0.0
2022-04-25,,,,0.43,0.0,0.0
2022-04-26,,,,0.02,0.0,0.0
2022-04-27,,,,0.00,0.0,0.0
2022-04-28,,,,0.00,0.0,0.0
2022-04-29,,,,0.01,0.0,0.0
2022-04-30,,,,0.00,0.0,0.0
2022-05-01,,,,0.30,0.0,0.0
2022-05-02,,,,0.00,0.0,0.0
2022-05-03,,,,0.11,0.0,0.0
2022-05-04,,,,0.57,0.0,0.0
2022-05-05,,,,0.00,0.0,0.0
2022-05-06,,,,0.65,0.0,0.0
2022-05-07,,,,0.10,0.0,0.0
2022-05-08,,,,0.00,0.0,0.0
2022-05-09,,,,0.00,0.0,0.0
2022-05-10,,,,0.00,0.0,0.0
2022-05-11,,,,0.00,0.0,0.0
2022-05-12,,,,0.00,0.0,0.0
2022-05-13,,,,0.00,0.0,0.0
2022-05-14,,,,0.00,0.0,0.0
2022-05-15,,,,0.19,0.0,0.0
2022-05-16,,,,0.95,0.0,0.0
2022-05-17,,,,0.00,0.0,0.0
2022-05-18,,,,0.03,0.0,0.0
2022-05-19,,,,0.18,0.0,0.0
2022-05-20,,,,0.01,0.0,0.0
2022-05-21,,,,,0.0,0.0
2022-05-22,,,,,0.0,0.0
2022-05-23,,,,0.00,0.0,0.0
2022-05-24,,,,0.00,0.0,0.0
2022-05-25,,,,0.04,0.0,0.0
2022-05-26,,,,0.12,0.0,0.0
2022-05-27,,,,1.56,0.0,0.0
2022-05-28,,,,,0.0,0.0
2022-05-29,,,,0.00,0.0,0.0
2022-05-30,,,,0.00,0.0,0.0
2022-05-31,,,,0.00,0.0,0.0
2022-06-01,,,,0.00,0.0,0.0
2022-06-02,,,,0.00,0.0,0.0
2022-06-03,,,,0.00,0.0,0.0
2022-06-04,,,,0.00,0.0,0.0
2022-06-05,,,,0.00,0.0,0.0
2022-06-06,,,,0.00,0.0,0.0
2022-06-07,,,,0.00,0.0,0.0
2022-06-08,,,,0.00,0.0,0.0
2022-06-09,,,,0.19,0.0,0.0
2022-06-10,,,,0.00,0.0,0.0
2022-06-11,,,,0.14,0.0,0.0
2022-06-12,,,,0.56,0.0,0.0
2022-06-13,,,,1.02,0.0,0.0
2022-06-14,,,,0.00,0.0,0.0
2022-06-15,,,,0.00,0.0,0.0
2022-06-16,,,,0.00,0.0,0.0
2022-06-17,,,,0.00,0.0,0.0
2022-06-18,,,,0.00,0.0,0.0
2022-06-19,,,,0.00,0.0,0.0
2022-06-20,,,,0.00,0.0,0.0
2022-06-21,,,,0.00,0.0,0.0
2022-06-22,,,,0.00,0.0,0.0
2022-06-23,,,,0.00,0.0,0.0
2022-06-24,,,,0.00,0.0,0.0
2022-06-25,,,,0.00,0.0,0.0
2022-06-26,,,,0.05,0.0,0.0
2022-06-27,,,,0.04,0.0,0.0
2022-06-28,,,,0.00,0.0,0.0
2022-06-29,,,,0.00,0.0,0.0
2022-06-30,,,,0.00,0.0,0.0
2022-07-01,,,,0.00,0.0,0.0
2022-07-02,,,,0.00,0.0,0.0
2022-07-03,,,,0.00,0.0,0.0
2022-07-04,,,,0.00,0.0,0.0
2022-07-05,,,,0.00,0.0,0.0
2022-07-06,,,,0.10,0.0,0.0
2022-07-07,,,,0.01,0.0,0.0
2022-07-08,,,,0.14,0.0,0.0
2022-07-09,,,,0.43,0.0,0.0
2022-07-10,,,,0.00,0.0,0.0
2022-07-11,,,,0.00,0.0,0.0
2022-07-12,,,,0.00,0.0,0.0
2022-07-13,,,,0.00,0.0,0.0
2022-07-14,,,,0.10,0.0,0.0
2022-07-15,,,,0.00,0.0,0.0
2022-07-16,,,,0.10,0.0,0.0
2022-07-17,,,,0.30,0.0,0.0
2022-07-18,,,,0.03,0.0,0.0
2022-07-19,,,,0.00,0.0,0.0
2022-07-20,,,,0.00,0.0,0.0
2022-07-21,,,,0.00,0.0,0.0
2022-07-22,,,,0.00,0.0,0.0
2022-07-23,,,,0.00,0.0,0.0
2022-07-24,,,,0.22,0.0,0.0
2022-07-25,,,,0.18,0.0,0.0
2022-07-26,,,,0.00,0.0,0.0
2022-07-27,,,,0.00,0.0,0.0
2022-07-28,,,,0.01,0.0,0.0
2022-07-29,,,,0.00,0.0,0.0
2022-07-30,,,,0.00,0.0,0.0
2022-07-31,,,,0.00,0.0,0.0
2022-08-01,,,,0.00,0.0,0.0
2022-08-02,,,,0.60,0.0,0.0
2022-08-03,,,,0.00,0.0,0.0
2022-08-04,,,,0.82,0.0,0.0
2022-08-05,,,,0.00,0.0,0.0
2022-08-06,,,,0.32,0.0,0.0
2022-08-07,,,,0.00,0.0,0.0
2022-08-08,,,,0.00,0.0,0.0
2022-08-09,,,,0.40,0.0,0.0
2022-08-10,,,,0.00,0.0,0.0
2022-08-11,,,,0.00,0.0,0.0
2022-08-13,,,,0.00,0.0,0.0
2022-08-14,,,,0.00,0.0,0.0
2022-08-15,,,,0.77,0.0,0.0
2022-08-16,,,,0.00,0.0,0.0
2022-08-17,,,,0.00,0.0,0.0
2022-08-18,,,,0.00,0.0,0.0
2022-08-19,,,,0.00,0.0,0.0
2022-08-20,,,,0.00,0.0,0.0
2022-08-21,,,,0.33,,0.0
2022-08-22,,,,0.00,0.0,0.0
2022-08-23,,,,0.00,0.0,0.0
2022-08-24,,,,0.00,0.0,0.0
2022-08-25,,,,0.00,0.0,0.0
2022-08-26,,,,0.17,0.0,0.0
2022-08-27,,,,0.00,0.0,0.0
2022-08-28,,,,0.00,0.0,0.0
2022-08-29,,,,0.27,0.0,0.0
2022-08-30,,,,2.00,0.0,0.0
2022-08-31,,,,0.00,0.0,0.0
2022-09-01,,,,0.00,0.0,0.0
2022-09-02,,,,0.00,0.0,0.0
2022-09-03,,,,0.00,0.0,0.0
2022-09-04,,,,0.00,0.0,0.0
2022-09-06,,,,0.00,0.0,0.0
2022-09-07,,,,0.00,0.0,0.0
2022-09-08,,,,0.00,0.0,0.0
2022-09-09,,,,0.00,0.0,0.0
2022-09-10,,,,0.00,0.0,0.0
2022-09-11,,,,0.41,0.0,0.0
2022-09-12,,,,0.29,0.0,0.0
2022-09-13,,,,0.09,0.0,0.0
2022-09-14,,,,0.00,0.0,0.0
2022-09-15,,,,0.00,0.0,0.0
2022-09-16,,,,0.00,0.0,0.0
2022-09-17,,,,0.00,0.0,0.0
2022-09-18,,,,0.00,0.0,0.0
2022-09-19,,,,0.18,0.0,0.0
2022-09-20,,,,0.00,0.0,0.0
2022-09-21,,,,0.00,0.0,0.0
2022-09-22,,,,0.00,0.0,0.0
2022-09-24,,,,0.09,0.0,0.0
2022-09-25,,,,0.04,0.0,0.0
2022-09-26,,,,0.00,0.0,0.0
2022-09-27,,,,0.00,0.0,0.0
2022-09-28,,,,0.00,0.0,0.0
2022-09-29,,,,0.00,0.0,0.0
2022-09-30,,,,,0.0,0.0
2022-10-01,,,,0.00,0.0,0.0
2022-10-02,,,,0.00,0.0,0.0
2022-10-03,,,,0.00,0.0,0.0
2022-10-04,,,,0.00,0.0,0.0
2022-10-05,,,,0.00,0.0,0.0
2022-10-06,,,,0.00,0.0,0.0
2022-10-07,,,,0.01,0.0,0.0
2022-10-08,,,,0.00,0.0,0.0
2022-10-09,,,,0.00,0.0,0.0
2022-10-10,,,,0.00,0.0,0.0
2022-10-11,,,,0.00,0.0,0.0
2022-10-12,,,,,0.0,0.0
2022-10-13,,,,,0.0,0.0
2022-10-14,,,,0.00,0.0,0.0
2022-10-15,,,,,0.0,0.0
2022-10-16,,,,0.00,0.0,0.0
2022-10-17,,,,0.00,0.0,0.0
2022-10-18,,,,0.00,0.0,0.0
2022-10-19,,,,0.00,0.0,0.0
2022-10-20,,,,0.00,0.0,0.0
2022-10-21,,,,0.00,0.0,0.0
2022-10-22,,,,0.00,0.0,0.0
2022-10-23,,,,0.00,0.0,0.0
2022-10-24,,,,0.00,0.0,0.0
2022-10-25,,,,0.00,0.0,0.0
2022-10-26,,,,1.49,0.0,0.0
2022-10-27,,,,0.20,0.0,0.0
2022-10-28,,,,0.00,0.0,0.0
2022-10-29,,,,0.00,0.0,0.0
2022-10-30,,,,0.00,0.0,0.0
2022-10-31,,,,0.02,0.0,0.0
2022-11-01,,,,0.25,0.0,0.0
2022-11-02,,,,0.00,0.0,0.0
2022-11-03,,,,0.00,0.0,0.0
2022-11-04,,,,0.00,0.0,0.0
2022-11-05,,,,,0.0,0.0
2022-11-06,,,,,0.0,0.0
2022-11-07,,,,0.00,0.0,0.0
2022-11-08,,,,0.00,0.0,0.0
2022-11-09,,,,0.00,0.0,0.0
2022-11-10,,,,0.00,0.0,0.0
2022-11-11,,,,0.00,0.0,0.0
2022-11-12,,,,0.00,0.0,0.0
2022-11-13,,,,,0.0,0.0
2022-11-14,,,,0.00,0.0,0.0
2022-11-15,,,,0.00,0.0,0.0
2022-11-16,,,,0.07,0.0,0.0
2022-11-17,,,,0.02,0.4,0.0
2022-11-18,,,,0.05,,0.0
2022-11-19,,,,0.00,0.0,0.0
2022-11-20,,,,0.00,0.0,0.0
2022-11-21,,,,0.00,0.0,0.0
2022-11-22,,,,0.00,0.0,0.0
2022-11-23,,,,0.00,0.0,0.0
2022-11-24,,,,0.00,0.0,0.0
2022-11-25,,,,0.01,0.0,0.0
2022-11-26,,,,0.00,0.0,0.0
2022-11-27,,,,0.82,0.0,0.0
2022-11-28,,,,0.30,0.0,0.0
2022-11-29,,,,0.00,0.0,0.0
2022-11-30,,,,0.30,0.0,0.0
2022-12-01,,,,0.06,0.0,0.0
2022-12-02,,,,0.00,0.0,0.0
2022-12-03,,,,0.00,0.0,0.0
2022-12-04,,,,0.00,0.0,0.0
2022-12-05,,,,0.00,0.0,0.0
2022-12-06,,,,0.00,0.0,0.0
2022-12-07,,,,0.00,0.0,0.0
2022-12-08,,,,0.00,0.0,0.0
2022-12-09,,,,0.00,0.0,0.0
2022-12-10,,,,0.15,0.0,0.0
2022-12-11,,,,0.00,0.0,0.0
2022-12-12,,,,0.00,0.0,0.0
2022-12-13,,,,0.00,0.0,0.0
2022-12-14,,,,0.06,0.0,0.0
2022-12-15,,,,0.58,0.0,0.0
2022-12-16,,,,0.00,0.0,0.0
2022-12-17,,,,0.00,0.0,0.0
2022-12-18,,,,0.00,0.0,0.0
2022-12-19,,,,0.00,0.0,0.0
2022-12-20,,,,0.00,0.0,0.0
2022-12-21,,,,0.00,0.0,0.0
2022-12-22,,,,0.00,0.0,0.0
2022-12-23,,,,0.08,1.0,1.0
2022-12-24,,,,0.00,0.0,1.0
2022-12-25,,,,0.00,0.0,0.0
2022-12-26,,,,0.00,0.0,0.0
2022-12-27,,,,0.00,0.0,0.0
2022-12-28,,,,0.00,0.0,0.0
2022-12-29,,,,0.00,0.0,0.0
2022-12-30,,,,0.00,0.0,0.0
2022-12-31,,,,0.68,0.0,0.0
2023-01-01,,,,0.00,0.0,0.0
2023-01-02,,,,0.00,0.0,0.0
2023-01-03,,,,0.37,0.0,0.0
2023-01-04,,,,0.02,0.0,0.0
2023-01-05,,,,0.00,0.0,0.0
2023-01-06,,,,0.02,0.1,0.0
2023-01-07,,,,0.00,0.0,0.0
2023-01-08,,,,0.00,0.0,0.0
2023-01-09,,,,0.00,0.0,0.0
2023-01-10,,,,0.00,0.0,0.0
2023-01-11,,,,0.00,0.0,0.0
2023-01-12,,,,0.00,0.0,0.0
2023-01-13,,,,0.01,0.0,0.0
2023-01-14,,,,0.00,0.0,0.0
2023-01-15,,,,0.00,0.0,0.0
2023-01-16,,,,0.00,0.0,0.0
2023-01-17,,,,0.18,0.0,0.0
2023-01-18,,,,0.00,0.0,0.0
2023-01-19,,,,0.77,0.0,0.0
2023-01-20,,,,0.01,0.0,0.0
2023-01-21,,,,0.00,0.0,0.0
2023-01-22,,,,0.07,1.0,1.0
2023-01-23,,,,0.02,0.0,0.0
2023-01-24,,,,0.00,0.0,0.0
2023-01-25,,,,0.05,0.5,0.0
2023-01-26,,,,0.46,2.5,2.0
2023-01-27,,,,0.03,0.4,2.0
2023-01-28,,,,0.00,0.0,1.0
2023-01-29,,,,0.07,0.0,0.0
2023-01-30,,,,0.00,0.0,0.0
2023-01-31,,,,0.00,0.0,0.0
2023-02-01,,,,0.00,0.0,0.0
2023-02-02,,,,0.00,0.0,0.0
2023-02-03,,,,0.00,0.0,0.0
2023-02-04,,,,0.00,0.0,0.0
2023-02-05,,,,0.00,0.0,0.0
2023-02-06,,,,0.00,0.0,0.0
2023-02-07,,,,0.00,0.0,0.0
2023-02-08,,,,0.00,0.0,0.0
2023-02-09,,,,0.37,0.0,0.0
2023-02-10,,,,0.08,0.0,0.0
2023-02-11,,,,0.00,0.0,0.0
2023-02-12,,,,0.00,0.0,0.0
2023-02-13,,,,0.00,0.0,0.0
2023-02-14,,,,0.00,0.0,0.0
2023-02-15,,,,0.00,0.0,0.0
2023-02-16,,,,0.00,0.0,0.0
2023-02-17,,,,0.08,0.0,0.0
2023-02-18,,,,0.00,0.0,0.0
2023-02-19,,,,0.00,0.0,0.0
2023-02-20,,,,0.00,0.0,0.0
2023-02-21,,,,0.00,0.0,0.0
2023-02-22,,,,0.75,0.0,0.0
2023-02-23,,,,1.60,0.0,0.0
2023-02-24,,,,0.00,0.0,0.0
2023-02-25,,,,0.00,0.0,0.0
2023-02-26,,,,0.00,0.0,0.0
2023-02-27,,,,0.35,0.0,0.0
2023-02-28,,,,0.39,0.0,0.0
2023-03-01,,,,0.00,0.0,0.0
2023-03-02,,,,0.00,0.0,0.0
2023-03-03,,,,0.00,0.0,0.0
2023-03-04,,,,2.10,0.1,0.0
2023-03-05,,,,0.00,0.0,0.0
2023-03-06,,,,0.00,0.0,0.0
2023-03-07,,,,0.00,0.0,0.0
2023-03-08,,,,0.00,0.0,0.0
2023-03-09,,,,0.00,0.0,0.0
2023-03-10,,,,0.12,0.0,0.0
2023-03-11,,,,0.00,0.0,0.0
2023-03-12,,,,0.11,0.0,0.0
2023-03-13,,,,0.01,0.0,0.0
2023-03-14,,,,0.05,0.4,0.0
2023-03-15,,,,0.00,0.0,0.0
2023-03-16,,,,0.00,0.0,0.0
2023-03-17,,,,0.30,0.0,0.0
2023-03-18,,,,0.03,0.3,0.0
2023-03-19,,,,0.00,0.2,0.0
2023-03-20,,,,0.00,0.0,0.0
2023-03-21,,,,0.00,0.0,0.0
2023-03-22,,,,0.04,0.0,0.0
2023-03-23,,,,1.10,0.0,0.0
2023-03-24,,,,0.25,0.0,0.0
2023-03-25,,,,0.48,0.0,0.0
2023-03-26,,,,0.02,0.0,0.0
2023-03-27,,,,0.00,0.0,0.0
2023-03-28,,,,0.00,0.0,0.0
2023-03-29,,,,0.00,0.0,0.0
2023-03-30,,,,0.00,0.0,0.0
2023-03-31,,,,0.19,0.0,0.0
2023-04-01,,,,0.50,0.0,0.0
2023-04-02,,,,0.01,0.0,0.0
2023-04-03,,,,0.00,0.0,0.0
2023-04-04,,,,0.00,0.0,0.0
2023-04-05,,,,0.00,0.0,0.0
2023-04-06,,,,0.45,0.0,0.0
2023-04-07,,,,0.00,0.0,0.0
2023-04-08,,,,0.00,0.0,0.0
2023-04-09,,,,0.01,0.0,0.0
2023-04-10,,,,0.00,0.0,0.0
2023-04-11,,,,0.00,0.0,0.0
2023-04-12,,,,0.00,0.0,0.0
2023-04-13,,,,0.00,0.0,0.0
2023-04-14,,,,0.00,0.0,0.0
2023-04-15,,,,0.00,0.0,0.0
2023-04-16,,,,0.09,0.0,0.0
2023-04-17,,,,0.06,0.0,0.0
2023-04-18,,,,0.00,0.0,0.0
2023-04-19,,,,0.00,0.0,0.0
2023-04-20,,,,0.01,0.0,0.0
2023-04-21,,,,1.02,0.0,0.0
2023-04-22,,,,0.03,0.0,0.0
2023-04-23,,,,0.02,0.0,0.0
2023-04-24,,,,0.00,0.0,0.0
2023-04-25,,,,0.00,0.0,0.0
2023-04-26,,,,0.00,0.0,0.0
2023-04-27,,,,0.00,0.0,0.0
2023-04-28,,,,0.06,0.0,0.0
2023-04-29,,,,0.02,0.0,0.0
2023-04-30,,,,0.13,0.0,0.0
2023-05-01,,,,0.16,0.0,0.0
2023-05-02,,,,0.27,0.0,0.0
2023-05-03,,,,0.00,0.0,0.0
2023-05-04,,,,0.00,0.0,0.0
2023-05-05,,,,0.00,0.0,0.0
2023-05-06,,,,0.00,0.0,0.0
2023-05-07,,,,0.08,0.0,0.0
2023-05-08,,,,0.35,0.0,0.0
2023-05-09,,,,0.00,0.0,0.0
2023-05-10,,,,0.00,0.0,0.0
2023-05-11,,,,0.00,0.0,0.0
2023-05-12,,,,0.00,0.0,0.0
2023-05-13,,,,0.00,0.0,0.0
2023-05-14,,,,0.28,0.0,0.0
2023-05-15,,,,0.17,0.0,0.0
2023-05-16,,,,0.00,0.0,0.0
2023-05-17,,,,0.00,0.0,0.0
2023-05-18,,,,0.00,0.0,0.0
2023-05-19,,,,0.00,0.0,0.0
2023-05-20,,,,0.40,0.0,0.0
2023-05-21,,,,0.00,0.0,0.0
2023-05-22,,,,0.00,0.0,0.0
2023-05-23,,,,0.00,0.0,0.0
2023-05-24,,,,0.00,0.0,0.0
2023-05-25,,,,0.00,0.0,0.0
2023-05-26,,,,0.00,0.0,0.0
2023-05-27,,,,0.00,0.0,0.0
2023-05-28,,,,0.00,0.0,0.0
2023-05-29,,,,0.00,0.0,0.0
2023-05-30,,,,0.00,0.0,0.0
2023-05-31,,,,0.00,0.0,0.0
2023-06-01,,,,0.00,0.0,0.0
2023-06-02,,,,0.00,0.0,0.0
2023-06-03,,,,0.00,0.0,0.0
2023-06-04,,,,0.00,0.0,0.0
2023-06-05,,,,0.00,0.0,0.0
2023-06-06,,,,0.00,0.0,0.0
2023-06-07,,,,0.00,0.0,0.0
2023-06-08,,,,0.00,0.0,0.0
2023-06-09,,,,0.00,0.0,0.0
2023-06-10,,,,0.00,0.0,0.0
2023-06-11,,,,0.00,0.0,0.0
2023-06-12,,,,0.19,0.0,0.0
2023-06-13,,,,0.02,0.0,0.0
2023-06-14,,,,0.29,0.0,0.0
2023-06-15,,,,0.00,0.0,0.0
2023-06-16,,,,0.01,0.0,0.0
2023-06-17,,,,0.00,0.0,0.0
2023-06-18,,,,0.00,0.0,0.0
2023-06-19,,,,0.00,0.0,0.0
2023-06-20,,,,0.00,0.0,0.0
2023-06-21,,,,0.00,0.0,0.0
2023-06-22,,,,0.00,0.0,0.0
2023-06-23,,,,0.00,0.0,0.0
2023-06-24,,,,0.00,0.0,0.0
2023-06-25,,,,0.00,0.0,0.0
2023-06-26,,,,0.35,0.0,0.0
2023-06-27,,,,0.02,0.0,0.0
2023-06-28,,,,0.00,0.0,0.0
2023-06-29,,,,0.00,0.0,0.0
2023-06-30,,,,0.31,0.0,0.0
2023-07-01,,,,0.00,0.0,0.0
2023-07-02,,,,0.80,0.0,0.0
2023-07-03,,,,0.04,0.0,0.0
2023-07-04,,,,0.00,0.0,0.0
2023-07-05,,,,0.00,0.0,0.0
2023-07-06,,,,0.26,0.0,0.0
2023-07-07,,,,0.00,0.0,0.0
2023-07-08,,,,0.30,0.0,0.0
2023-07-09,,,,0.77,0.0,0.0
2023-07-10,,,,0.00,0.0,0.0
2023-07-11,,,,0.00,0.0,0.0
2023-07-12,,,,0.00,0.0,0.0
2023-07-13,,,,0.00,0.0,0.0
2023-07-14,,,,0.00,0.0,0.0
2023-07-15,,,,1.75,0.0,0.0
2023-07-16,,,,0.05,0.0,0.0
2023-07-17,,,,0.00,0.0,0.0
2023-07-18,,,,0.00,0.0,0.0
2023-07-19,,,,0.00,0.0,0.0
2023-07-20,,,,0.00,0.0,0.0
2023-07-21,,,,0.74,0.0,0.0
2023-07-22,,,,0.00,0.0,0.0
2023-07-23,,,,0.00,0.0,0.0
2023-07-24,,,,0.20,0.0,0.0
2023-07-25,,,,0.00,0.0,0.0
2023-07-26,,,,0.00,0.0,0.0
2023-07-27,,,,0.02,0.0,0.0
2023-07-28,,,,0.00,0.0,0.0
2023-07-29,,,,1.93,0.0,0.0
2023-07-30,,,,0.00,0.0,0.0
2023-07-31,,,,0.00,0.0,0.0
2023-08-01,,,,0.00,0.0,0.0
2023-08-02,,,,0.00,0.0,0.0
2023-08-03,,,,0.00,0.0,0.0
2023-08-04,,,,0.00,0.0,0.0
2023-08-05,,,,0.00,0.0,0.0
2023-08-06,,,,1.90,0.0,0.0
2023-08-07,,,,0.05,0.0,0.0
2023-08-08,,,,0.14,0.0,0.0
2023-08-09,,,,0.18,0.0,0.0
2023-08-10,,,,0.62,0.0,0.0
2023-08-11,,,,0.00,0.0,0.0
2023-08-12,,,,0.00,0.0,0.0
2023-08-13,,,,0.05,0.0,0.0
2023-08-14,,,,0.00,0.0,0.0
2023-08-15,,,,0.11,0.0,0.0
2023-08-16,,,,0.00,0.0,0.0
2023-08-17,,,,0.00,0.0,0.0
2023-08-18,,,,0.34,0.0,0.0
2023-08-19,,,,0.00,0.0,0.0
2023-08-20,,,,0.00,0.0,0.0
2023-08-21,,,,0.00,0.0,0.0
2023-08-22,,,,0.00,0.0,0.0
2023-08-23,,,,0.00,0.0,0.0
2023-08-24,,,,0.00,0.0,0.0
2023-08-25,,,,0.00,0.0,0.0
2023-08-26,,,,0.00,0.0,0.0
2023-08-27,,,,0.00,0.0,0.0
2023-08-28,,,,0.00,0.0,0.0
2023-08-29,,,,0.00,0.0,0.0
2023-08-30,,,,0.00,0.0,0.0
2023-08-31,,,,0.00,0.0,0.0
2023-09-01,,,,0.00,0.0,0.0
2023-09-02,,,,0.00,0.0,0.0
2023-09-03,,,,0.00,0.0,0.0
2023-09-04,,,,0.00,0.0,0.0
2023-09-05,,,,0.00,0.0,0.0
2023-09-06,,,,0.00,0.0,0.0
2023-09-07,,,,0.38,0.0,0.0
2023-09-08,,,,0.01,0.0,0.0
2023-09-09,,,,0.01,0.0,0.0
2023-09-10,,,,0.00,0.0,0.0
2023-09-11,,,,0.00,0.0,0.0
2023-09-12,,,,0.08,0.0,0.0
2023-09-13,,,,0.00,0.0,0.0
2023-09-14,,,,0.00,0.0,0.0
2023-09-15,,,,0.00,0.0,0.0
2023-09-16,,,,0.00,0.0,0.0
2023-09-17,,,,0.00,0.0,0.0
2023-09-18,,,,0.12,0.0,0.0
2023-09-19,,,,0.00,0.0,0.0
2023-09-20,,,,0.00,0.0,0.0
2023-09-21,,,,0.00,0.0,0.0
2023-09-22,,,,0.00,0.0,0.0
2023-09-23,,,,0.00,0.0,0.0
2023-09-24,,,,0.00,0.0,0.0
2023-09-25,,,,0.00,0.0,0.0
2023-09-26,,,,0.00,0.0,0.0
2023-09-27,,,,0.02,0.0,0.0
2023-09-28,,,,0.01,0.0,0.0
2023-09-29,,,,0.00,0.0,0.0
2023-09-30,,,,0.00,0.0,0.0
2023-10-01,,,,0.00,0.0,0.0
2023-10-02,,,,0.00,0.0,0.0
2023-10-03,,,,0.00,0.0,0.0
2023-10-04,,,,0.00,0.0,0.0
2023-10-05,,,,0.00,0.0,0.0
2023-10-06,,,,0.42,0.0,0.0
2023-10-07,,,,0.00,0.0,0.0
2023-10-08,,,,0.00,0.0,0.0
2023-10-09,,,,0.00,0.0,0.0
2023-10-10,,,,0.00,0.0,0.0
2023-10-11,,,,0.00,0.0,0.0
2023-10-12,,,,0.00,0.0,0.0
2023-10-13,,,,0.00,0.0,0.0
2023-10-14,,,,1.03,0.0,0.0
2023-10-15,,,,0.02,0.0,0.0
2023-10-16,,,,0.02,0.0,0.0
2023-10-17,,,,0.00,0.0,0.0
2023-10-18,,,,0.00,0.0,0.0
2023-10-19,,,,0.02,0.0,0.0
2023-10-20,,,,0.37,0.0,0.0
2023-10-21,,,,0.00,0.0,0.0
2023-10-22,,,,0.00,0.0,0.0
2023-10-23,,,,0.00,0.0,0.0
2023-10-24,,,,0.00,0.0,0.0
2023-10-25,,,,0.00,0.0,0.0
2023-10-26,,,,0.07,0.0,0.0
2023-10-27,,,,0.11,0.0,0.0
2023-10-28,,,,0.42,0.0,0.0
2023-10-29,,,,0.59,0.0,0.0
2023-10-30,,,,0.35,0.0,0.0
2023-10-31,,,,0.00,0.0,0.0
2023-11-01,,,,0.00,0.0,0.0
2023-11-02,,,,0.00,0.0,0.0
2023-11-03,,,,0.00,0.0,0.0
2023-11-04,,,,0.00,0.0,0.0
2023-11-05,,,,0.00,0.0,0.0
2023-11-06,,,,0.00,0.0,0.0
2023-11-07,,,,0.00,0.0,0.0
2023-11-08,,,,0.00,0.0,0.0
2023-11-09,,,,0.00,0.0,0.0
2023-11-10,,,,0.00,0.0,0.0
2023-11-11,,,,0.00,0.0,0.0
2023-11-12,,,,0.00,0.0,0.0
2023-11-13,,,,0.00,0.0,0.0
2023-11-14,,,,0.00,0.0,0.0
2023-11-15,,,,0.00,0.0,0.0
2023-11-16,,,,0.00,0.0,0.0
2023-11-17,,,,0.00,0.0,0.0
2023-11-18,,,,0.00,0.0,0.0
2023-11-19,,,,0.00,0.0,0.0
2023-11-20,,,,0.00,0.0,0.0
2023-11-21,,,,0.22,0.0,0.0
2023-11-22,,,,0.05,0.0,0.0
2023-11-23,,,,0.00,0.0,0.0
2023-11-24,,,,0.00,0.0,0.0
2023-11-25,,,,0.00,0.0,0.0
2023-11-26,,,,0.00,0.0,0.0
2023-11-27,,,,0.18,,0.0
2023-11-28,,,,0.00,0.0,0.0
2023-11-29,,,,0.00,0.0,0.0
2023-11-30,,,,0.00,0.0,0.0
2023-12-01,,,,0.26,0.0,0.0
2023-12-03,,,,,0.0,0.0
2023-12-05,,,,,0.0,0.0
2023-12-06,,,,0.06,0.0,0.0
2023-12-07,,,,0.00,0.0,0.0
2023-12-08,,,,0.00,0.0,0.0
2023-12-09,,,,0.02,0.0,0.0
2023-12-10,,,,0.00,0.0,0.0
2023-12-11,,,,0.00,0.0,0.0
2023-12-12,,,,0.00,0.0,0.0
2023-12-13,,,,0.00,0.0,0.0
2023-12-14,,,,0.00,0.0,0.0
2023-12-15,,,,0.00,0.0,0.0
2023-12-16,,,,0.00,0.0,0.0
2023-12-17,,,,0.46,0.0,0.0
2023-12-18,,,,0.01,0.0,0.0
2023-12-19,,,,0.00,0.0,0.0
2023-12-20,,,,0.00,0.0,0.0
2023-12-21,,,,0.00,0.0,0.0
2023-12-22,,,,0.00,0.0,0.0
2023-12-23,,,,0.67,0.0,0.0
2023-12-24,,,,0.02,0.0,0.0
2023-12-25,,,,0.00,0.0,0.0
2023-12-26,,,,0.18,0.0,0.0
2023-12-27,,,,0.01,0.0,0.0
2023-12-28,,,,0.00,0.0,0.0
2023-12-29,,,,0.08,0.0,0.0
2023-12-30,,,,0.02,0.0,0.0
2023-12-31,,,,0.00,0.0,0.0
2024-01-01,,,,0.01,0.0,0.0
2024-01-02,,,,0.00,0.0,0.0
2024-01-03,,,,0.00,0.0,0.0
2024-01-04,,,,0.00,0.0,0.0
2024-01-05,,,,0.00,0.0,0.0
2024-01-06,,,,0.10,1.0,1.0
2024-01-07,,,,0.07,0.4,0.0
2024-01-08,,,,0.01,0.0,0.0
2024-01-09,,,,0.43,0.0,0.0
2024-01-10,,,,0.50,0.0,0.0
2024-01-11,,,,0.00,0.0,0.0
2024-01-12,,,,0.00,0.0,0.0
2024-01-13,,,,0.72,0.5,0.0
2024-01-14,,,,0.05,1.0,1.0
2024-01-15,,,,0.00,0.0,1.0
2024-01-16,,,,0.02,0.2,1.0
2024-01-17,,,,0.00,0.0,1.0
2024-01-18,,,,0.00,0.0,1.0
2024-01-19,,,,0.13,1.5,2.0
2024-01-20,,,,0.03,1.0,3.0
2024-01-21,,,,0.00,0.0,2.0
2024-01-22,,,,0.00,0.0,2.0
2024-01-23,,,,0.76,0.0,1.0
2024-01-24,,,,0.35,0.0,0.0
2024-01-25,,,,0.23,0.0,0.0
2024-01-26,,,,0.60,0.0,0.0
2024-01-27,,,,0.02,0.0,0.0
2024-01-28,,,,0.62,0.0,0.0
2024-01-29,,,,0.07,0.0,0.0
2024-01-30,,,,0.02,0.0,0.0
2024-01-31,,,,0.01,0.0,0.0
2024-02-01,,,,0.00,0.0,0.0
2024-02-02,,,,0.00,0.0,0.0
2024-02-03,,,,0.00,0.0,0.0
2024-02-04,,,,0.00,0.0,0.0
2024-02-05,,,,0.00,0.0,0.0
2024-02-06,,,,0.00,0.0,0.0
2024-02-07,,,,0.00,0.0,0.0
2024-02-08,,,,0.00,0.0,0.0
2024-02-09,,,,0.00,0.0,0.0
2024-02-10,,,,0.00,0.0,0.0
2024-02-11,,,,0.00,0.0,0.0
2024-02-12,,,,0.00,0.0,0.0
2024-02-13,,,,0.00,0.0,0.0
2024-02-14,,,,0.00,0.0,0.0
2024-02-15,,,,0.00,0.0,0.0
2024-02-16,,,,0.00,0.0,0.0
2024-02-17,,,,0.27,4.0,4.0
2024-02-18,,,,0.00,0.0,4.0
2024-02-19,,,,0.00,0.0,1.0
2024-02-20,,,,0.00,0.0,1.0
2024-02-21,,,,0.00,0.0,0.0
2024-02-22,,,,0.00,0.0,0.0
2024-02-23,,,,0.53,0.0,0.0
2024-02-24,,,,0.02,0.0,0.0
2024-02-25,,,,0.00,0.0,0.0
2024-02-26,,,,0.00,0.0,0.0
2024-02-27,,,,0.00,0.0,0.0
2024-02-28,,,,0.01,0.0,0.0
2024-02-29,,,,0.01,0.0,0.0
2024-03-01,,,,0.00,0.0,0.0
2024-03-02,,,,0.00,0.0,0.0
2024-03-03,,,,0.00,0.0,0.0
2024-03-04,,,,0.00,0.0,0.0
2024-03-05,,,,0.42,0.0,0.0
2024-03-06,,,,0.13,0.0,0.0
2024-03-07,,,,0.00,0.0,0.0
2024-03-08,,,,0.00,0.0,0.0
2024-03-09,,,,0.62,0.0,0.0
2024-03-10,,,,0.00,0.0,0.0
2024-03-11,,,,0.00,0.0,0.0
2024-03-12,,,,0.00,0.0,0.0
2024-03-13,,,,0.00,0.0,0.0
2024-03-14,,,,0.00,0.0,0.0
2024-03-15,,,,0.57,0.0,0.0
2024-03-16,,,,0.00,0.0,0.0
2024-03-17,,,,0.00,0.0,0.0
2024-03-18,,,,0.00,0.0,0.0
2024-03-19,,,,0.00,0.0,0.0
2024-03-20,,,,0.00,0.0,0.0
2024-03-21,,,,0.00,0.0,0.0
2024-03-22,,,,0.00,0.0,0.0
2024-03-23,,,,0.02,0.0,0.0
2024-03-24,,,,0.00,0.0,0.0
2024-03-25,,,,0.00,0.0,0.0
2024-03-26,,,,0.39,0.0,0.0
2024-03-27,,,,0.02,0.0,0.0
2024-03-28,,,,0.00,0.0,0.0
2024-03-29,,,,0.02,0.0,0.0
2024-03-30,,,,0.15,0.0,0.0
2024-03-31,,,,0.00,0.0,0.0
2024-04-01,,,,0.36,0.0,0.0
2024-04-02,,,,1.53,0.0,0.0
2024-04-03,,,,0.20,0.0,0.0
2024-04-04,,,,0.21,0.0,0.0
2024-04-05,,,,0.12,0.0,0.0
2024-04-06,,,,0.00,0.0,0.0
2024-04-07,,,,0.00,0.0,0.0
2024-04-08,,,,0.16,0.0,0.0
2024-04-09,,,,0.00,0.0,0.0
2024-04-10,,,,0.00,0.0,0.0
2024-04-11,,,,0.95,0.0,0.0
2024-04-12,,,,0.34,0.0,0.0
2024-04-13,,,,0.10,0.0,0.0
2024-04-14,,,,0.00,0.0,0.0
2024-04-15,,,,0.00,0.0,0.0
2024-04-16,,,,0.00,0.0,0.0
2024-04-17,,,,0.02,0.0,0.0
2024-04-18,,,,0.02,0.0,0.0
2024-04-19,,,,0.68,0.0,0.0
2024-04-20,,,,0.00,0.0,0.0
2024-04-21,,,,0.00,0.0,0.0
2024-04-22,,,,0.00,0.0,0.0
2024-04-23,,,,0.00,0.0,0.0
2024-04-24,,,,1.06,0.0,0.0
2024-04-25,,,,0.00,0.0,0.0
2024-04-26,,,,0.00,0.0,0.0
2024-04-27,,,,0.32,0.0,0.0
2024-04-28,,,,0.11,0.0,0.0
2024-04-29,,,,0.00,0.0,0.0
2024-04-30,,,,0.43,0.0,0.0
2024-05-01,,,,0.00,0.0,0.0
2024-05-02,,,,0.00,0.0,0.0
2024-05-03,,,,0.01,0.0,0.0
2024-05-04,,,,0.02,0.0,0.0
2024-05-05,,,,0.01,0.0,0.0
2024-05-06,,,,0.00,0.0,0.0
2024-05-07,,,,0.00,0.0,0.0
2024-05-08,,,,0.32,0.0,0.0
2024-05-09,,,,0.05,0.0,0.0
2024-05-10,,,,0.10,0.0,0.0
2024-05-11,,,,0.05,0.0,0.0
2024-05-12,,,,0.00,0.0,0.0
2024-05-13,,,,0.00,0.0,0.0
2024-05-14,,,,0.00,0.0,0.0
2024-05-15,,,,0.27,0.0,0.0
2024-05-16,,,,0.40,0.0,0.0
2024-05-17,,,,0.01,0.0,0.0
2024-05-18,,,,0.00,0.0,0.0
2024-05-19,,,,0.00,0.0,0.0
2024-05-20,,,,0.29,0.0,0.0
2024-05-21,,,,0.00,0.0,0.0
2024-05-22,,,,0.00,0.0,0.0
2024-05-23,,,,0.00,0.0,0.0
2024-05-24,,,,0.00,0.0,0.0
2024-05-25,,,,2.31,,
2024-05-26,,,,0.00,0.0,0.0
2024-05-27,,,,0.55,0.0,0.0
2024-05-28,,,,0.01,0.0,0.0
2024-05-29,,,,0.01,0.0,0.0
2024-05-30,,,,0.00,0.0,0.0
2024-05-31,,,,0.00,0.0,0.0
2024-06-01,,,,0.00,0.0,0.0
2024-06-02,,,,0.25,0.0,0.0
2024-06-03,,,,0.01,0.0,0.0
2024-06-04,,,,0.00,0.0,0.0
2024-06-05,,,,0.00,0.0,0.0
2024-06-06,,,,0.35,0.0,0.0
2024-06-07,,,,0.00,0.0,0.0
2024-06-08,,,,0.00,0.0,0.0
2024-06-09,,,,0.00,0.0,0.0
2024-06-10,,,,0.00,0.0,0.0
2024-06-11,,,,0.00,0.0,0.0
2024-06-12,,,,0.00,0.0,0.0
2024-06-13,,,,0.00,0.0,0.0
2024-06-14,,,,0.67,0.0,0.0
2024-06-15,,,,0.00,0.0,0.0
2024-06-16,,,,0.00,0.0,0.0
2024-06-17,,,,0.00,0.0,0.0
2024-06-18,,,,0.00,0.0,0.0
2024-06-19,,,,0.01,0.0,0.0
2024-06-20,,,,0.00,0.0,0.0
2024-06-21,,,,0.00,0.0,0.0
2024-06-22,,,,0.00,0.0,0.0
2024-06-23,,,,0.30,0.0,0.0
2024-06-24,,,,0.00,0.0,0.0
2024-06-25,,,,0.08,0.0,0.0
2024-06-26,,,,0.01,0.0,0.0
2024-06-27,,,,0.13,0.0,0.0
2024-06-28,,,,0.00,0.0,0.0
2024-06-29,,,,0.03,0.0,0.0
2024-06-30,,,,0.83,0.0,0.0
2024-07-01,,,,0.00,0.0,0.0
2024-07-02,,,,0.00,0.0,0.0
2024-07-03,,,,0.00,0.0,0.0
2024-07-04,,,,0.00,0.0,0.0
2024-07-05,,,,0.17,0.0,0.0
2024-07-06,,,,0.08,0.0,0.0
2024-07-07,,,,0.00,0.0,0.0
2024-07-08,,,,0.00,0.0,0.0
2024-07-09,,,,0.00,0.0,0.0
2024-07-10,,,,2.80,0.0,0.0
2024-07-11,,,,0.20,0.0,0.0
2024-07-12,,,,0.00,0.0,0.0
2024-07-13,,,,0.00,0.0,0.0
2024-07-14,,,,0.00,0.0,0.0
2024-07-15,,,,0.96,0.0,0.0
2024-07-16,,,,0.62,0.0,0.0
2024-07-17,,,,0.00,0.0,0.0
2024-07-18,,,,0.00,0.0,0.0
2024-07-19,,,,0.00,0.0,0.0
2024-07-20,,,,0.00,0.0,0.0
2024-07-21,,,,0.00,0.0,0.0
2024-07-22,,,,0.00,0.0,0.0
2024-07-23,,,,0.00,0.0,0.0
2024-07-24,,,,0.00,0.0,0.0
2024-07-25,,,,0.18,0.0,0.0
2024-07-26,,,,0.00,0.0,0.0
2024-07-27,,,,0.00,0.0,0.0
2024-07-28,,,,0.00,0.0,0.0
2024-07-29,,,,0.22,0.0,0.0
2024-07-30,,,,0.01,0.0,0.0
2024-07-31,,,,0.00,0.0,0.0
2024-08-01,,,,0.30,0.0,0.0
2024-08-02,,,,0.02,0.0,0.0
2024-08-03,,,,0.07,0.0,0.0
2024-08-04,,,,0.00,0.0,0.0
2024-08-05,,,,0.00,0.0,0.0
2024-08-06,,,,0.00,0.0,0.0
2024-08-07,,,,0.00,0.0,0.0
2024-08-08,,,,0.00,0.0,0.0
2024-08-09,,,,0.00,0.0,0.0
2024-08-10,,,,0.00,0.0,0.0
2024-08-11,,,,0.00,0.0,0.0
2024-08-12,,,,0.00,0.0,0.0
2024-08-13,,,,0.00,0.0,0.0
2024-08-14,,,,0.00,0.0,0.0
2024-08-15,,,,0.00,0.0,0.0
2024-08-16,,,,1.36,0.0,0.0
2024-08-17,,,,0.55,0.0,0.0
2024-08-18,,,,0.14,0.0,0.0
2024-08-19,,,,0.00,0.0,0.0
2024-08-20,,,,0.00,0.0,0.0
2024-08-21,,,,0.00,0.0,0.0
2024-08-22,,,,0.00,0.0,0.0
2024-08-23,,,,0.00,0.0,0.0
2024-08-24,,,,0.00,0.0,0.0
2024-08-25,,,,0.00,0.0,0.0
2024-08-26,,,,0.00,0.0,0.0
2024-08-27,,,,0.00,0.0,0.0
2024-08-28,,,,0.20,0.0,0.0
2024-08-29,,,,0.05,0.0,0.0
2024-08-30,,,,0.00,0.0,0.0
2024-08-31,,,,0.21,0.0,0.0
2024-09-01,,,,0.00,0.0,0.0
2024-09-02,,,,0.00,0.0,0.0
2024-09-03,,,,0.00,0.0,0.0
2024-09-04,,,,0.00,0.0,0.0
2024-09-05,,,,0.00,0.0,0.0
2024-09-06,,,,0.03,0.0,0.0
2024-09-07,,,,0.00,0.0,0.0
2024-09-08,,,,0.00,0.0,0.0
2024-09-09,,,,0.00,0.0,0.0
2024-09-10,,,,0.00,0.0,0.0
2024-09-11,,,,0.00,0.0,0.0
2024-09-12,,,,0.00,0.0,0.0
2024-09-13,,,,0.00,0.0,0.0
2024-09-14,,,,0.00,0.0,0.0
2024-09-15,,,,0.00,0.0,0.0
2024-09-16,,,,0.00,0.0,0.0
2024-09-17,,,,0.00,0.0,0.0
2024-09-18,,,,0.00,0.0,0.0
2024-09-19,,,,0.00,0.0,0.0
2024-09-20,,,,0.00,0.0,0.0
2024-09-21,,,,0.00,0.0,0.0
2024-09-22,,,,0.00,0.0,0.0
2024-09-23,,,,0.36,0.0,0.0
2024-09-24,,,,0.22,0.0,0.0
2024-09-25,,,,0.28,0.0,0.0
2024-09-26,,,,0.00,0.0,0.0
2024-09-27,,,,0.03,0.0,0.0
2024-09-28,,,,0.41,0.0,0.0
2024-09-29,,,,0.01,0.0,0.0
2024-09-30,,,,0.00,0.0,0.0
2024-10-01,,,,0.00,0.0,0.0
2024-10-02,,,,0.00,0.0,0.0
2024-10-03,,,,0.00,0.0,0.0
2024-10-04,,,,0.00,0.0,0.0
2024-10-05,,,,0.00,0.0,0.0
2024-10-06,,,,0.00,0.0,0.0
2024-10-07,,,,0.00,0.0,0.0
2024-10-08,,,,0.00,0.0,0.0
2024-10-09,,,,0.00,0.0,0.0
2024-10-10,,,,0.00,0.0,0.0
2024-10-11,,,,0.00,0.0,0.0
2024-10-12,,,,0.00,0.0,0.0
2024-10-13,,,,0.00,0.0,0.0
2024-10-14,,,,0.00,0.0,0.0
2024-10-15,,,,0.01,0.0,0.0
2024-10-16,,,,0.00,0.0,0.0
2024-10-17,,,,0.00,0.0,0.0
2024-10-18,,,,0.00,0.0,0.0
2024-10-19,,,,0.00,0.0,0.0
2024-10-20,,,,0.00,0.0,0.0
2024-10-21,,,,0.00,0.0,0.0
2024-10-22,,,,0.00,0.0,0.0
2024-10-23,,,,0.01,0.0,0.0
2024-10-24,,,,0.00,0.0,0.0
2024-10-25,,,,0.03,0.0,0.0
2024-10-26,,,,0.02,0.0,0.0
2024-10-27,,,,0.00,0.0,0.0
2024-10-28,,,,0.00,0.0,0.0
2024-10-29,,,,0.00,0.0,0.0
2024-10-30,,,,0.00,0.0,0.0
2024-10-31,,,,0.00,0.0,0.0
2024-11-01,,,,0.11,0.0,0.0
2024-11-02,,,,0.00,0.0,0.0
2024-11-03,,,,0.00,0.0,0.0
2024-11-04,,,,0.06,0.0,0.0
2024-11-05,,,,0.35,0.0,0.0
2024-11-06,,,,0.12,0.0,0.0
2024-11-07,,,,0.15,0.0,0.0
2024-11-08,,,,0.00,0.0,0.0
2024-11-09,,,,0.00,0.0,0.0
2024-11-10,,,,0.40,0.0,0.0
2024-11-11,,,,0.00,0.0,0.0
2024-11-12,,,,0.00,0.0,0.0
2024-11-13,,,,0.00,0.0,0.0
2024-11-14,,,,,0.0,0.0
2024-11-15,,,,,0.0,0.0
2024-11-16,,,,,0.0,0.0
2024-11-17,,,,0.00,0.0,0.0
2024-11-18,,,,,0.0,0.0
2024-11-19,,,,,0.0,0.0
2024-11-20,,,,,0.0,0.0
2024-11-23,,,,,0.0,
2024-11-24,,,,,0.0,0.0
2024-11-25,,,,0.00,0.0,0.0
2024-11-26,,,,,0.0,0.0
2024-11-27,,,,0.00,0.0,0.0
2024-11-28,,,,0.45,0.0,0.0
2024-11-29,,,,0.00,0.0,0.0
2024-11-30,,,,0.00,0.0,0.0
2024-12-01,,,,0.00,0.0,0.0
2024-12-02,,,,0.00,0.0,0.0
2024-12-03,,,,0.01,0.2,0.0
2024-12-04,,,,0.00,0.0,0.0
2024-12-05,,,,0.00,0.0,0.0
2024-12-06,,,,0.00,0.0,0.0
2024-12-07,,,,0.00,0.0,0.0
2024-12-08,,,,0.00,0.0,0.0
2024-12-09,,,,0.33,0.0,0.0
2024-12-10,,,,0.00,0.0,0.0
2024-12-11,,,,0.00,0.0,0.0
2024-12-12,,,,0.02,0.3,0.0
2024-12-13,,,,0.07,2.0,2.0
2024-12-14,,,,0.00,0.0,1.0
2024-12-15,,,,0.55,0.0,0.0
2024-12-16,,,,0.04,0.0,0.0
2024-12-17,,,,0.00,0.0,0.0
2024-12-18,,,,0.00,0.0,0.0
2024-12-19,,,,0.00,0.0,0.0
2024-12-20,,,,0.02,0.0,0.0
2024-12-21,,,,0.04,0.4,
2024-12-22,,,,0.00,0.0,0.0
2024-12-23,,,,0.00,0.0,0.0
2024-12-24,,,,0.00,0.0,0.0
2024-12-25,,,,0.03,0.0,0.0
2024-12-26,,,,0.06,0.0,0.0
2024-12-27,,,,0.01,0.0,0.0
2024-12-28,,,,0.16,0.0,0.0
2024-12-29,,,,0.79,0.0,0.0
2024-12-30,,,,1.03,0.0,0.0
2024-12-31,,,,0.39,0.0,0.0
2025-01-01,,,,0.64,0.0,0.0
2025-01-02,,,,0.00,0.0,0.0
2025-01-03,,,,0.07,0.0,0.0
2025-01-04,,,,0.00,0.0,0.0
2025-01-05,,,,0.00,0.0,0.0
2025-01-06,,,,0.00,0.0,0.0
2025-01-07,,,,0.00,0.0,0.0
2025-01-08,,,,0.00,0.0,0.0
2025-01-09,,,,0.00,0.0,0.0
2025-01-10,,,,0.00,0.0,0.0
2025-01-11,,,,0.30,3.0,3.0
2025-01-12,,,,0.00,0.0,2.0
2025-01-13,,,,0.00,0.0,2.0
2025-01-14,,,,0.00,0.0,2.0
2025-01-15,,,,0.11,1.0,3.0
2025-01-16,,,,0.00,0.0,3.0
2025-01-17,,,,0.00,0.0,3.0
2025-01-18,,,,0.14,0.0,0.0
2025-01-19,,,,0.00,0.0,0.0
2025-01-20,,,,0.00,0.0,0.0
2025-01-21,,,,0.01,0.2,0.0
2025-01-22,,,,0.00,0.0,0.0
2025-01-23,,,,0.00,0.0,0.0
2025-01-24,,,,0.01,0.3,0.0
2025-01-25,,,,0.00,0.0,0.0
2025-01-26,,,,0.00,0.0,0.0
2025-01-27,,,,0.00,0.0,0.0
2025-01-28,,,,0.00,0.0,0.0
2025-01-29,,,,0.00,0.0,0.0
2025-01-30,,,,0.00,0.0,0.0
2025-01-31,,,,0.10,0.0,0.0
2025-02-01,,,,0.28,0.0,0.0
2025-02-02,,,,0.00,0.0,0.0
2025-02-03,,,,0.00,0.0,0.0
2025-02-04,,,,0.00,0.0,0.0
2025-02-05,,,,0.00,0.0,0.0
2025-02-06,,,,0.02,0.0,0.0
2025-02-07,,,,0.00,0.0,0.0
2025-02-08,,,,0.00,0.0,0.0
2025-02-09,,,,0.24,0.0,0.0
2025-02-10,,,,0.00,0.0,0.0
2025-02-11,,,,0.00,0.0,0.0
2025-02-12,,,,0.00,0.0,0.0
2025-02-13,,,,0.13,1.0,1.0
2025-02-14,,,,0.00,0.0,0.0
2025-02-15,,,,0.01,0.0,0.0
2025-02-16,,,,0.16,1.0,1.0
2025-02-17,,,,0.00,0.0,1.0
2025-02-18,,,,0.00,0.0,0.0
2025-02-19,,,,0.00,0.1,0.0
2025-02-20,,,,0.02,0.3,0.0
2025-02-21,,,,0.00,0.0,0.0
2025-02-22,,,,0.00,0.0,0.0
2025-02-23,,,,0.00,0.0,0.0
2025-02-24,,,,0.00,0.0,0.0
2025-02-25,,,,0.00,0.0,0.0
2025-02-26,,,,0.01,0.0,0.0
2025-02-27,,,,0.04,0.0,0.0
2025-02-28,,,,0.00,0.0,0.0
2025-03-01,,,,0.00,0.0,0.0
2025-03-02,,,,0.00,0.0,0.0
2025-03-03,,,,0.00,0.0,0.0
2025-03-04,,,,0.04,0.0,0.0
2025-03-05,,,,0.36,0.0,0.0
2025-03-06,,,,0.14,0.1,0.0
2025-03-07,,,,0.00,0.0,0.0
2025-03-08,,,,0.00,0.0,0.0
2025-03-09,,,,0.00,0.0,0.0
2025-03-10,,,,0.00,0.0,0.0
2025-03-11,,,,0.00,0.0,0.0
2025-03-12,,,,0.00,0.0,0.0
2025-03-13,,,,0.00,0.0,0.0
2025-03-14,,,,0.00,0.0,0.0
2025-03-15,,,,0.22,0.0,0.0
2025-03-16,,,,0.55,0.0,0.0
2025-03-17,,,,0.00,0.0,0.0
2025-03-18,,,,0.00,0.0,0.0
2025-03-19,,,,0.00,0.0,0.0
2025-03-20,,,,0.38,0.0,0.0
2025-03-21,,,,0.02,0.0,0.0
2025-03-22,,,,0.00,0.0,0.0
2025-03-23,,,,0.00,0.0,0.0
2025-03-24,,,,0.02,0.0,0.0
2025-03-25,,,,0.00,0.0,0.0
2025-03-26,,,,0.01,0.0,0.0
2025-03-27,,,,0.00,0.0,0.0
2025-03-28,,,,0.10,0.0,0.0
2025-03-29,,,,0.00,0.0,0.0
2025-03-30,,,,0.20,0.0,0.0
2025-03-31,,,,0.81,0.0,0.0
2025-04-01,,,,0.00,0.0,0.0
2025-04-02,,,,0.55,0.0,0.0
2025-04-03,,,,0.40,0.0,0.0
2025-04-04,,,,0.04,0.0,0.0
2025-04-05,,,,1.38,0.0,0.0
2025-04-06,,,,0.31,0.0,0.0
2025-04-07,,,,0.00,0.0,0.0
2025-04-08,,,,0.00,0.0,0.0
2025-04-09,,,,0.00,0.0,0.0
2025-04-10,,,,0.25,0.0,0.0
2025-04-11,,,,0.00,0.0,0.0
2025-04-12,,,,0.00,0.0,0.0
2025-04-13,,,,0.00,0.0,0.0
2025-04-14,,,,0.00,0.0,0.0
2025-04-15,,,,0.00,0.0,0.0
2025-04-16,,,,0.00,0.0,0.0
2025-04-17,,,,0.00,0.0,0.0
2025-04-18,,,,0.03,0.0,0.0
2025-04-19,,,,0.20,0.0,0.0
2025-04-20,,,,0.15,0.0,0.0
2025-04-21,,,,0.37,0.0,0.0
2025-04-22,,,,0.00,0.0,0.0
2025-04-23,,,,0.00,0.0,0.0
2025-04-24,,,,0.00,0.0,0.0
2025-04-25,,,,0.00,0.0,0.0
2025-04-26,,,,0.27,0.0,0.0
2025-04-27,,,,0.00,0.0,0.0
2025-04-28,,,,0.00,0.0,0.0
2025-04-29,,,,0.00,0.0,0.0
2025-04-30,,,,0.02,0.0,0.0
2025-05-01,,,,0.50,0.0,0.0
2025-05-02,,,,0.04,0.0,0.0
2025-05-03,,,,0.00,0.0,0.0
2025-05-04,,,,0.03,0.0,0.0
2025-05-05,,,,0.48,0.0,0.0
2025-05-06,,,,0.00,0.0,0.0
2025-05-07,,,,0.00,0.0,0.0
2025-05-08,,,,0.00,0.0,0.0
2025-05-09,,,,0.00,0.0,0.0
2025-05-10,,,,0.00,0.0,0.0
2025-05-11,,,,0.00,0.0,0.0
2025-05-12,,,,0.00,0.0,0.0
2025-05-13,,,,0.00,0.0,0.0
2025-05-14,,,,0.02,0.0,0.0
2025-05-15,,,,0.05,0.0,0.0
2025-05-16,,,,0.00,0.0,0.0
2025-05-17,,,,0.37,0.0,0.0
2025-05-18,,,,0.00,0.0,0.0
2025-05-19,,,,0.00,0.0,0.0
2025-05-20,,,,,0.0,0.0
2025-05-21,,,,,0.0,0.0
2025-05-22,,,,0.10,0.0,0.0
2025-05-23,,,,0.04,0.0,0.0
2025-05-24,,,,0.00,0.0,0.0
2025-05-25,,,,0.00,0.0,0.0
2025-05-26,,,,0.00,0.0,0.0
2025-05-27,,,,0.00,0.0,0.0
2025-05-28,,,,0.00,0.0,0.0
2025-05-29,,,,0.54,0.0,0.0
2025-05-30,,,,0.01,0.0,0.0
2025-05-31,,,,0.00,0.0,0.0
2025-06-01,,,,0.00,0.0,0.0
2025-06-02,,,,0.00,0.0,0.0
2025-06-03,,,,0.00,0.0,0.0
2025-06-04,,,,0.00,0.0,0.0
2025-06-05,,,,0.78,0.0,0.0
2025-06-06,,,,0.05,0.0,0.0
2025-06-07,,,,0.00,0.0,0.0
2025-06-08,,,,1.53,0.0,0.0
2025-06-09,,,,0.17,0.0,0.0
2025-06-10,,,,0.00,0.0,0.0
2025-06-11,,,,0.00,0.0,0.0
2025-06-12,,,,0.00,0.0,0.0
2025-06-13,,,,0.00,0.0,0.0
2025-06-14,,,,1.10,0.0,0.0
2025-06-15,,,,0.17,0.0,0.0
2025-06-16,,,,0.00,0.0,0.0
2025-06-17,,,,0.00,0.0,0.0
2025-06-18,,,,0.00,0.0,0.0
2025-06-19,,,,1.35,0.0,0.0
2025-06-20,,,,0.00,0.0,0.0
2025-06-21,,,,0.00,0.0,0.0
2025-06-22,,,,0.00,0.0,0.0
2025-06-23,,,,0.00,0.0,0.0
2025-06-24,,,,0.00,0.0,0.0
2025-06-25,,,,0.15,0.0,0.0
2025-06-26,,,,0.00,0.0,0.0
2025-06-27,,,,0.16,0.0,0.0
2025-06-28,,,,0.50,0.0,0.0
2025-06-29,,,,0.00,0.0,0.0
2025-06-30,,,,0.00,0.0,0.0
2025-07-01,,,,0.00,0.0,0.0
2025-07-02,,,,0.00,0.0,0.0
2025-07-03,,,,0.00,0.0,0.0
2025-07-04,,,,0.00,0.0,0.0
2025-07-05,,,,0.00,0.0,0.0
2025-07-06,,,,0.00,0.0,0.0
2025-07-07,,,,0.33,0.0,0.0
2025-07-08,,,,0.00,0.0,0.0
2025-07-09,,,,0.02,0.0,0.0
2025-07-10,,,,0.05,0.0,0.0
2025-07-11,,,,0.00,0.0,0.0
2025-07-12,,,,0.00,0.0,0.0
2025-07-13,,,,0.05,0.0,0.0
2025-07-14,,,,0.27,0.0,0.0
2025-07-15,,,,0.00,0.0,0.0
2025-07-16,,,,0.00,0.0,0.0
2025-07-17,,,,0.18,0.0,0.0
2025-07-18,,,,0.65,0.0,0.0
2025-07-19,,,,0.00,0.0,0.0
2025-07-20,,,,0.68,0.0,0.0
2025-07-21,,,,1.29,0.0,0.0
2025-07-22,,,,0.00,0.0,0.0
2025-07-23,,,,0.00,0.0,0.0
2025-07-24,,,,0.00,0.0,0.0
2025-07-25,,,,0.00,0.0,0.0
2025-07-26,,,,0.40,0.0,0.0
2025-07-27,,,,0.50,0.0,0.0
2025-07-28,,,,0.68,0.0,0.0
2025-07-29,,,,0.02,0.0,0.0
2025-07-30,,,,0.00,0.0,0.0
2025-07-31,,,,0.52,0.0,0.0
2025-08-01,,,,0.32,0.0,0.0
2025-08-02,,,,0.00,0.0,0.0
2025-08-03,,,,0.00,0.0,0.0
2025-08-04,,,,0.00,0.0,0.0
2025-08-05,,,,0.00,0.0,0.0
2025-08-06,,,,0.00,0.0,0.0
2025-08-07,,,,0.00,0.0,0.0
2025-08-08,,,,0.00,0.0,0.0
2025-08-09,,,,0.00,0.0,0.0
2025-08-10,,,,0.00,0.0,0.0
2025-08-11,,,,0.00,0.0,0.0
2025-08-12,,,,0.00,0.0,0.0
2025-08-13,,,,0.03,0.0,0.0
2025-08-14,,,,0.00,0.0,0.0
2025-08-15,,,,0.00,0.0,0.0
2025-08-16,,,,0.00,0.0,0.0
2025-08-17,,,,0.08,0.0,0.0
2025-08-18,,,,0.74,0.0,0.0
2025-08-19,,,,0.45,0.0,0.0
2025-08-20,,,,0.01,0.0,0.0
2025-08-21,,,,0.00,0.0,0.0
2025-08-22,,,,0.00,0.0,0.0
2025-08-23,,,,0.00,0.0,0.0
2025-08-24,,,,0.00,0.0,0.0
2025-08-25,,,,0.00,0.0,0.0
2025-08-26,,,,0.00,0.0,0.0
2025-08-27,,,,0.00,0.0,0.0
2025-08-28,,,,0.00,0.0,0.0
2025-08-29,,,,0.13,0.0,0.0
2025-08-30,,,,0.00,0.0,0.0
2025-08-31,,,,0.00,0.0,0.0
2025-09-01,,,,0.00,0.0,0.0
2025-09-02,,,,0.00,0.0,0.0
2025-09-03,,,,0.00,0.0,0.0
2025-09-04,,,,0.62,0.0,0.0
2025-09-05,,,,0.00,0.0,0.0
2025-09-06,,,,0.00,0.0,0.0
2025-09-07,,,,0.00,0.0,0.0
2025-09-08,,,,0.00,0.0,0.0
2025-09-09,,,,0.00,0.0,0.0
2025-09-10,,,,0.00,0.0,0.0
2025-09-11,,,,0.00,0.0,0.0
2025-09-12,,,,0.00,0.0,0.0
2025-09-13,,,,0.00,0.0,0.0
2025-09-14,,,,0.50,0.0,0.0
2025-09-15,,,,0.00,0.0,0.0
2025-09-16,,,,0.00,0.0,0.0
2025-09-17,,,,0.00,0.0,0.0
2025-09-18,,,,0.00,0.0,0.0
2025-09-19,,,,0.00,0.0,0.0
2025-09-20,,,,0.00,0.0,0.0
2025-09-21,,,,0.60,0.0,0.0
2025-09-22,,,,0.12,0.0,0.0
2025-09-23,,,,0.01,0.0,0.0
2025-09-24,,,,0.18,0.0,0.0
2025-09-25,,,,0.10,0.0,0.0
2025-09-26,,,,0.00,0.0,0.0
2025-09-27,,,,0.00,0.0,0.0
2025-09-28,,,,0.00,0.0,0.0
2025-09-29,,,,0.00,0.0,0.0
2025-09-30,,,,0.00,0.0,0.0
2025-10-01,,,,0.00,0.0,0.0
2025-10-02,,,,0.00,0.0,0.0
2025-10-03,,,,0.00,0.0,0.0
2025-10-04,,,,0.00,0.0,0.0
2025-10-05,,,,0.00,0.0,0.0
2025-10-06,,,,0.00,0.0,0.0
2025-10-07,,,,0.01,0.0,0.0
2025-10-08,,,,0.03,0.0,0.0
2025-10-09,,,,0.00,0.0,0.0
2025-10-10,,,,0.00,0.0,0.0
2025-10-11,,,,0.00,0.0,0.0
2025-10-12,,,,0.00,0.0,0.0
2025-10-13,,,,0.00,0.0,0.0
2025-10-14,,,,0.00,0.0,0.0
2025-10-15,,,,0.00,0.0,0.0
2025-10-16,,,,0.00,0.0,0.0
2025-10-17,,,,0.00,0.0,0.0
2025-10-18,,,,0.00,0.0,0.0
2025-10-19,,,,1.00,0.0,0.0
2025-10-20,,,,0.15,0.0,0.0
2025-10-21,,,,0.00,0.0,0.0
2025-10-22,,,,0.00,0.0,0.0
2025-10-23,,,,0.00,0.0,0.0
2025-10-24,,,,0.00,0.0,0.0
2025-10-25,,,,0.00,0.0,0.0
2025-10-26,,,,0.00,0.0,0.0
2025-10-27,,,,0.00,0.0,0.0
2025-10-28,,,,0.00,0.0,0.0
2025-10-29,,,,0.00,0.0,0.0
2025-10-30,,,,0.00,0.0,0.0
2025-10-31,,,,0.00,0.0,0.0
2025-11-01,,,,0.01,0.0,0.0
2025-11-02,,,,0.00,0.0,0.0
2025-11-03,,,,0.00,0.0,0.0
2025-11-04,,,,0.00,0.0,0.0
2025-11-05,,,,0.00,0.0,0.0
2025-11-06,,,,0.00,0.0,0.0
2025-11-07,,,,0.00,0.0,0.0
2025-11-08,,,,0.05,0.0,0.0
2025-11-09,,,,0.20,0.0,0.0
2025-11-10,,,,,0.9,1.0
2025-11-11,,,,0.00,0.0,0.0
2025-11-12,,,,0.00,0.0,0.0
2025-11-13,,,,0.00,0.0,0.0
2025-11-14,,,,0.00,0.0,0.0
2025-11-15,,,,0.00,0.0,0.0
2025-11-16,,,,0.00,0.0,0.0
2025-11-17,,,,0.00,0.0,0.0
2025-11-18,,,,0.07,0.0,0.0
2025-11-19,,,,0.23,0.0,0.0
2025-11-20,,,,0.00,0.0,0.0
2025-11-21,,,,0.01,0.0,0.0
2025-11-22,,,,0.20,0.0,0.0
2025-11-23,,,,0.01,0.0,0.0
2025-11-24,,,,0.00,0.0,0.0
2025-11-25,,,,0.13,0.0,0.0
2025-11-26,,,,0.04,0.0,0.0
2025-11-27,,,,0.00,0.0,0.0
2025-11-28,,,,0.00,0.0,0.0
2025-11-29,,,,0.00,0.0,0.0
2025-11-30,,,,0.53,4.0,4.0
2025-12-01,,,,0.00,0.0,4.0
2025-12-02,,,,0.19,2.5,7.0
2025-12-03,,,,0.00,0.0,5.0
2025-12-04,,,,0.00,0.0,5.0
2025-12-05,,,,0.00,0.0,4.0
2025-12-06,,,,0.00,0.0,4.0
2025-12-07,,,,0.01,0.0,4.0
2025-12-08,,,,0.00,0.0,3.0
2025-12-09,,,,0.00,0.0,2.0
2025-12-10,,,,0.12,0.0,0.0
2025-12-11,,,,0.07,0.0,0.0
2025-12-12,,,,0.05,1.0,1.0
2025-12-13,,,,0.00,0.0,0.0
2025-12-14,,,,0.24,3.7,4.0
2025-12-15,,,,0.00,0.0,4.0
2025-12-16,,,,0.00,0.0,3.0
2025-12-17,,,,0.00,0.0,2.0
2025-12-18,,,,0.00,0.0,0.0
2025-12-19,,,,0.25,0.0,0.0
2025-12-20,,,,0.00,0.0,0.0
2025-12-21,,,,0.00,0.0,0.0
2025-12-22,,,,0.00,0.0,0.0
2025-12-23,,,,0.00,0.0,0.0
2025-12-24,,,,0.00,0.0,0.0
2025-12-25,,,,0.00,0.0,0.0
2025-12-26,,,,0.00,0.0,0.0
2025-12-27,,,,0.00,0.0,0.0
2025-12-28,,,,0.00,0.0,0.0
2025-12-29,,,,0.22,0.0,0.0
2025-12-30,,,,0.01,0.2,0.0
2025-12-31,,,,0.01,0.2,0.0
2026-01-01,,,,0.10,0.2,0.0
2026-01-02,,,,0.00,0.0,0.0
2026-01-03,,,,0.00,0.0,0.0
2026-01-04,,,,0.00,0.0,0.0
2026-01-05,,,,0.00,0.0,0.0
2026-01-06,,,,0.00,0.0,0.0
2026-01-07,,,,0.00,0.0,0.0
2026-01-08,,,,0.00,0.0,0.0
2026-01-09,,,,0.08,0.0,0.0
2026-01-10,,,,0.00,0.0,0.0
2026-01-11,,,,0.10,0.5,0.0
2026-01-12,,,,0.00,0.0,0.0
2026-01-13,,,,0.00,0.0,0.0
2026-01-14,,,,0.00,0.0,0.0
2026-01-15,,,,0.03,0.4,0.0
2026-01-16,,,,0.00,0.0,0.0
2026-01-17,,,,0.01,0.0,0.0
2026-01-18,,,,0.00,0.0,0.0
2026-01-19,,,,0.02,0.0,0.0
2026-01-20,,,,0.00,0.0,0.0
2026-01-21,,,,0.00,0.0,0.0
2026-01-22,,,,0.00,0.0,0.0
2026-01-23,,,,0.00,0.0,0.0
2026-01-24,,,,0.00,0.0,0.0
2026-01-25,,,,0.20,3.0,3.0
2026-01-26,,,,0.19,4.0,8.0
2026-01-27,,,,0.00,0.0,6.0
2026-01-28,,,,0.00,0.0,6.0
2026-01-29,,,,0.00,0.0,6.0
2026-01-30,,,,0.00,0.0,6.0
2026-01-31,,,,0.00,0.0,6.0
2026-02-01,,,,0.00,0.0,6.0
2026-02-02,,,,0.00,0.1,6.0
2026-02-03,,,,0.00,0.0,5.0
2026-02-04,,,,0.00,0.0,5.0
2026-02-05,,,,0.00,0.0,5.0
2026-02-06,,,,0.00,0.0,5.0
2026-02-07,,,,0.02,0.0,5.0
2026-02-08,,,,0.00,0.0,3.0
2026-02-09,,,,0.00,0.0,3.0
2026-02-10,,,,0.00,0.0,3.0
2026-02-11,,,,0.00,0.0,0.0
2026-02-12,,,,0.00,0.0,0.0
2026-02-13,,,,0.00,0.0,0.0
2026-02-14,,,,0.00,0.0,0.0
2026-02-15,,,,0.00,0.0,0.0
2026-02-16,,,,0.00,0.0,0.0
2026-02-17,,,,0.00,0.0,0.0
2026-02-18,,,,0.02,0.0,0.0
2026-02-19,,,,0.00,0.0,0.0
2026-02-20,,,,0.09,0.0,0.0
2026-02-21,,,,0.00,0.0,0.0
2026-02-22,,,,0.01,0.0,0.0
2026-02-23,,,,0.01,0.0,0.0
2026-02-24,,,,0.00,0.0,0.0
2026-02-25,,,,0.00,0.0,0.0
2026-02-26,,,,0.00,0.0,0.0
2026-02-27,,,,0.00,0.0,0.0
2026-02-28,,,,0.00,0.0,0.0
2026-03-01,,,,0.00,0.0,0.0
2026-03-02,,,,0.00,0.0,0.0
2026-03-03,,,,0.00,0.0,0.0
2026-03-04,,,,0.31,0.0,0.0
2026-03-05,,,,1.02,0.0,0.0
2026-03-06,,,,0.06,0.0,0.0
2026-03-07,,,,0.00,0.0,0.0
2026-03-08,,,,0.42,0.0,0.0
2026-03-09,,,,0.00,0.0,0.0
2026-03-10,,,,0.00,0.0,0.0
2026-03-11,,,,0.30,0.0,0.0
2026-03-12,,,,0.73,0.0,0.0
2026-03-13,,,,0.01,0.0,0.0
2026-03-14,,,,0.00,0.0,0.0
2026-03-15,,,,0.00,0.0,0.0
2026-03-16,,,,0.58,0.0,0.0
2026-03-17,,,,0.06,0.4,0.0
2026-03-18,,,,0.01,0.2,0.0
2026-03-19,,,,0.00,0.0,0.0
2026-03-20,,,,0.00,0.0,0.0
2026-03-21,,,,0.00,0.0,0.0
2026-03-22,,,,0.00,0.0,0.0
2026-03-23,,,,0.03,0.0,0.0
2026-03-24,,,,0.00,0.0,0.0
2026-03-25,,,,0.00,0.0,0.0
2026-03-26,,,,0.66,0.0,0.0
2026-03-27,,,,1.56,0.0,0.0
2026-03-28,,,,0.00,0.0,0.0
2026-03-29,,,,0.00,0.0,0.0
2026-03-30,,,,0.00,0.0,0.0
2026-03-31,,,,0.00,0.0,0.0
2026-04-01,,,,0.54,0.0,0.0
2026-04-02,,,,1.05,0.0,0.0
2026-04-03,,,,0.51,0.0,0.0
2026-04-04,,,,0.43,0.0,0.0
2026-04-05,,,,0.79,0.0,0.0
2026-04-06,,,,0.00,0.0,0.0
2026-04-07,,,,0.00,0.0,0.0
2026-04-08,,,,0.00,0.0,0.0
2026-04-09,,,,0.00,0.0,0.0
2026-04-10,,,,0.00,0.0,0.0
2026-04-11,,,,0.05,0.0,0.0
2026-04-12,,,,0.00,0.0,0.0
2026-04-13,,,,0.00,0.0,0.0
2026-04-14,,,,0.00,0.0,0.0
2026-04-15,,,,0.03,0.0,0.0
2026-04-16,,,,0.40,0.0,0.0
2026-04-17,,,,0.00,0.0,0.0
2026-04-18,,,,0.79,0.0,0.0
2026-04-19,,,,0.40,0.0,0.0
2026-04-20,,,,0.00,0.0,0.0
2026-04-21,,,,0.00,0.0,0.0
2026-04-22,,,,0.02,0.0,0.0
2026-04-23,,,,0.00,0.0,0.0
2026-04-24,,,,0.00,0.0,0.0
2026-04-25,,,,0.15,0.0,0.0
2026-04-26,,,,0.00,0.0,0.0
2026-04-27,,,,0.00,0.0,0.0
2026-04-28,,,,1.43,0.0,0.0
2026-04-29,,,,0.04,0.0,0.0
2026-04-30,,,,0.02,0.0,0.0
2026-05-01,,,,0.07,0.0,0.0
2026-05-02,,,,0.20,0.0,0.0
2026-05-03,,,,0.00,0.0,0.0
2026-05-04,,,,0.00,0.0,0.0
2026-05-05,,,,0.47,0.0,0.0
2026-05-06,,,,0.31,0.0,0.0
2026-05-07,,,,0.02,0.0,0.0
2026-05-08,,,,0.06,0.0,0.0
2026-05-09,,,,0.12,0.0,0.0
2026-05-10,,,,0.01,0.0,0.0
2026-05-11,,,,0.00,0.0,0.0
2026-05-12,,,,0.00,0.0,0.0
2026-05-13,,,,0.19,0.0,0.0
2026-05-14,,,,0.00,0.0,0.0
2026-05-15,,,,0.00,0.0,0.0
2026-05-16,,,,0.00,0.0,0.0
2026-05-17,,,,0.21,0.0,0.0
2026-05-18,,,,0.00,0.0,0.0
2026-05-19,,,,0.26,0.0,0.0
2026-05-20,,,,0.00,0.0,0.0
2026-05-21,,,,0.00,0.0,0.0
2026-05-22,,,,0.00,0.0,0.0
2026-05-23,,,,0.02,0.0,0.0
2026-05-24,,,,0.00,0.0,0.0
2026-05-25,,,,0.00,0.0,0.0
2026-05-26,,,,0.00,0.0,0.0
2026-05-27,,,,0.05,0.0,0.0
2026-05-28,,,,0.00,0.0,0.0
2026-05-29,,,,0.00,0.0,0.0
2026-05-30,,,,0.00,0.0,0.0
2026-05-31,,,,,0.0,0.0
2026-06-01,,,,0.00,0.0,0.0
2026-06-02,,,,0.00,0.0,0.0
2026-06-03,,,,0.00,0.0,0.0
2026-06-04,,,,0.00,0.0,0.0
2026-06-05,,,,0.00,0.0,0.0
2026-06-06,,,,0.00,0.0,0.0
2026-06-07,,,,4.03,0.0,0.0
2026-06-08,,,,0.29,0.0,0.0
2026-06-09,,,,0.28,0.0,0.0
2026-06-10,,,,0.68,0.0,0.0
2026-06-11,,,,0.98,0.0,0.0
2026-06-12,,,,0.61,0.0,0.0
2026-06-13,,,,0.00,0.0,0.0
2026-06-14,,,,0.00,0.0,0.0
2026-06-15,,,,0.02,0.0,0.0
2026-06-16,,,,0.00,0.0,0.0
2026-06-17,,,,0.09,0.0,0.0
2026-06-18,,,,1.90,0.0,0.0
2026-06-19,,,,0.00,0.0,0.0
2026-06-20,,,,0.00,0.0,0.0
2026-06-21,,,,0.00,0.0,0.0
2026-06-22,,,,0.59,0.0,0.0
2026-06-23,,,,0.00,0.0,0.0
2026-06-24,,,,0.00,0.0,0.0
2026-06-25,,,,0.05,0.0,0.0
2026-06-26,,,,0.00,0.0,0.0
2026-06-27,,,,0.15,0.0,0.0
2026-06-28,,,,0.01,0.0,0.0
2026-06-29,,,,0.00,0.0,0.0
2026-06-30,,,,0.00,0.0,0.0
2026-07-01,,,,0.00,0.0,0.0
2026-07-02,,,,0.00,0.0,0.0
2026-07-03,,,,0.00,0.0,0.0
2026-07-04,,,,0.33,0.0,0.0
2026-07-05,,,,0.07,0.0,0.0
2026-07-06,,,,0.00,0.0,0.0
2026-07-07,,,,0.00,0.0,0.0
2026-07-08,,,,0.00,0.0,0.0
2026-07-09,,,,0.00,0.0,0.0
2026-07-10,,,,0.00,0.0,0.0
2026-07-11,,,,1.05,0.0,0.0
2026-07-13,,,,0.00,0.0,0.0
2026-07-14,,,,0.00,0.0,0.0
2026-07-15,,,,0.00,0.0,0.0
2026-07-17,,,,0.00,0.0,0.0
2026-07-20,,,,,0.0,0.0
2026-07-21,,,,0.00,0.0,0.0
2026-07-22,,,,0.00,0.0,0.0
2026-07-23,,,,0.00,0.0,0.0
2026-07-24,,,,0.00,0.0,0.0
2026-07-25,,,,0.00,0.0,0.0
2026-07-26,,,,0.00,0.0,0.0
2026-07-27,,,,0.00,0.0,0.0
2026-07-28,,,,0.01,0.0,0.0
2026-07-29,,,,0.00,0.0,0.0
2026-07-30,,,,0.00,0.0,0.0
2026-07-31,,,,0.00,0.0,0.0
2026-08-01,,,,0.39,0.0,0.0
2026-08-02,,,,1.54,0.0,0.0
2026-08-03,,,,0.01,0.0,0.0
2026-08-04,,,,0.00,0.0,0.0
2026-08-05,,,,0.00,0.0,0.0
2026-08-06,,,,0.00,0.0,0.0
2026-08-07,,,,0.10,0.0,0.0
2026-08-08,,,,0.00,0.0,0.0
2026-08-09,,,,0.00,0.0,0.0
2026-08-10,,,,0.36,0.0,0.0
2026-08-11,,,,0.00,0.0,0.0
2026-08-12,,,,0.43,0.0,0.0
2026-08-13,,,,0.50,0.0,0.0
2026-08-14,,,,1.90,0.0,0.0
2026-08-15,,,,0.35,0.0,0.0
2026-08-16,,,,1.30,0.0,0.0
2026-08-17,,,,0.07,0.0,0.0
2026-08-18,,,,0.00,0.0,0.0
2026-08-19,,,,0.00,0.0,0.0
2026-08-20,,,,0.30,0.0,0.0
2026-08-21,,,,0.00,0.0,0.0
2026-08-22,,,,0.28,0.0,0.0
2026-08-23,,,,0.00,0.0,0.0
2026-08-24,,,,0.00,0.0,0.0
2026-08-25,,,,0.00,0.0,0.0
2026-08-26,,,,0.00,0.0,0.0
2026-08-27,,,,0.32,0.0,0.0
2026-08-28,,,,0.00,0.0,0.0
2026-08-29,,,,0.00,0.0,0.0
2026-08-30,,,,0.00,0.0,0.0
2026-08-31,,,,0.00,0.0,0.0
2026-09-06,,,,0.00,0.0,0.0
2026-09-07,,,,0.00,0.0,0.0
2026-09-08,,,,0.00,0.0,0.0
