Date,MaxT,MinT,AvgT,Precip,Snow,SnowDepth
1953-08-01,,,,0.00,,
1953-08-02,,,,0.42,,
1953-08-04,,,,0.00,,
1953-08-05,,,,0.00,,
1953-08-06,,,,0.00,,
1953-08-07,,,,0.00,,
1953-08-08,,,,0.22,,
1953-08-09,,,,0.21,,
1953-08-10,,,,0.00,,
1953-08-11,,,,0.00,,
1953-08-12,,,,0.00,,
1953-08-13,,,,0.08,,
1953-08-14,,,,0.00,,
1953-08-15,,,,0.00,,
1953-08-16,,,,0.00,,
1953-08-17,,,,0.00,,
1953-08-18,,,,0.00,,
1953-08-19,,,,0.00,,
1953-08-20,,,,0.00,,
1953-08-21,,,,0.00,,
1953-08-22,,,,0.00,,
1953-08-23,,,,0.00,,
1953-08-24,,,,0.00,,
1953-08-25,,,,0.00,,
1953-08-26,,,,0.00,,
1953-08-27,,,,0.00,,
1953-08-28,,,,0.00,,
1953-08-29,,,,0.00,,
1953-08-30,,,,0.00,,
1953-08-31,,,,0.00,,
1953-09-01,,,,0.00,,
1953-09-02,,,,0.00,,
1953-09-03,,,,0.00,,
1953-09-04,,,,0.00,,
1953-09-05,,,,0.00,,
1953-09-06,,,,0.00,,
1953-09-07,,,,0.00,,
1953-09-08,,,,0.00,,
1953-09-09,,,,0.00,,
1953-09-10,,,,0.00,,
1953-09-11,,,,0.00,,
1953-09-12,,,,0.00,,
1953-09-13,,,,0.00,,
1953-09-14,,,,0.15,,
1953-09-15,,,,0.00,,
1953-09-16,,,,0.00,,
1953-09-17,,,,0.00,,
1953-09-18,,,,0.00,,
1953-09-19,,,,0.24,,
1953-09-20,,,,0.38,,
1953-09-21,,,,0.00,,
1953-09-22,,,,0.00,,
1953-09-23,,,,0.00,,
1953-09-24,,,,0.00,,
1953-09-25,,,,0.00,,
1953-09-26,,,,0.00,,
1953-09-27,,,,0.00,,
1953-09-28,,,,0.00,,
1953-09-29,,,,0.00,,
1953-09-30,,,,0.00,,
1953-10-01,,,,0.00,,
1953-10-02,,,,0.00,,
1953-10-03,,,,0.00,,
1953-10-04,,,,0.00,,
1953-10-05,,,,0.20,,
1953-10-06,,,,0.00,,
1953-10-07,,,,0.00,,
1953-10-08,,,,0.00,,
1953-10-09,,,,0.00,,
1953-10-10,,,,0.00,,
1953-10-11,,,,0.00,,
1953-10-12,,,,0.00,,
1953-10-13,,,,0.00,,
1953-10-14,,,,0.00,,
1953-10-15,,,,0.00,,
1953-10-16,,,,0.00,,
1953-10-17,,,,0.00,,
1953-10-18,,,,0.00,,
1953-10-19,,,,0.00,,
1953-10-20,,,,0.00,,
1953-10-21,,,,0.00,,
1953-10-22,,,,0.00,,
1953-10-23,,,,0.00,,
1953-10-24,,,,0.00,,
1953-10-25,,,,0.00,,
1953-10-26,,,,0.00,,
1953-10-27,,,,0.40,,
1953-10-28,,,,0.64,,
1953-10-29,,,,0.00,,
1953-10-30,,,,0.00,,
1953-10-31,,,,0.00,,
1953-11-01,,,,0.00,,
1953-11-02,,,,0.00,,
1953-11-03,,,,0.00,,
1953-11-04,,,,0.00,,
1953-11-05,,,,0.00,,
1953-11-06,,,,0.00,,
1953-11-07,,,,0.00,,
1953-11-08,,,,0.00,,
1953-11-09,,,,0.00,,
1953-11-10,,,,0.00,,
1953-11-11,,,,0.00,,
1953-11-12,,,,0.00,,
1953-11-13,,,,0.00,,
1953-11-14,,,,0.00,,
1953-11-15,,,,0.00,,
1953-11-16,,,,0.00,,
1953-11-17,,,,0.00,,
1953-11-18,,,,0.00,,
1953-11-19,,,,0.00,,
1953-11-20,,,,0.00,,
1953-11-21,,,,0.09,,
1953-11-22,,,,0.38,,
1953-11-23,,,,0.11,,
1953-11-24,,,,0.00,,
1953-11-25,,,,0.15,,
1953-11-26,,,,0.09,,
1953-11-27,,,,0.00,,
1953-11-28,,,,0.00,,
1953-11-29,,,,0.12,,
1953-11-30,,,,0.00,,
1953-12-01,,,,0.00,,
1953-12-02,,,,0.00,,
1953-12-03,,,,0.00,,
1953-12-04,,,,0.10,,
1953-12-05,,,,0.00,,
1953-12-06,,,,0.18,,
1953-12-07,,,,0.00,,
1953-12-08,,,,0.00,,
1953-12-09,,,,0.15,,
1953-12-10,,,,0.00,,
1953-12-11,,,,0.00,,
1953-12-12,,,,0.00,,
1953-12-13,,,,0.00,,
1953-12-14,,,,0.00,,
1953-12-15,,,,0.00,,
1953-12-16,,,,0.04,0.4,1.0
1953-12-17,,,,0.00,,
1953-12-18,,,,0.00,,
1953-12-19,,,,0.00,,
1953-12-20,,,,0.00,,
1953-12-21,,,,0.00,,
1953-12-22,,,,0.26,,
1953-12-23,,,,0.16,0.1,0.0
1953-12-24,,,,0.00,,
1953-12-25,,,,0.00,,
1953-12-26,,,,0.00,,
1953-12-27,,,,0.00,,
1953-12-28,,,,0.00,,
1953-12-29,,,,0.00,,
1953-12-30,,,,0.00,,
1953-12-31,,,,0.00,,
1954-01-01,,,,0.00,0.0,
1954-01-02,,,,0.00,0.0,
1954-01-03,,,,0.00,0.0,
1954-01-04,,,,0.00,0.0,
1954-01-05,,,,0.40,3.8,4.0
1954-01-06,,,,0.00,0.0,3.0
1954-01-07,,,,0.00,0.0,3.0
1954-01-08,,,,0.00,0.0,1.0
1954-01-09,,,,0.00,0.0,
1954-01-10,,,,0.00,0.0,
1954-01-11,,,,0.00,0.0,
1954-01-12,,,,0.00,0.0,
1954-01-13,,,,0.00,0.0,
1954-01-14,,,,0.00,0.0,
1954-01-15,,,,0.00,0.0,
1954-01-16,,,,0.00,0.0,
1954-01-17,,,,0.00,0.3,0.0
1954-01-18,,,,0.00,0.0,
1954-01-19,,,,0.00,0.0,
1954-01-20,,,,0.53,0.0,
1954-01-21,,,,0.52,0.0,
1954-01-22,,,,0.00,0.0,
1954-01-23,,,,0.00,0.0,
1954-01-24,,,,0.00,0.0,
1954-01-25,,,,0.00,0.0,
1954-01-26,,,,0.00,0.0,
1954-01-27,,,,0.84,0.0,
1954-01-28,,,,0.00,0.0,
1954-01-29,,,,0.00,0.0,
1954-01-30,,,,0.00,0.0,
1954-01-31,,,,0.00,0.0,
1954-02-01,,,,0.00,,
1954-02-02,,,,0.00,,
1954-02-03,,,,0.00,,
1954-02-04,,,,0.00,,
1954-02-05,,,,0.00,,
1954-02-06,,,,0.00,,
1954-02-07,,,,0.00,,
1954-02-08,,,,0.00,,
1954-02-09,,,,0.00,,
1954-02-10,,,,0.00,,
1954-02-11,,,,0.00,,
1954-02-12,,,,0.00,,
1954-02-13,,,,0.00,,
1954-02-14,,,,0.00,,
1954-02-15,,,,0.00,,
1954-02-16,,,,0.82,,
1954-02-17,,,,0.18,,
1954-02-18,,,,0.00,,
1954-02-19,,,,0.00,,
1954-02-20,,,,0.00,,
1954-02-21,,,,0.08,,
1954-02-22,,,,0.00,,
1954-02-23,,,,0.00,,
1954-02-24,,,,0.00,,
1954-02-25,,,,0.00,,
1954-02-26,,,,0.28,,4.0
1954-02-27,,,,0.00,,
1954-02-28,,,,0.33,,
1954-03-01,,,,0.00,,
1954-03-02,,,,0.00,,
1954-03-03,,,,0.33,,3.0
1954-03-04,,,,0.00,,2.0
1954-03-05,,,,0.00,,2.0
1954-03-06,,,,0.00,,
1954-03-07,,,,0.00,,
1954-03-08,,,,0.00,,
1954-03-09,,,,0.00,,
1954-03-10,,,,0.00,,
1954-03-11,,,,0.21,,
1954-03-12,,,,0.08,,
1954-03-13,,,,0.00,,
1954-03-14,,,,0.00,,
1954-03-15,,,,0.00,,
1954-03-16,,,,0.00,,
1954-03-17,,,,0.00,,
1954-03-18,,,,0.00,,
1954-03-19,,,,0.24,,
1954-03-20,,,,0.30,,
1954-03-21,,,,0.00,,
1954-03-22,,,,0.00,,
1954-03-23,,,,0.00,,
1954-03-24,,,,0.00,,
1954-03-25,,,,0.34,,
1954-03-26,,,,0.00,,
1954-03-27,,,,0.00,,
1954-03-28,,,,0.00,,
1954-03-29,,,,0.25,,
1954-03-30,,,,0.14,,
1954-03-31,,,,0.00,,
1954-04-01,,,,0.00,,
1954-04-02,,,,0.00,,
1954-04-03,,,,0.00,,
1954-04-04,,,,0.00,,
1954-04-05,,,,0.36,,
1954-04-06,,,,0.54,,
1954-04-07,,,,0.00,,
1954-04-08,,,,0.17,,
1954-04-09,,,,0.00,,
1954-04-10,,,,0.00,,
1954-04-11,,,,1.38,,
1954-04-12,,,,0.00,,
1954-04-13,,,,0.00,,
1954-04-14,,,,0.00,,
1954-04-15,,,,0.11,,
1954-04-16,,,,0.68,,
1954-04-17,,,,0.00,,
1954-04-18,,,,0.00,,
1954-04-19,,,,0.00,,
1954-04-20,,,,0.00,,
1954-04-21,,,,0.00,,
1954-04-22,,,,0.00,,
1954-04-23,,,,0.24,,
1954-04-24,,,,0.00,,
1954-04-25,,,,0.00,,
1954-04-26,,,,0.00,,
1954-04-27,,,,0.22,,
1954-04-28,,,,0.00,,
1954-04-29,,,,0.00,,
1954-04-30,,,,0.00,,
1954-05-01,,,,0.00,,
1954-05-02,,,,0.57,,
1954-05-03,,,,1.17,,
1954-05-04,,,,0.00,,
1954-05-05,,,,0.00,,
1954-05-06,,,,0.00,,
1954-05-07,,,,0.00,,
1954-05-08,,,,0.00,,
1954-05-09,,,,0.00,,
1954-05-10,,,,0.00,,
1954-05-11,,,,0.00,,
1954-05-12,,,,0.00,,
1954-05-13,,,,0.00,,
1954-05-14,,,,0.00,,
1954-05-15,,,,0.00,,
1954-05-16,,,,0.00,,
1954-05-17,,,,0.00,,
1954-05-18,,,,0.00,,
1954-05-19,,,,0.00,,
1954-05-20,,,,0.00,,
1954-05-21,,,,0.00,,
1954-05-22,,,,0.00,,
1954-05-23,,,,0.00,,
1954-05-24,,,,0.00,,
1954-05-25,,,,0.00,,
1954-05-26,,,,0.00,,
1954-05-27,,,,0.00,,
1954-05-28,,,,0.24,,
1954-05-29,,,,1.08,,
1954-05-30,,,,0.00,,
1954-05-31,,,,0.00,,
1954-06-01,,,,0.48,,
1954-06-02,,,,0.00,,
1954-06-03,,,,0.13,,
1954-06-04,,,,0.00,,
1954-06-05,,,,0.00,,
1954-06-06,,,,0.08,,
1954-06-07,,,,0.00,,
1954-06-08,,,,0.16,,
1954-06-09,,,,0.21,,
1954-06-10,,,,0.00,,
1954-06-11,,,,0.00,,
1954-06-12,,,,0.00,,
1954-06-13,,,,0.00,,
1954-06-14,,,,0.00,,
1954-06-15,,,,0.00,,
1954-06-16,,,,0.00,,
1954-06-17,,,,0.00,,
1954-06-18,,,,0.00,,
1954-06-19,,,,0.00,,
1954-06-20,,,,0.00,,
1954-06-21,,,,0.00,,
1954-06-22,,,,0.09,,
1954-06-23,,,,0.00,,
1954-06-24,,,,0.00,,
1954-06-25,,,,0.00,,
1954-06-26,,,,0.00,,
1954-06-27,,,,0.00,,
1954-06-28,,,,0.00,,
1954-06-29,,,,0.00,,
1954-06-30,,,,0.00,,
1954-07-01,,,,0.00,,
1954-07-02,,,,0.00,,
1954-07-03,,,,0.13,,
1954-07-04,,,,0.09,,
1954-07-05,,,,0.00,,
1954-07-06,,,,0.00,,
1954-07-07,,,,0.00,,
1954-07-08,,,,0.00,,
1954-07-09,,,,0.00,,
1954-07-10,,,,0.00,,
1954-07-11,,,,0.00,,
1954-07-12,,,,0.00,,
1954-07-13,,,,0.00,,
1954-07-14,,,,0.00,,
1954-07-15,,,,0.00,,
1954-07-16,,,,0.00,,
1954-07-17,,,,0.00,,
1954-07-18,,,,0.00,,
1954-07-19,,,,0.00,,
1954-07-20,,,,0.00,,
1954-07-21,,,,0.65,,
1954-07-22,,,,0.36,,
1954-07-23,,,,0.00,,
1954-07-24,,,,0.00,,
1954-07-25,,,,0.00,,
1954-07-26,,,,0.00,,
1954-07-27,,,,0.00,,
1954-07-28,,,,0.00,,
1954-07-29,,,,0.47,,
1954-07-30,,,,0.00,,
1954-07-31,,,,0.00,,
1954-08-01,,,,0.00,,
1954-08-02,,,,0.00,,
1954-08-03,,,,0.63,,
1954-08-04,,,,0.21,,
1954-08-05,,,,0.56,,
1954-08-06,,,,0.00,,
1954-08-07,,,,0.00,,
1954-08-08,,,,0.00,,
1954-08-09,,,,0.00,,
1954-08-10,,,,0.37,,
1954-08-11,,,,0.00,,
1954-08-12,,,,0.00,,
1954-08-13,,,,0.00,,
1954-08-14,,,,0.00,,
1954-08-15,,,,0.17,,
1954-08-16,,,,0.00,,
1954-08-17,,,,0.00,,
1954-08-18,,,,1.40,,
1954-08-19,,,,0.62,,
1954-08-20,,,,0.00,,
1954-08-21,,,,0.00,,
1954-08-22,,,,0.00,,
1954-08-23,,,,0.00,,
1954-08-24,,,,0.00,,
1954-08-25,,,,0.09,,
1954-08-26,,,,0.30,,
1954-08-27,,,,0.19,,
1954-08-28,,,,0.00,,
1954-08-29,,,,0.00,,
1954-08-30,,,,0.00,,
1954-08-31,,,,0.00,,
1954-09-01,,,,0.00,,
1954-09-02,,,,0.00,,
1954-09-03,,,,0.00,,
1954-09-04,,,,0.00,,
1954-09-05,,,,0.00,,
1954-09-06,,,,0.00,,
1954-09-07,,,,0.33,,
1954-09-08,,,,0.11,,
1954-09-09,,,,0.00,,
1954-09-10,,,,0.00,,
1954-09-11,,,,0.00,,
1954-09-12,,,,0.00,,
1954-09-13,,,,0.00,,
1954-09-14,,,,0.00,,
1954-09-15,,,,0.00,,
1954-09-16,,,,0.00,,
1954-09-17,,,,0.00,,
1954-09-18,,,,0.00,,
1954-09-19,,,,0.00,,
1954-09-20,,,,0.00,,
1954-09-21,,,,0.00,,
1954-09-22,,,,0.00,,
1954-09-23,,,,0.00,,
1954-09-24,,,,0.00,,
1954-09-25,,,,0.00,,
1954-09-26,,,,0.00,,
1954-09-27,,,,0.00,,
1954-09-28,,,,0.00,,
1954-09-29,,,,0.12,,
1954-09-30,,,,0.35,,
1954-10-01,,,,0.32,,
1954-10-02,,,,0.00,,
1954-10-03,,,,0.00,,
1954-10-04,,,,1.58,,
1954-10-05,,,,0.32,,
1954-10-06,,,,0.09,,
1954-10-07,,,,0.00,,
1954-10-08,,,,0.00,,
1954-10-09,,,,0.00,,
1954-10-10,,,,0.00,,
1954-10-11,,,,1.60,,
1954-10-12,,,,1.19,,
1954-10-13,,,,0.00,,
1954-10-14,,,,0.20,,
1954-10-15,,,,0.32,,
1954-10-16,,,,0.00,,
1954-10-17,,,,0.00,,
1954-10-18,,,,0.00,,
1954-10-19,,,,0.00,,
1954-10-20,,,,0.00,,
1954-10-21,,,,0.00,,
1954-10-22,,,,0.00,,
1954-10-23,,,,0.00,,
1954-10-24,,,,0.00,,
1954-10-25,,,,0.00,,
1954-10-26,,,,0.25,,
1954-10-27,,,,0.00,,
1954-10-28,,,,0.00,,
1954-10-29,,,,0.23,,
1954-10-30,,,,0.00,,
1954-10-31,,,,0.00,,
1954-11-01,,,,0.00,0.0,
1954-11-02,,,,0.12,0.5,
1954-11-03,,,,0.00,0.0,
1954-11-04,,,,0.17,0.0,
1954-11-05,,,,0.00,0.0,
1954-11-06,,,,0.00,0.0,
1954-11-07,,,,0.00,0.0,
1954-11-08,,,,0.00,0.0,
1954-11-09,,,,0.00,0.0,
1954-11-10,,,,0.00,0.0,
1954-11-11,,,,0.00,0.0,
1954-11-12,,,,0.00,0.0,
1954-11-13,,,,0.00,0.0,
1954-11-14,,,,0.00,0.0,
1954-11-15,,,,0.00,0.0,
1954-11-16,,,,0.00,0.0,
1954-11-17,,,,0.00,0.0,
1954-11-18,,,,0.00,0.0,
1954-11-19,,,,0.00,0.0,
1954-11-20,,,,0.00,0.0,
1954-11-21,,,,0.00,0.0,
1954-11-22,,,,0.00,0.0,
1954-11-23,,,,0.00,0.0,
1954-11-24,,,,0.38,0.0,
1954-11-25,,,,0.09,0.0,
1954-11-26,,,,0.13,0.0,
1954-11-27,,,,0.00,0.0,
1954-11-28,,,,0.00,0.0,
1954-11-29,,,,0.00,0.0,
1954-11-30,,,,0.00,0.0,
1954-12-01,,,,0.00,0.0,0.0
1954-12-02,,,,0.00,0.0,0.0
1954-12-03,,,,0.00,0.0,0.0
1954-12-04,,,,0.00,0.0,0.0
1954-12-05,,,,0.00,0.0,0.0
1954-12-06,,,,0.00,0.0,0.0
1954-12-07,,,,0.00,0.0,0.0
1954-12-08,,,,0.00,0.0,0.0
1954-12-09,,,,0.10,0.4,0.0
1954-12-10,,,,0.09,0.3,0.0
1954-12-11,,,,0.00,0.0,0.0
1954-12-12,,,,0.00,0.2,0.0
1954-12-13,,,,0.00,0.0,0.0
1954-12-14,,,,0.00,0.0,0.0
1954-12-15,,,,0.00,0.2,0.0
1954-12-16,,,,0.00,0.0,0.0
1954-12-17,,,,0.12,0.2,0.0
1954-12-18,,,,0.17,0.5,1.0
1954-12-19,,,,0.14,1.7,2.0
1954-12-20,,,,0.00,0.1,2.0
1954-12-21,,,,0.00,0.2,1.0
1954-12-22,,,,0.00,0.0,1.0
1954-12-23,,,,0.00,0.0,1.0
1954-12-24,,,,0.00,0.0,0.0
1954-12-25,,,,0.00,0.0,0.0
1954-12-26,,,,0.00,0.0,0.0
1954-12-27,,,,0.20,0.0,0.0
1954-12-28,,,,0.90,0.0,0.0
1954-12-29,,,,0.00,0.0,0.0
1954-12-30,,,,0.58,0.0,0.0
1954-12-31,,,,0.00,0.0,0.0
1955-01-01,,,,0.00,0.0,0.0
1955-01-02,,,,0.00,0.0,0.0
1955-01-03,,,,0.00,0.0,0.0
1955-01-04,,,,0.65,0.0,0.0
1955-01-05,,,,0.21,0.0,0.0
1955-01-06,,,,1.20,0.0,0.0
1955-01-07,,,,0.00,0.0,0.0
1955-01-08,,,,0.00,0.0,0.0
1955-01-09,,,,0.00,0.0,0.0
1955-01-10,,,,0.00,0.0,0.0
1955-01-11,,,,0.00,0.0,0.0
1955-01-12,,,,0.00,0.0,0.0
1955-01-13,,,,0.14,1.7,2.0
1955-01-14,,,,0.00,0.0,2.0
1955-01-15,,,,0.00,0.0,1.0
1955-01-16,,,,0.00,0.0,1.0
1955-01-17,,,,0.00,0.0,0.0
1955-01-18,,,,0.00,0.5,0.0
1955-01-19,,,,0.00,0.0,0.0
1955-01-20,,,,0.00,0.0,0.0
1955-01-21,,,,0.00,0.3,0.0
1955-01-22,,,,0.00,0.1,1.0
1955-01-23,,,,0.00,0.7,1.0
1955-01-24,,,,0.00,0.1,0.0
1955-01-25,,,,0.11,1.6,2.0
1955-01-26,,,,0.00,0.7,3.0
1955-01-27,,,,0.00,0.2,3.0
1955-01-28,,,,0.00,0.1,4.0
1955-01-29,,,,0.00,0.1,4.0
1955-01-30,,,,0.00,0.0,4.0
1955-01-31,,,,0.00,0.0,3.0
1955-02-01,,,,0.00,0.0,2.0
1955-02-02,,,,0.00,0.0,1.0
1955-02-03,,,,0.00,0.0,1.0
1955-02-04,,,,0.00,0.0,1.0
1955-02-05,,,,0.13,1.5,2.0
1955-02-06,,,,0.08,0.5,2.0
1955-02-07,,,,0.00,0.0,1.0
1955-02-08,,,,0.00,0.0,1.0
1955-02-09,,,,0.00,0.0,0.0
1955-02-10,,,,0.00,0.0,0.0
1955-02-11,,,,0.21,2.0,1.0
1955-02-12,,,,0.00,,2.0
1955-02-13,,,,0.00,0.0,1.0
1955-02-14,,,,0.00,0.0,1.0
1955-02-15,,,,0.00,0.0,0.0
1955-02-16,,,,0.00,0.0,0.0
1955-02-17,,,,0.00,0.0,0.0
1955-02-18,,,,0.00,0.0,0.0
1955-02-19,,,,0.00,0.0,0.0
1955-02-20,,,,0.08,0.0,0.0
1955-02-21,,,,0.19,0.0,0.0
1955-02-22,,,,0.00,0.0,0.0
1955-02-23,,,,0.00,0.0,0.0
1955-02-24,,,,0.00,0.0,0.0
1955-02-25,,,,0.00,0.0,0.0
1955-02-26,,,,0.13,0.0,0.0
1955-02-27,,,,0.42,0.0,0.0
1955-02-28,,,,0.00,0.0,0.0
1955-03-01,,,,0.83,0.0,0.0
1955-03-02,,,,0.00,0.0,0.0
1955-03-03,,,,0.00,0.0,0.0
1955-03-04,,,,0.00,0.0,0.0
1955-03-05,,,,0.00,0.0,0.0
1955-03-06,,,,0.00,0.0,0.0
1955-03-07,,,,0.00,0.0,0.0
1955-03-08,,,,0.00,0.0,0.0
1955-03-09,,,,0.00,0.0,0.0
1955-03-10,,,,0.00,0.0,0.0
1955-03-11,,,,0.36,0.0,0.0
1955-03-12,,,,0.00,0.0,0.0
1955-03-13,,,,0.00,0.0,0.0
1955-03-14,,,,0.00,0.0,0.0
1955-03-15,,,,0.11,0.0,0.0
1955-03-16,,,,0.13,0.0,0.0
1955-03-17,,,,0.00,0.0,0.0
1955-03-18,,,,0.00,0.0,0.0
1955-03-19,,,,0.00,0.0,0.0
1955-03-20,,,,0.00,0.0,0.0
1955-03-21,,,,0.40,0.0,0.0
1955-03-22,,,,0.21,1.0,1.0
1955-03-23,,,,0.10,2.5,0.0
1955-03-24,,,,0.00,0.0,0.0
1955-03-25,,,,0.00,0.0,0.0
1955-03-26,,,,0.37,4.5,5.0
1955-03-27,,,,0.08,1.0,3.0
1955-03-28,,,,0.00,0.0,0.0
1955-03-29,,,,0.00,0.0,0.0
1955-03-30,,,,0.00,0.0,0.0
1955-03-31,,,,0.00,0.0,0.0
1955-04-01,,,,0.00,,
1955-04-02,,,,0.00,,
1955-04-03,,,,0.00,,
1955-04-04,,,,0.00,,
1955-04-05,,,,0.11,,
1955-04-06,,,,0.00,,
1955-04-07,,,,0.00,,
1955-04-08,,,,0.00,,
1955-04-09,,,,0.00,,
1955-04-10,,,,0.00,,
1955-04-11,,,,0.12,,
1955-04-12,,,,0.32,,
1955-04-13,,,,0.84,,
1955-04-14,,,,0.00,,
1955-04-15,,,,0.09,,
1955-04-16,,,,0.00,,
1955-04-17,,,,0.00,,
1955-04-18,,,,0.00,,
1955-04-19,,,,0.08,,
1955-04-20,,,,0.26,,
1955-04-21,,,,0.00,,
1955-04-22,,,,0.00,,
1955-04-23,,,,0.00,,
1955-04-24,,,,0.00,,
1955-04-25,,,,0.72,,
1955-04-26,,,,0.00,,
1955-04-27,,,,0.00,,
1955-04-28,,,,0.00,,
1955-04-29,,,,0.00,,
1955-04-30,,,,0.00,,
1955-05-01,,,,0.00,,
1955-05-02,,,,0.00,,
1955-05-03,,,,0.00,,
1955-05-04,,,,0.00,,
1955-05-05,,,,0.27,,
1955-05-06,,,,0.00,,
1955-05-07,,,,0.00,,
1955-05-08,,,,0.00,,
1955-05-09,,,,0.00,,
1955-05-10,,,,0.74,,
1955-05-11,,,,0.00,,
1955-05-12,,,,0.00,,
1955-05-13,,,,1.14,,
1955-05-14,,,,1.45,,
1955-05-15,,,,0.00,,
1955-05-16,,,,0.00,,
1955-05-17,,,,0.00,,
1955-05-18,,,,0.00,,
1955-05-19,,,,0.00,,
1955-05-20,,,,0.00,,
1955-05-21,,,,0.00,,
1955-05-22,,,,0.36,,
1955-05-23,,,,1.35,,
1955-05-24,,,,0.00,,
1955-05-25,,,,0.68,,
1955-05-26,,,,0.00,,
1955-05-27,,,,0.00,,
1955-05-28,,,,0.00,,
1955-05-29,,,,0.95,,
1955-05-30,,,,0.13,,
1955-05-31,,,,0.00,,
1955-06-01,,,,0.00,,
1955-06-02,,,,0.00,,
1955-06-03,,,,0.00,,
1955-06-04,,,,0.00,,
1955-06-05,,,,0.00,,
1955-06-06,,,,0.00,,
1955-06-07,,,,1.10,,
1955-06-08,,,,0.25,,
1955-06-09,,,,0.00,,
1955-06-10,,,,0.47,,
1955-06-11,,,,1.27,,
1955-06-12,,,,0.00,,
1955-06-13,,,,0.00,,
1955-06-14,,,,0.00,,
1955-06-15,,,,0.29,,
1955-06-16,,,,0.00,,
1955-06-17,,,,0.00,,
1955-06-18,,,,0.00,,
1955-06-19,,,,0.00,,
1955-06-20,,,,0.00,,
1955-06-21,,,,0.00,,
1955-06-22,,,,0.00,,
1955-06-23,,,,0.15,,
1955-06-24,,,,0.00,,
1955-06-25,,,,0.00,,
1955-06-26,,,,0.00,,
1955-06-27,,,,0.00,,
1955-06-28,,,,0.00,,
1955-06-29,,,,0.00,,
1955-06-30,,,,0.00,,
1955-07-01,,,,0.00,,
1955-07-02,,,,0.19,,
1955-07-03,,,,0.00,,
1955-07-04,,,,0.00,,
1955-07-05,,,,0.00,,
1955-07-06,,,,0.00,,
1955-07-07,,,,0.00,,
1955-07-08,,,,0.00,,
1955-07-09,,,,0.00,,
1955-07-10,,,,0.00,,
1955-07-11,,,,0.00,,
1955-07-12,,,,0.00,,
1955-07-13,,,,0.00,,
1955-07-14,,,,0.00,,
1955-07-15,,,,2.64,,
1955-07-16,,,,0.00,,
1955-07-17,,,,0.00,,
1955-07-18,,,,0.00,,
1955-07-19,,,,0.00,,
1955-07-20,,,,0.00,,
1955-07-21,,,,0.00,,
1955-07-22,,,,0.00,,
1955-07-23,,,,0.00,,
1955-07-24,,,,0.67,,
1955-07-25,,,,0.00,,
1955-07-26,,,,0.00,,
1955-07-27,,,,0.00,,
1955-07-28,,,,0.00,,
1955-07-29,,,,0.00,,
1955-07-30,,,,0.00,,
1955-07-31,,,,0.00,,
1955-08-01,,,,0.00,,
1955-08-02,,,,0.00,,
1955-08-03,,,,0.00,,
1955-08-04,,,,0.00,,
1955-08-05,,,,0.00,,
1955-08-06,,,,0.00,,
1955-08-07,,,,0.00,,
1955-08-08,,,,0.00,,
1955-08-09,,,,0.00,,
1955-08-10,,,,0.00,,
1955-08-11,,,,0.00,,
1955-08-12,,,,0.00,,
1955-08-13,,,,0.00,,
1955-08-14,,,,0.00,,
1955-08-15,,,,0.00,,
1955-08-16,,,,0.00,,
1955-08-17,,,,0.00,,
1955-08-18,,,,0.00,,
1955-08-19,,,,0.00,,
1955-08-20,,,,0.00,,
1955-08-21,,,,0.00,,
1955-08-22,,,,0.45,,
1955-08-23,,,,0.12,,
1955-08-24,,,,0.00,,
1955-08-25,,,,0.00,,
1955-08-26,,,,0.00,,
1955-08-27,,,,0.00,,
1955-08-28,,,,0.00,,
1955-08-29,,,,0.00,,
1955-08-30,,,,0.28,,
1955-08-31,,,,0.00,,
1955-09-01,,,,0.00,,
1955-09-02,,,,0.00,,
1955-09-03,,,,0.00,,
1955-09-04,,,,0.00,,
1955-09-05,,,,0.00,,
1955-09-06,,,,0.00,,
1955-09-07,,,,0.00,,
1955-09-08,,,,0.00,,
1955-09-09,,,,0.00,,
1955-09-10,,,,0.00,,
1955-09-11,,,,0.09,,
1955-09-12,,,,0.00,,
1955-09-13,,,,0.00,,
1955-09-14,,,,0.00,,
1955-09-15,,,,0.00,,
1955-09-16,,,,0.00,,
1955-09-17,,,,0.00,,
1955-09-18,,,,0.00,,
1955-09-19,,,,0.00,,
1955-09-20,,,,0.12,,
1955-09-21,,,,0.00,,
1955-09-22,,,,0.41,,
1955-09-23,,,,1.02,,
1955-09-24,,,,0.29,,
1955-09-25,,,,0.00,,
1955-09-26,,,,0.00,,
1955-09-27,,,,0.00,,
1955-09-28,,,,0.46,,
1955-09-29,,,,0.00,,
1955-09-30,,,,0.84,,
1955-10-01,,,,0.00,,
1955-10-02,,,,0.00,,
1955-10-03,,,,0.00,,
1955-10-04,,,,0.00,,
1955-10-05,,,,0.86,,
1955-10-06,,,,1.24,,
1955-10-07,,,,2.67,,
1955-10-08,,,,0.14,,
1955-10-09,,,,0.00,,
1955-10-10,,,,0.00,,
1955-10-11,,,,0.00,,
1955-10-12,,,,0.14,,
1955-10-13,,,,0.08,,
1955-10-14,,,,0.00,,
1955-10-15,,,,0.00,,
1955-10-16,,,,0.00,,
1955-10-17,,,,0.32,,
1955-10-18,,,,0.07,,
1955-10-19,,,,0.00,,
1955-10-20,,,,0.00,,
1955-10-21,,,,0.00,,
1955-10-22,,,,0.00,,
1955-10-23,,,,0.00,,
1955-10-24,,,,0.48,,
1955-10-25,,,,0.00,,
1955-10-26,,,,0.00,,
1955-10-27,,,,0.00,,
1955-10-28,,,,0.00,,
1955-10-29,,,,0.00,,
1955-10-30,,,,0.00,,
1955-10-31,,,,0.12,,
1955-11-01,,,,0.00,,0.0
1955-11-02,,,,1.25,,0.0
1955-11-03,,,,1.18,,0.0
1955-11-04,,,,0.00,,0.0
1955-11-05,,,,0.00,,0.0
1955-11-06,,,,0.00,,0.0
1955-11-07,,,,0.00,,0.0
1955-11-08,,,,0.00,,0.0
1955-11-09,,,,0.00,,0.0
1955-11-10,,,,0.00,,0.0
1955-11-11,,,,0.00,,0.0
1955-11-12,,,,0.00,,0.0
1955-11-13,,,,0.00,,0.0
1955-11-14,,,,0.33,,0.0
1955-11-15,,,,0.00,,0.0
1955-11-16,,,,1.88,,0.0
1955-11-17,,,,0.00,,0.0
1955-11-18,,,,0.00,,0.0
1955-11-19,,,,0.37,,5.0
1955-11-20,,,,0.00,,3.0
1955-11-21,,,,0.00,,2.0
1955-11-22,,,,0.00,,0.0
1955-11-23,,,,0.00,,0.0
1955-11-24,,,,0.00,,0.0
1955-11-25,,,,0.00,,0.0
1955-11-26,,,,0.00,,0.0
1955-11-27,,,,0.00,,0.0
1955-11-28,,,,0.00,,0.0
1955-11-29,,,,0.00,,0.0
1955-11-30,,,,0.00,,0.0
1955-12-07,,,,0.00,,0.0
1955-12-08,,,,0.00,,0.0
1955-12-09,,,,0.00,,0.0
1955-12-10,,,,0.00,,0.0
1955-12-11,,,,0.00,,0.0
1955-12-12,,,,0.00,,0.0
1955-12-13,,,,0.00,,0.0
1955-12-14,,,,0.00,,0.0
1955-12-15,,,,0.15,,2.0
1955-12-16,,,,0.00,,2.0
1955-12-17,,,,0.00,,2.0
1955-12-18,,,,0.07,,2.0
1955-12-19,,,,0.00,,2.0
1955-12-20,,,,0.00,,1.0
1955-12-21,,,,0.00,,1.0
1955-12-22,,,,0.00,,1.0
1955-12-23,,,,0.00,,0.0
1955-12-24,,,,0.00,,0.0
1955-12-25,,,,0.00,,0.0
1955-12-26,,,,0.06,,1.0
1955-12-27,,,,0.00,,0.0
1955-12-28,,,,0.00,,0.0
1955-12-29,,,,0.00,,0.0
1955-12-30,,,,0.00,,0.0
1955-12-31,,,,0.00,,0.0
1956-01-01,,,,0.00,,0.0
1956-01-02,,,,0.07,,0.0
1956-01-03,,,,0.00,,0.0
1956-01-04,,,,0.00,,0.0
1956-01-05,,,,0.00,,0.0
1956-01-06,,,,0.00,,0.0
1956-01-07,,,,0.00,,0.0
1956-01-08,,,,0.00,,0.0
1956-01-09,,,,0.00,,0.0
1956-01-10,,,,0.00,,0.0
1956-01-11,,,,0.00,,0.0
1956-01-12,,,,0.00,,0.0
1956-01-13,,,,0.00,,0.0
1956-01-14,,,,0.00,,0.0
1956-01-15,,,,0.00,,0.0
1956-01-16,,,,0.09,,2.0
1956-01-17,,,,0.00,,1.0
1956-01-18,,,,0.00,,0.0
1956-01-19,,,,0.15,,3.0
1956-01-20,,,,0.08,,4.0
1956-01-21,,,,0.00,,4.0
1956-01-22,,,,0.00,,3.0
1956-01-23,,,,0.00,,3.0
1956-01-24,,,,0.00,,3.0
1956-01-25,,,,0.00,,3.0
1956-01-26,,,,0.00,,2.0
1956-01-27,,,,0.00,,2.0
1956-01-28,,,,0.00,,1.0
1956-01-29,,,,0.18,,1.0
1956-01-30,,,,0.30,,0.0
1956-01-31,,,,0.00,,4.0
1956-02-01,,,,0.00,,3.0
1956-02-02,,,,0.26,,4.0
1956-02-03,,,,0.00,,4.0
1956-02-04,,,,0.00,,3.0
1956-02-05,,,,0.00,,2.0
1956-02-06,,,,0.00,,2.0
1956-02-07,,,,0.00,,1.0
1956-02-08,,,,0.00,,1.0
1956-02-09,,,,0.00,,0.0
1956-02-10,,,,0.00,,0.0
1956-02-11,,,,0.00,,1.0
1956-02-12,,,,0.18,,1.0
1956-02-13,,,,0.00,,1.0
1956-02-14,,,,0.00,,0.0
1956-02-15,,,,0.00,,0.0
1956-02-16,,,,0.00,,0.0
1956-02-17,,,,0.36,,0.0
1956-02-18,,,,0.32,,0.0
1956-02-19,,,,0.00,,0.0
1956-02-20,,,,0.00,,0.0
1956-02-21,,,,0.00,,0.0
1956-02-22,,,,0.00,,0.0
1956-02-23,,,,0.00,,0.0
1956-02-24,,,,0.11,,0.0
1956-02-25,,,,0.48,,0.0
1956-02-26,,,,0.00,,0.0
1956-02-27,,,,0.00,,0.0
1956-02-28,,,,0.30,,5.0
1956-02-29,,,,0.00,,4.0
1956-03-01,,,,0.00,,0.0
1956-03-02,,,,0.00,,0.0
1956-03-03,,,,0.00,,0.0
1956-03-04,,,,0.00,,0.0
1956-03-05,,,,0.00,,0.0
1956-03-06,,,,0.00,,0.0
1956-03-07,,,,0.00,,0.0
1956-03-08,,,,0.08,,0.0
1956-03-09,,,,0.00,,0.0
1956-03-10,,,,0.00,,0.0
1956-03-11,,,,0.00,,0.0
1956-03-12,,,,0.00,,0.0
1956-03-13,,,,0.00,,0.0
1956-03-14,,,,0.18,,2.0
1956-03-15,,,,0.00,,0.0
1956-03-16,,,,0.26,,5.0
1956-03-17,,,,0.00,,1.0
1956-03-18,,,,0.00,,0.0
1956-03-19,,,,0.00,,0.0
1956-03-20,,,,0.00,,0.0
1956-03-21,,,,0.00,,0.0
1956-03-22,,,,0.00,,0.0
1956-03-23,,,,0.00,,0.0
1956-03-24,,,,0.00,,0.0
1956-03-25,,,,0.00,,0.0
1956-03-26,,,,0.00,,0.0
1956-03-27,,,,0.09,,0.0
1956-03-28,,,,0.29,,0.0
1956-03-29,,,,0.00,,0.0
1956-03-30,,,,0.00,,0.0
1956-03-31,,,,0.00,,0.0
1956-04-01,,,,0.00,,
1956-04-02,,,,0.00,,
1956-04-03,,,,0.00,,
1956-04-04,,,,0.00,,
1956-04-05,,,,0.00,,
1956-04-06,,,,0.27,,
1956-04-07,,,,0.00,,
1956-04-08,,,,0.00,,
1956-04-09,,,,0.00,,
1956-04-10,,,,0.00,,
1956-04-11,,,,0.00,,
1956-04-12,,,,0.00,,
1956-04-13,,,,0.00,,
1956-04-14,,,,0.00,,
1956-04-15,,,,0.00,,
1956-04-16,,,,0.00,,
1956-04-17,,,,0.00,,
1956-04-18,,,,0.00,,
1956-04-19,,,,0.00,,
1956-04-20,,,,0.00,,
1956-04-21,,,,0.00,,
1956-04-22,,,,0.00,,
1956-04-23,,,,0.00,,
1956-04-24,,,,0.00,,
1956-04-25,,,,0.00,,
1956-04-26,,,,0.00,,
1956-04-27,,,,0.46,,
1956-04-28,,,,0.00,,
1956-04-29,,,,0.48,,
1956-04-30,,,,0.28,,
1956-05-01,,,,0.00,,
1956-05-02,,,,0.18,,
1956-05-03,,,,0.00,,
1956-05-04,,,,0.00,,
1956-05-05,,,,0.00,,
1956-05-06,,,,0.00,,
1956-05-07,,,,0.00,,
1956-05-08,,,,0.00,,
1956-05-09,,,,0.00,,
1956-05-10,,,,0.00,,
1956-05-11,,,,0.00,,
1956-05-12,,,,0.00,,
1956-05-13,,,,0.00,,
1956-05-14,,,,0.00,,
1956-05-15,,,,0.00,,
1956-05-16,,,,0.22,,
1956-05-17,,,,0.43,,
1956-05-18,,,,0.00,,
1956-05-19,,,,0.00,,
1956-05-20,,,,0.00,,
1956-05-21,,,,0.00,,
1956-05-22,,,,0.47,,
1956-05-23,,,,0.10,,
1956-05-24,,,,0.00,,
1956-05-25,,,,0.00,,
1956-05-26,,,,0.00,,
1956-05-27,,,,1.22,,
1956-05-28,,,,0.32,,
1956-05-29,,,,0.82,,
1956-05-30,,,,0.10,,
1956-05-31,,,,0.84,,
1956-06-01,,,,0.00,,
1956-06-02,,,,0.00,,
1956-06-03,,,,0.00,,
1956-06-04,,,,0.00,,
1956-06-05,,,,0.00,,
1956-06-06,,,,0.00,,
1956-06-07,,,,0.00,,
1956-06-08,,,,0.00,,
1956-06-09,,,,0.00,,
1956-06-10,,,,0.00,,
1956-06-11,,,,0.00,,
1956-06-12,,,,0.00,,
1956-06-13,,,,0.00,,
1956-06-14,,,,0.00,,
1956-06-15,,,,0.00,,
1956-06-16,,,,0.00,,
1956-06-17,,,,0.00,,
1956-06-18,,,,0.00,,
1956-06-19,,,,0.00,,
1956-06-20,,,,0.12,,
1956-06-21,,,,0.00,,
1956-06-22,,,,0.29,,
1956-06-23,,,,0.89,,
1956-06-24,,,,0.00,,
1956-06-25,,,,0.00,,
1956-06-26,,,,0.00,,
1956-06-27,,,,0.48,,
1956-06-28,,,,0.00,,
1956-06-29,,,,0.00,,
1956-06-30,,,,0.00,,
1956-07-01,,,,0.00,,
1956-07-02,,,,0.00,,
1956-07-03,,,,0.00,,
1956-07-04,,,,1.00,,
1956-07-05,,,,0.39,,
1956-07-06,,,,0.00,,
1956-07-07,,,,0.00,,
1956-07-08,,,,0.00,,
1956-07-09,,,,0.00,,
1956-07-10,,,,0.00,,
1956-07-11,,,,0.00,,
1956-07-12,,,,0.00,,
1956-07-13,,,,0.00,,
1956-07-14,,,,0.00,,
1956-07-15,,,,0.00,,
1956-07-16,,,,0.09,,
1956-07-17,,,,0.82,,
1956-07-18,,,,0.00,,
1956-07-19,,,,0.00,,
1956-07-20,,,,0.34,,
1956-07-21,,,,0.00,,
1956-07-22,,,,0.00,,
1956-07-23,,,,0.00,,
1956-07-24,,,,0.00,,
1956-07-25,,,,0.00,,
1956-07-26,,,,0.00,,
1956-07-27,,,,0.00,,
1956-07-28,,,,0.00,,
1956-07-29,,,,0.00,,
1956-07-30,,,,0.00,,
1956-07-31,,,,0.00,,
1956-08-01,,,,0.10,,
1956-08-02,,,,0.00,,
1956-08-03,,,,0.00,,
1956-08-04,,,,0.00,,
1956-08-05,,,,0.00,,
1956-08-06,,,,0.00,,
1956-08-07,,,,0.00,,
1956-08-08,,,,0.00,,
1956-08-09,,,,0.00,,
1956-08-10,,,,0.00,,
1956-08-11,,,,0.00,,
1956-08-12,,,,0.00,,
1956-08-13,,,,1.64,,
1956-08-14,,,,0.34,,
1956-08-15,,,,0.00,,
1956-08-16,,,,0.00,,
1956-08-17,,,,0.00,,
1956-08-18,,,,0.00,,
1956-08-19,,,,0.00,,
1956-08-20,,,,0.00,,
1956-08-21,,,,0.00,,
1956-08-22,,,,0.00,,
1956-08-23,,,,0.00,,
1956-08-24,,,,0.00,,
1956-08-25,,,,0.00,,
1956-08-26,,,,0.00,,
1956-08-27,,,,0.00,,
1956-08-28,,,,0.00,,
1956-08-29,,,,0.00,,
1956-08-30,,,,0.46,,
1956-08-31,,,,0.19,,
1956-09-01,,,,0.00,,
1956-09-02,,,,0.00,,
1956-09-03,,,,0.00,,
1956-09-04,,,,0.00,,
1956-09-05,,,,0.00,,
1956-09-06,,,,0.00,,
1956-09-07,,,,0.00,,
1956-09-08,,,,0.00,,
1956-09-09,,,,0.00,,
1956-09-10,,,,0.00,,
1956-09-11,,,,0.00,,
1956-09-12,,,,0.00,,
1956-09-13,,,,0.00,,
1956-09-14,,,,0.39,,
1956-09-15,,,,0.20,,
1956-09-16,,,,0.00,,
1956-09-17,,,,0.00,,
1956-09-18,,,,0.00,,
1956-09-19,,,,0.00,,
1956-09-20,,,,0.00,,
1956-09-21,,,,0.00,,
1956-09-22,,,,0.00,,
1956-09-23,,,,0.00,,
1956-09-24,,,,0.00,,
1956-09-25,,,,0.00,,
1956-09-26,,,,0.00,,
1956-09-27,,,,0.00,,
1956-09-28,,,,0.00,,
1956-09-29,,,,0.00,,
1956-09-30,,,,0.00,,
1956-10-01,,,,0.00,,
1956-10-02,,,,0.00,,
1956-10-03,,,,0.00,,
1956-10-04,,,,0.00,,
1956-10-05,,,,0.00,,
1956-10-06,,,,0.00,,
1956-10-07,,,,0.00,,
1956-10-08,,,,0.00,,
1956-10-09,,,,0.00,,
1956-10-10,,,,0.00,,
1956-10-11,,,,0.00,,
1956-10-12,,,,0.00,,
1956-10-13,,,,0.00,,
1956-10-14,,,,0.00,,
1956-10-15,,,,0.00,,
1956-10-16,,,,0.00,,
1956-10-17,,,,0.00,,
1956-10-18,,,,0.00,,
1956-10-19,,,,0.00,,
1956-10-20,,,,0.00,,
1956-10-21,,,,0.00,,
1956-10-22,,,,0.00,,
1956-10-23,,,,0.00,,
1956-10-24,,,,0.00,,
1956-10-25,,,,0.00,,
1956-10-26,,,,0.42,,
1956-10-27,,,,0.00,,
1956-10-28,,,,0.00,,
1956-10-29,,,,0.00,,
1956-10-30,,,,0.00,,
1956-10-31,,,,0.00,,
1956-11-01,,,,0.00,,0.0
1956-11-02,,,,0.00,,0.0
1956-11-03,,,,0.00,,0.0
1956-11-04,,,,0.00,,0.0
1956-11-05,,,,0.00,,0.0
1956-11-06,,,,0.32,,0.0
1956-11-07,,,,0.00,,0.0
1956-11-08,,,,0.00,,0.0
1956-11-09,,,,0.00,,0.0
1956-11-10,,,,0.00,,0.0
1956-11-11,,,,0.00,,0.0
1956-11-12,,,,0.00,,0.0
1956-11-13,,,,0.00,,0.0
1956-11-14,,,,0.00,,0.0
1956-11-15,,,,0.18,,0.0
1956-11-16,,,,0.49,,0.0
1956-11-17,,,,0.00,,0.0
1956-11-18,,,,0.00,,0.0
1956-11-19,,,,0.00,,0.0
1956-11-20,,,,0.45,,0.0
1956-11-21,,,,1.36,,0.0
1956-11-22,,,,0.00,,0.0
1956-11-23,,,,0.00,,1.0
1956-11-24,,,,0.00,,1.0
1956-11-25,,,,0.00,,0.0
1956-11-26,,,,0.00,,0.0
1956-11-27,,,,0.00,,0.0
1956-11-28,,,,0.00,,0.0
1956-11-29,,,,0.00,,0.0
1956-11-30,,,,0.00,,0.0
1956-12-01,,,,0.00,,0.0
1956-12-02,,,,0.00,,0.0
1956-12-03,,,,0.00,,0.0
1956-12-04,,,,0.00,,0.0
1956-12-05,,,,0.00,,0.0
1956-12-06,,,,0.00,,0.0
1956-12-07,,,,1.22,,0.0
1956-12-08,,,,0.36,,0.0
1956-12-09,,,,0.44,,4.0
1956-12-10,,,,0.00,,3.0
1956-12-11,,,,0.00,,1.0
1956-12-12,,,,0.00,,0.0
1956-12-13,,,,0.00,,0.0
1956-12-14,,,,0.00,,0.0
1956-12-15,,,,0.00,,0.0
1956-12-16,,,,0.00,,0.0
1956-12-17,,,,0.00,,0.0
1956-12-18,,,,0.00,,0.0
1956-12-19,,,,0.00,,0.0
1956-12-20,,,,0.00,,0.0
1956-12-21,,,,0.47,,0.0
1956-12-22,,,,0.00,,0.0
1956-12-23,,,,0.00,,0.0
1956-12-24,,,,0.09,,0.0
1956-12-25,,,,0.00,,0.0
1956-12-26,,,,0.00,,0.0
1956-12-27,,,,0.00,,0.0
1956-12-28,,,,0.24,,1.0
1956-12-29,,,,0.00,,1.0
1956-12-30,,,,0.00,,1.0
1956-12-31,,,,0.00,,1.0
1957-01-01,,,,0.00,,0.0
1957-01-02,,,,0.00,,0.0
1957-01-03,,,,0.00,,0.0
1957-01-04,,,,0.00,,0.0
1957-01-05,,,,0.00,,0.0
1957-01-06,,,,0.00,,0.0
1957-01-07,,,,0.22,,3.0
1957-01-08,,,,0.00,,2.0
1957-01-09,,,,0.34,,1.0
1957-01-10,,,,0.21,,1.0
1957-01-11,,,,0.00,,1.0
1957-01-12,,,,0.00,,1.0
1957-01-13,,,,0.00,,1.0
1957-01-14,,,,0.14,,2.0
1957-01-15,,,,0.00,,2.0
1957-01-16,,,,0.00,,2.0
1957-01-17,,,,0.00,,2.0
1957-01-18,,,,0.00,,2.0
1957-01-19,,,,0.00,,2.0
1957-01-20,,,,0.00,,1.0
1957-01-21,,,,0.16,,1.0
1957-01-22,,,,0.30,,1.0
1957-01-23,,,,0.32,,3.0
1957-01-24,,,,0.00,,2.0
1957-01-25,,,,0.00,,2.0
1957-01-26,,,,0.00,,1.0
1957-01-27,,,,0.00,,1.0
1957-01-28,,,,0.00,,1.0
1957-01-29,,,,0.17,,1.0
1957-01-30,,,,0.00,,1.0
1957-01-31,,,,0.00,,1.0
1957-02-01,,,,0.00,,1.0
1957-02-02,,,,0.00,,1.0
1957-02-03,,,,0.00,,0.0
1957-02-04,,,,0.00,,0.0
1957-02-05,,,,0.00,,0.0
1957-02-06,,,,0.00,,0.0
1957-02-07,,,,0.00,,0.0
1957-02-08,,,,0.00,,0.0
1957-02-09,,,,0.48,,0.0
1957-02-10,,,,0.00,,0.0
1957-02-11,,,,0.00,,0.0
1957-02-12,,,,0.00,,0.0
1957-02-13,,,,0.09,,0.0
1957-02-14,,,,0.00,,0.0
1957-02-15,,,,0.00,,0.0
1957-02-16,,,,0.00,,0.0
1957-02-17,,,,0.00,,0.0
1957-02-18,,,,0.00,,0.0
1957-02-19,,,,0.00,,0.0
1957-02-20,,,,0.00,,0.0
1957-02-21,,,,0.00,,0.0
1957-02-22,,,,0.00,,0.0
1957-02-23,,,,0.00,,0.0
1957-02-24,,,,0.00,,0.0
1957-02-25,,,,0.00,,0.0
1957-02-26,,,,0.38,,0.0
1957-02-27,,,,1.33,,0.0
1957-02-28,,,,0.00,,0.0
1957-03-01,,,,0.00,,0.0
1957-03-02,,,,0.00,,0.0
1957-03-03,,,,0.00,,0.0
1957-03-04,,,,0.00,,0.0
1957-03-05,,,,0.00,,0.0
1957-03-06,,,,0.00,,0.0
1957-03-07,,,,0.00,,0.0
1957-03-08,,,,0.00,,0.0
1957-03-09,,,,0.00,,0.0
1957-03-10,,,,0.00,,0.0
1957-03-11,,,,0.00,,0.0
1957-03-12,,,,0.00,,0.0
1957-03-13,,,,0.00,,0.0
1957-03-14,,,,0.00,,0.0
1957-03-15,,,,0.89,,0.0
1957-03-16,,,,0.00,,0.0
1957-03-17,,,,0.00,,0.0
1957-03-18,,,,0.00,,0.0
1957-03-19,,,,0.18,,0.0
1957-03-20,,,,0.00,,0.0
1957-03-21,,,,0.00,,0.0
1957-03-22,,,,0.00,,0.0
1957-03-23,,,,0.00,,0.0
1957-03-24,,,,0.00,,0.0
1957-03-25,,,,0.00,,0.0
1957-03-26,,,,0.21,,1.0
1957-03-27,,,,0.00,,0.0
1957-03-28,,,,0.00,,0.0
1957-03-29,,,,0.00,,0.0
1957-03-30,,,,0.00,,0.0
1957-03-31,,,,0.00,,0.0
1957-04-01,,,,0.18,,4.0
1957-04-02,,,,0.47,,
1957-04-03,,,,0.00,,2.0
1957-04-04,,,,1.78,,
1957-04-05,,,,0.00,,
1957-04-06,,,,0.27,,
1957-04-07,,,,0.00,,
1957-04-08,,,,0.87,,
1957-04-09,,,,0.40,,
1957-04-10,,,,0.00,,
1957-04-11,,,,0.00,,
1957-04-12,,,,0.09,,
1957-04-13,,,,0.00,,
1957-04-14,,,,0.00,,
1957-04-15,,,,0.00,,
1957-04-16,,,,0.15,,
1957-04-17,,,,0.42,,
1957-04-18,,,,1.20,,
1957-04-19,,,,0.00,,
1957-04-20,,,,0.29,,
1957-04-21,,,,0.36,,
1957-04-22,,,,0.00,,
1957-04-23,,,,0.17,,
1957-04-24,,,,0.00,,
1957-04-25,,,,0.09,,
1957-04-26,,,,0.00,,
1957-04-27,,,,0.34,,
1957-04-28,,,,0.25,,
1957-04-29,,,,0.00,,
1957-04-30,,,,0.00,,
1957-05-01,,,,0.00,,
1957-05-02,,,,0.00,,
1957-05-03,,,,0.00,,
1957-05-04,,,,0.00,,
1957-05-05,,,,0.00,,
1957-05-06,,,,0.00,,
1957-05-07,,,,0.00,,
1957-05-08,,,,0.00,,
1957-05-09,,,,0.00,,
1957-05-10,,,,0.25,,
1957-05-11,,,,1.62,,
1957-05-12,,,,0.00,,
1957-05-13,,,,0.11,,
1957-05-14,,,,0.19,,
1957-05-15,,,,0.00,,
1957-05-16,,,,0.00,,
1957-05-17,,,,0.44,,
1957-05-18,,,,0.00,,
1957-05-19,,,,0.23,,
1957-05-20,,,,0.89,,
1957-05-21,,,,0.00,,
1957-05-22,,,,0.25,,
1957-05-23,,,,0.29,,
1957-05-24,,,,0.00,,
1957-05-25,,,,0.00,,
1957-05-26,,,,0.16,,
1957-05-27,,,,0.00,,
1957-05-28,,,,0.00,,
1957-05-29,,,,0.00,,
1957-05-30,,,,0.00,,
1957-05-31,,,,0.46,,
1957-06-01,,,,0.69,,
1957-06-02,,,,0.00,,
1957-06-03,,,,0.00,,
1957-06-04,,,,0.00,,
1957-06-05,,,,0.00,,
1957-06-06,,,,0.00,,
1957-06-07,,,,0.00,,
1957-06-08,,,,0.27,,
1957-06-09,,,,0.00,,
1957-06-10,,,,0.00,,
1957-06-11,,,,0.59,,
1957-06-12,,,,0.00,,
1957-06-13,,,,0.25,,
1957-06-14,,,,0.09,,
1957-06-15,,,,0.21,,
1957-06-16,,,,0.63,,
1957-06-17,,,,0.00,,
1957-06-18,,,,0.41,,
1957-06-19,,,,0.00,,
1957-06-20,,,,0.00,,
1957-06-21,,,,0.00,,
1957-06-22,,,,0.00,,
1957-06-23,,,,0.00,,
1957-06-24,,,,0.00,,
1957-06-25,,,,0.33,,
1957-06-26,,,,0.00,,
1957-06-27,,,,0.15,,
1957-06-28,,,,3.62,,
1957-06-29,,,,0.62,,
1957-06-30,,,,0.00,,
1957-07-01,,,,0.00,,
1957-07-02,,,,0.00,,
1957-07-03,,,,0.00,,
1957-07-04,,,,0.00,,
1957-07-05,,,,1.20,,
1957-07-06,,,,0.00,,
1957-07-07,,,,0.00,,
1957-07-08,,,,0.00,,
1957-07-09,,,,0.00,,
1957-07-10,,,,0.00,,
1957-07-11,,,,0.00,,
1957-07-12,,,,0.00,,
1957-07-13,,,,2.34,,
1957-07-14,,,,0.00,,
1957-07-15,,,,0.00,,
1957-07-16,,,,0.00,,
1957-07-17,,,,0.00,,
1957-07-18,,,,0.00,,
1957-07-19,,,,0.00,,
1957-07-20,,,,0.00,,
1957-07-21,,,,0.00,,
1957-07-22,,,,0.00,,
1957-07-23,,,,3.95,,
1957-07-24,,,,0.00,,
1957-07-25,,,,0.00,,
1957-07-26,,,,0.00,,
1957-07-27,,,,0.00,,
1957-07-28,,,,0.00,,
1957-07-29,,,,0.00,,
1957-07-30,,,,0.00,,
1957-07-31,,,,0.00,,
1957-08-01,,,,0.00,,
1957-08-02,,,,0.00,,
1957-08-03,,,,0.25,,
1957-08-04,,,,0.79,,
1957-08-05,,,,0.00,,
1957-08-06,,,,0.00,,
1957-08-07,,,,0.00,,
1957-08-08,,,,0.00,,
1957-08-09,,,,0.00,,
1957-08-10,,,,0.00,,
1957-08-11,,,,0.83,,
1957-08-12,,,,0.00,,
1957-08-13,,,,0.00,,
1957-08-14,,,,0.00,,
1957-08-15,,,,0.00,,
1957-08-16,,,,0.00,,
1957-08-17,,,,0.00,,
1957-08-18,,,,0.00,,
1957-08-19,,,,0.00,,
1957-08-20,,,,0.00,,
1957-08-21,,,,0.00,,
1957-08-22,,,,0.00,,
1957-08-23,,,,0.00,,
1957-08-24,,,,0.41,,
1957-08-25,,,,0.40,,
1957-08-26,,,,0.00,,
1957-08-27,,,,0.00,,
1957-08-28,,,,0.28,,
1957-08-29,,,,0.00,,
1957-08-30,,,,0.00,,
1957-08-31,,,,0.00,,
1957-09-01,,,,0.00,,
1957-09-02,,,,0.00,,
1957-09-03,,,,0.19,,
1957-09-04,,,,0.00,,
1957-09-05,,,,0.00,,
1957-09-06,,,,0.00,,
1957-09-07,,,,0.00,,
1957-09-08,,,,0.00,,
1957-09-09,,,,0.00,,
1957-09-10,,,,0.00,,
1957-09-11,,,,0.00,,
1957-09-12,,,,0.26,,
1957-09-13,,,,0.48,,
1957-09-14,,,,0.00,,
1957-09-15,,,,0.00,,
1957-09-16,,,,0.00,,
1957-09-17,,,,0.00,,
1957-09-18,,,,0.00,,
1957-09-19,,,,0.00,,
1957-09-20,,,,0.45,,
1957-09-21,,,,3.19,,
1957-09-22,,,,0.14,,
1957-09-23,,,,0.00,,
1957-09-24,,,,0.00,,
1957-09-25,,,,0.00,,
1957-09-26,,,,0.00,,
1957-09-27,,,,0.00,,
1957-09-28,,,,0.00,,
1957-09-29,,,,0.00,,
1957-09-30,,,,0.00,,
1957-10-01,,,,0.00,,
1957-10-02,,,,0.00,,
1957-10-03,,,,0.00,,
1957-10-04,,,,0.00,,
1957-10-05,,,,0.00,,
1957-10-06,,,,0.00,,
1957-10-07,,,,0.00,,
1957-10-08,,,,0.00,,
1957-10-09,,,,0.00,,
1957-10-10,,,,0.00,,
1957-10-11,,,,0.00,,
1957-10-12,,,,0.00,,
1957-10-13,,,,0.00,,
1957-10-14,,,,0.00,,
1957-10-15,,,,0.00,,
1957-10-16,,,,0.57,,
1957-10-17,,,,0.96,,
1957-10-18,,,,0.00,,
1957-10-19,,,,0.00,,
1957-10-20,,,,0.00,,
1957-10-21,,,,0.00,,
1957-10-22,,,,0.00,,
1957-10-23,,,,1.38,,
1957-10-24,,,,0.96,,
1957-10-25,,,,0.00,,
1957-10-26,,,,0.00,,
1957-10-27,,,,0.00,,
1957-10-28,,,,0.00,,
1957-10-29,,,,0.00,,
1957-10-30,,,,0.00,,
1957-10-31,,,,0.00,,
1957-11-01,,,,0.00,,
1957-11-02,,,,0.00,,
1957-11-03,,,,0.00,,
1957-11-04,,,,0.00,,
1957-11-05,,,,0.00,,
1957-11-06,,,,0.00,,
1957-11-07,,,,0.00,,
1957-11-08,,,,0.42,,
1957-11-09,,,,0.22,,
1957-11-10,,,,0.00,,
1957-11-11,,,,0.00,,
1957-11-12,,,,0.00,,
1957-11-13,,,,0.22,,
1957-11-14,,,,0.32,,
1957-11-15,,,,0.45,,
1957-11-16,,,,0.00,,
1957-11-17,,,,0.00,,
1957-11-18,,,,0.16,,
1957-11-19,,,,0.00,,
1957-11-20,,,,0.00,,
1957-11-21,,,,0.00,,
1957-11-22,,,,0.00,,
1957-11-23,,,,0.00,,
1957-11-24,,,,0.00,,
1957-11-25,,,,0.00,,
1957-11-26,,,,0.00,,
1957-11-27,,,,0.00,,
1957-11-28,,,,0.00,,
1957-11-29,,,,0.00,,
1957-11-30,,,,0.00,,
1957-12-01,,,,0.00,,
1957-12-02,,,,0.00,,
1957-12-03,,,,0.00,,
1957-12-04,,,,0.11,,
1957-12-05,,,,0.00,,
1957-12-06,,,,0.00,,
1957-12-07,,,,1.17,,
1957-12-08,,,,0.00,,
1957-12-09,,,,0.00,,
1957-12-10,,,,0.00,,
1957-12-11,,,,0.10,,
1957-12-12,,,,0.00,,
1957-12-13,,,,0.00,,
1957-12-14,,,,0.00,,
1957-12-15,,,,0.00,,
1957-12-16,,,,0.09,,
1957-12-17,,,,0.00,,
1957-12-18,,,,1.23,,
1957-12-19,,,,0.53,,
1957-12-20,,,,1.19,,
1957-12-21,,,,0.00,,
1957-12-22,,,,0.00,,
1957-12-23,,,,0.00,,
1957-12-24,,,,0.00,,
1957-12-25,,,,0.00,,
1957-12-26,,,,0.53,,
1957-12-27,,,,0.00,,
1957-12-28,,,,0.13,,
1957-12-29,,,,0.00,,
1957-12-30,,,,0.00,,
1957-12-31,,,,0.00,,
1958-01-01,,,,0.13,,2.0
1958-01-02,,,,0.00,,2.0
1958-01-03,,,,0.00,,2.0
1958-01-04,,,,0.00,,1.0
1958-01-05,,,,0.00,,1.0
1958-01-06,,,,0.00,,1.0
1958-01-07,,,,0.00,,0.0
1958-01-08,,,,0.00,,0.0
1958-01-09,,,,0.00,,0.0
1958-01-10,,,,0.00,,0.0
1958-01-11,,,,0.00,,0.0
1958-01-12,,,,0.00,,0.0
1958-01-13,,,,0.00,,0.0
1958-01-14,,,,0.00,,0.0
1958-01-15,,,,0.00,,0.0
1958-01-16,,,,0.00,,0.0
1958-01-17,,,,0.00,,0.0
1958-01-18,,,,0.00,,0.0
1958-01-19,,,,0.00,,0.0
1958-01-20,,,,0.00,,0.0
1958-01-21,,,,0.58,,0.0
1958-01-22,,,,0.31,,0.0
1958-01-23,,,,0.00,,0.0
1958-01-24,,,,0.00,,0.0
1958-01-25,,,,0.00,,0.0
1958-01-26,,,,0.00,,0.0
1958-01-27,,,,0.09,,1.0
1958-01-28,,,,0.00,,1.0
1958-01-29,,,,0.00,,1.0
1958-01-30,,,,0.00,,1.0
1958-01-31,,,,0.00,,1.0
1958-02-01,,,,0.00,,1.0
1958-02-02,,,,0.00,,1.0
1958-02-03,,,,0.00,,1.0
1958-02-04,,,,0.00,,0.0
1958-02-05,,,,0.00,,0.0
1958-02-06,,,,0.00,,0.0
1958-02-07,,,,0.00,,0.0
1958-02-08,,,,0.00,,0.0
1958-02-09,,,,0.00,,0.0
1958-02-10,,,,0.00,,0.0
1958-02-11,,,,0.00,,0.0
1958-02-12,,,,0.00,,0.0
1958-02-13,,,,0.00,,0.0
1958-02-14,,,,0.00,,0.0
1958-02-15,,,,0.09,,1.0
1958-02-16,,,,0.00,,1.0
1958-02-17,,,,0.00,,1.0
1958-02-18,,,,0.00,,1.0
1958-02-19,,,,0.00,,1.0
1958-02-20,,,,0.00,,1.0
1958-02-21,,,,0.00,,0.0
1958-02-22,,,,0.00,,0.0
1958-02-23,,,,0.00,,0.0
1958-02-24,,,,0.00,,0.0
1958-02-25,,,,0.00,,0.0
1958-02-26,,,,0.00,,0.0
1958-02-27,,,,0.00,,0.0
1958-02-28,,,,0.45,,0.0
1958-03-01,,,,0.00,0.0,
1958-03-02,,,,0.00,0.0,
1958-03-03,,,,0.00,0.5,
1958-03-04,,,,0.00,0.0,
1958-03-05,,,,0.00,0.0,
1958-03-06,,,,0.00,0.0,
1958-03-07,,,,0.00,0.0,
1958-03-08,,,,0.00,0.0,
1958-03-09,,,,0.00,0.0,
1958-03-10,,,,0.00,0.0,
1958-03-11,,,,0.00,1.0,
1958-03-12,,,,0.00,0.0,
1958-03-13,,,,0.00,0.0,
1958-03-14,,,,0.00,0.0,
1958-03-15,,,,0.00,0.0,
1958-03-16,,,,0.00,0.0,
1958-03-17,,,,0.00,0.0,
1958-03-18,,,,0.00,0.0,
1958-03-19,,,,0.00,0.0,
1958-03-20,,,,0.00,1.0,
1958-03-21,,,,0.00,0.5,
1958-03-22,,,,0.00,0.0,
1958-03-23,,,,0.00,0.0,
1958-03-24,,,,0.34,0.0,
1958-03-25,,,,0.65,0.0,
1958-03-26,,,,0.00,0.0,
1958-03-27,,,,0.00,0.0,
1958-03-28,,,,0.00,0.0,
1958-03-29,,,,0.00,0.0,
1958-03-30,,,,0.00,0.0,
1958-03-31,,,,0.00,0.0,
1958-04-01,,,,0.00,,
1958-04-02,,,,0.00,,
1958-04-03,,,,0.00,,
1958-04-04,,,,0.00,,
1958-04-05,,,,0.00,,
1958-04-06,,,,1.04,,
1958-04-07,,,,0.00,,
1958-04-08,,,,0.00,,
1958-04-09,,,,0.00,,
1958-04-10,,,,0.00,,
1958-04-11,,,,0.00,,
1958-04-12,,,,0.00,,
1958-04-13,,,,0.00,,
1958-04-14,,,,0.00,,
1958-04-15,,,,0.00,,
1958-04-16,,,,0.00,,
1958-04-17,,,,0.00,,
1958-04-18,,,,0.00,,
1958-04-19,,,,0.00,,
1958-04-20,,,,0.14,,
1958-04-21,,,,0.18,,
1958-04-22,,,,0.00,,
1958-04-23,,,,0.00,,
1958-04-24,,,,0.40,,
1958-04-25,,,,0.00,,
1958-04-26,,,,0.00,,
1958-04-27,,,,0.00,,
1958-04-28,,,,0.14,,
1958-04-29,,,,0.00,,
1958-04-30,,,,0.00,,
1958-05-01,,,,0.00,,
1958-05-02,,,,0.00,,
1958-05-03,,,,0.35,,
1958-05-04,,,,0.48,,
1958-05-05,,,,0.00,,
1958-05-06,,,,0.00,,
1958-05-07,,,,0.00,,
1958-05-08,,,,0.00,,
1958-05-09,,,,0.00,,
1958-05-10,,,,0.00,,
1958-05-11,,,,0.00,,
1958-05-12,,,,0.00,,
1958-05-13,,,,0.00,,
1958-05-14,,,,0.00,,
1958-05-15,,,,0.00,,
1958-05-16,,,,0.19,,
1958-05-17,,,,0.00,,
1958-05-18,,,,0.00,,
1958-05-19,,,,0.00,,
1958-05-20,,,,0.00,,
1958-05-21,,,,0.00,,
1958-05-22,,,,0.24,,
1958-05-23,,,,0.53,,
1958-05-24,,,,0.00,,
1958-05-25,,,,0.00,,
1958-05-26,,,,0.00,,
1958-05-27,,,,0.00,,
1958-05-28,,,,0.47,,
1958-05-29,,,,0.00,,
1958-05-30,,,,0.00,,
1958-05-31,,,,0.00,,
1958-06-01,,,,0.45,,
1958-06-02,,,,0.29,,
1958-06-03,,,,0.00,,
1958-06-04,,,,0.00,,
1958-06-05,,,,0.00,,
1958-06-06,,,,0.00,,
1958-06-07,,,,0.00,,
1958-06-08,,,,0.00,,
1958-06-09,,,,1.85,,
1958-06-10,,,,2.04,,
1958-06-11,,,,1.77,,
1958-06-12,,,,0.00,,
1958-06-13,,,,3.30,,
1958-06-14,,,,0.60,,
1958-06-15,,,,0.00,,
1958-06-16,,,,0.00,,
1958-06-17,,,,0.00,,
1958-06-18,,,,0.00,,
1958-06-19,,,,0.12,,
1958-06-20,,,,1.03,,
1958-06-21,,,,0.23,,
1958-06-22,,,,0.00,,
1958-06-23,,,,0.00,,
1958-06-24,,,,0.00,,
1958-06-25,,,,0.76,,
1958-06-26,,,,0.62,,
1958-06-27,,,,0.00,,
1958-06-28,,,,0.00,,
1958-06-29,,,,0.00,,
1958-06-30,,,,0.00,,
1958-07-01,,,,0.00,,
1958-07-02,,,,0.00,,
1958-07-03,,,,0.00,,
1958-07-04,,,,0.09,,
1958-07-05,,,,0.00,,
1958-07-06,,,,0.22,,
1958-07-07,,,,0.33,,
1958-07-08,,,,0.00,,
1958-07-09,,,,0.00,,
1958-07-10,,,,0.00,,
1958-07-11,,,,1.75,,
1958-07-12,,,,1.26,,
1958-07-13,,,,0.00,,
1958-07-14,,,,0.17,,
1958-07-15,,,,2.49,,
1958-07-16,,,,2.82,,
1958-07-17,,,,0.00,,
1958-07-18,,,,0.00,,
1958-07-19,,,,0.00,,
1958-07-20,,,,0.19,,
1958-07-21,,,,0.00,,
1958-07-22,,,,0.00,,
1958-07-23,,,,0.00,,
1958-07-24,,,,0.00,,
1958-07-25,,,,0.00,,
1958-07-26,,,,0.00,,
1958-07-27,,,,0.00,,
1958-07-28,,,,0.28,,
1958-07-29,,,,0.17,,
1958-07-30,,,,0.00,,
1958-07-31,,,,0.61,,
1958-08-01,,,,0.00,,
1958-08-02,,,,1.14,,
1958-08-03,,,,0.00,,
1958-08-04,,,,0.00,,
1958-08-05,,,,0.00,,
1958-08-06,,,,0.00,,
1958-08-07,,,,0.84,,
1958-08-08,,,,0.00,,
1958-08-09,,,,0.00,,
1958-08-10,,,,0.00,,
1958-08-11,,,,0.00,,
1958-08-12,,,,0.25,,
1958-08-13,,,,0.00,,
1958-08-14,,,,0.00,,
1958-08-15,,,,1.74,,
1958-08-16,,,,0.12,,
1958-08-17,,,,0.00,,
1958-08-18,,,,0.41,,
1958-08-19,,,,0.00,,
1958-08-20,,,,0.00,,
1958-08-21,,,,0.00,,
1958-08-22,,,,0.00,,
1958-08-23,,,,0.00,,
1958-08-24,,,,0.00,,
1958-08-25,,,,0.00,,
1958-08-26,,,,0.00,,
1958-08-27,,,,0.00,,
1958-08-28,,,,0.00,,
1958-08-29,,,,0.00,,
1958-08-30,,,,0.00,,
1958-08-31,,,,0.00,,
1958-09-01,,,,0.00,,
1958-09-02,,,,0.00,,
1958-09-03,,,,0.11,,
1958-09-04,,,,0.10,,
1958-09-05,,,,0.43,,
1958-09-06,,,,0.00,,
1958-09-07,,,,0.00,,
1958-09-08,,,,0.00,,
1958-09-09,,,,0.00,,
1958-09-10,,,,0.00,,
1958-09-11,,,,0.00,,
1958-09-12,,,,0.00,,
1958-09-13,,,,0.00,,
1958-09-14,,,,0.00,,
1958-09-15,,,,0.00,,
1958-09-16,,,,0.63,,
1958-09-17,,,,0.89,,
1958-09-18,,,,0.00,,
1958-09-19,,,,0.00,,
1958-09-20,,,,0.00,,
1958-09-21,,,,0.00,,
1958-09-22,,,,0.00,,
1958-09-23,,,,0.00,,
1958-09-24,,,,0.00,,
1958-09-25,,,,0.00,,
1958-09-26,,,,0.21,,
1958-09-27,,,,0.00,,
1958-09-28,,,,0.00,,
1958-09-29,,,,0.00,,
1958-09-30,,,,0.00,,
1958-10-01,,,,0.56,,
1958-10-02,,,,0.00,,
1958-10-03,,,,0.00,,
1958-10-04,,,,0.00,,
1958-10-05,,,,0.00,,
1958-10-06,,,,0.00,,
1958-10-07,,,,0.00,,
1958-10-08,,,,0.00,,
1958-10-09,,,,0.00,,
1958-10-10,,,,0.00,,
1958-10-11,,,,0.00,,
1958-10-12,,,,0.00,,
1958-10-13,,,,0.00,,
1958-10-14,,,,0.00,,
1958-10-15,,,,0.00,,
1958-10-16,,,,0.00,,
1958-10-17,,,,0.00,,
1958-10-18,,,,0.00,,
1958-10-19,,,,0.00,,
1958-10-20,,,,0.00,,
1958-10-21,,,,0.00,,
1958-10-22,,,,0.00,,
1958-10-23,,,,0.25,,
1958-10-24,,,,0.00,,
1958-10-25,,,,0.00,,
1958-10-26,,,,0.12,,
1958-10-27,,,,0.42,,
1958-10-28,,,,0.00,,
1958-10-29,,,,0.00,,
1958-10-30,,,,0.00,,
1958-10-31,,,,0.00,,
1958-11-01,,,,0.00,,
1958-11-02,,,,0.41,,
1958-11-03,,,,0.00,,
1958-11-04,,,,0.00,,
1958-11-05,,,,0.00,,
1958-11-06,,,,0.00,,
1958-11-07,,,,0.00,,
1958-11-08,,,,0.00,,
1958-11-09,,,,0.27,,
1958-11-10,,,,0.15,,
1958-11-11,,,,0.00,,
1958-11-12,,,,0.00,,
1958-11-13,,,,0.00,,
1958-11-14,,,,0.12,,
1958-11-15,,,,0.77,,
1958-11-16,,,,0.09,,
1958-11-17,,,,0.84,,
1958-11-18,,,,0.00,,
1958-11-19,,,,0.00,,
1958-11-20,,,,0.00,,
1958-11-21,,,,0.00,,
1958-11-22,,,,0.00,,
1958-11-23,,,,0.00,,
1958-11-24,,,,0.00,,
1958-11-25,,,,0.00,,
1958-11-26,,,,1.87,,
1958-11-27,,,,0.00,,
1958-11-28,,,,0.13,,2.0
1958-11-29,,,,0.00,,2.0
1958-11-30,,,,0.00,,2.0
1958-12-01,,,,0.00,,2.0
1958-12-02,,,,0.00,,2.0
1958-12-03,,,,0.00,,1.0
1958-12-04,,,,0.00,,1.0
1958-12-05,,,,0.00,,0.0
1958-12-06,,,,0.24,,3.0
1958-12-07,,,,0.00,,3.0
1958-12-08,,,,0.00,,3.0
1958-12-09,,,,0.00,,3.0
1958-12-10,,,,0.00,,3.0
1958-12-11,,,,0.00,,3.0
1958-12-12,,,,0.00,,3.0
1958-12-13,,,,0.00,,3.0
1958-12-14,,,,0.00,,3.0
1958-12-15,,,,0.00,,3.0
1958-12-16,,,,0.00,,2.0
1958-12-17,,,,0.00,,2.0
1958-12-18,,,,0.00,,2.0
1958-12-19,,,,0.00,,1.0
1958-12-20,,,,0.00,,1.0
1958-12-21,,,,0.00,,0.0
1958-12-22,,,,0.00,,0.0
1958-12-23,,,,0.00,,0.0
1958-12-24,,,,0.00,,0.0
1958-12-25,,,,0.00,,0.0
1958-12-26,,,,0.00,,0.0
1958-12-27,,,,0.00,,0.0
1958-12-28,,,,0.00,,0.0
1958-12-29,,,,0.00,,0.0
1958-12-30,,,,0.00,,0.0
1958-12-31,,,,0.00,,0.0
1959-01-01,,,,0.61,,0.0
1959-01-02,,,,0.00,,0.0
1959-01-03,,,,0.00,,0.0
1959-01-04,,,,0.33,,4.0
1959-01-05,,,,0.00,,4.0
1959-01-06,,,,0.00,,4.0
1959-01-07,,,,0.00,,4.0
1959-01-08,,,,0.00,,3.0
1959-01-09,,,,0.00,,2.0
1959-01-10,,,,0.00,,2.0
1959-01-11,,,,0.00,,2.0
1959-01-12,,,,0.00,,1.0
1959-01-13,,,,0.00,,1.0
1959-01-14,,,,0.00,,0.0
1959-01-15,,,,0.00,,0.0
1959-01-16,,,,0.00,,0.0
1959-01-17,,,,0.00,,0.0
1959-01-18,,,,0.00,,0.0
1959-01-19,,,,0.26,,2.0
1959-01-20,,,,0.00,,1.0
1959-01-21,,,,1.82,,2.0
1959-01-22,,,,0.27,,2.0
1959-01-23,,,,0.00,,2.0
1959-01-24,,,,0.00,,2.0
1959-01-25,,,,0.00,,1.0
1959-01-26,,,,0.00,,1.0
1959-01-27,,,,0.00,,1.0
1959-01-28,,,,0.00,,1.0
1959-01-29,,,,0.00,,1.0
1959-01-30,,,,0.39,,1.0
1959-01-31,,,,0.00,,0.0
1959-02-01,,,,0.00,,1.0
1959-02-02,,,,0.00,,0.0
1959-02-03,,,,0.00,,0.0
1959-02-04,,,,0.36,,1.0
1959-02-05,,,,0.00,,1.0
1959-02-06,,,,0.00,,1.0
1959-02-07,,,,0.00,,0.0
1959-02-08,,,,0.00,,0.0
1959-02-09,,,,0.11,,0.0
1959-02-10,,,,2.96,,0.0
1959-02-11,,,,0.00,,0.0
1959-02-12,,,,0.00,,0.0
1959-02-13,,,,0.00,,0.0
1959-02-14,,,,0.00,,0.0
1959-02-15,,,,0.11,,0.0
1959-02-16,,,,0.00,,0.0
1959-02-17,,,,0.00,,0.0
1959-02-18,,,,0.10,,1.0
1959-02-19,,,,0.00,,2.0
1959-02-20,,,,0.00,,1.0
1959-02-21,,,,0.00,,1.0
1959-02-22,,,,0.00,,0.0
1959-02-23,,,,0.16,,0.0
1959-02-24,,,,0.00,,0.0
1959-02-25,,,,0.00,,0.0
1959-02-26,,,,0.00,,0.0
1959-02-27,,,,0.00,,0.0
1959-02-28,,,,0.00,,0.0
1959-03-01,,,,0.00,,0.0
1959-03-02,,,,0.00,,0.0
1959-03-03,,,,0.00,,0.0
1959-03-04,,,,0.00,,0.0
1959-03-05,,,,0.00,,0.0
1959-03-06,,,,0.52,,0.0
1959-03-07,,,,0.09,,1.0
1959-03-08,,,,0.00,,0.0
1959-03-09,,,,0.43,,0.0
1959-03-10,,,,0.58,,5.0
1959-03-11,,,,0.00,,3.0
1959-03-12,,,,0.00,,3.0
1959-03-13,,,,0.00,,2.0
1959-03-14,,,,0.00,,0.0
1959-03-15,,,,0.20,,0.0
1959-03-16,,,,0.00,,0.0
1959-03-17,,,,0.12,,2.0
1959-03-18,,,,0.00,,1.0
1959-03-19,,,,0.00,,0.0
1959-03-20,,,,0.00,,0.0
1959-03-21,,,,0.00,,0.0
1959-03-22,,,,0.00,,0.0
1959-03-23,,,,0.00,,0.0
1959-03-24,,,,0.00,,0.0
1959-03-25,,,,0.00,,0.0
1959-03-26,,,,0.19,,0.0
1959-03-27,,,,0.77,,0.0
1959-03-28,,,,0.00,,0.0
1959-03-29,,,,0.00,,0.0
1959-03-30,,,,0.33,,0.0
1959-03-31,,,,0.00,,0.0
1959-04-01,,,,0.00,,
1959-04-02,,,,0.91,,
1959-04-03,,,,0.11,,
1959-04-04,,,,0.00,,
1959-04-05,,,,0.00,,
1959-04-06,,,,0.00,,
1959-04-07,,,,0.00,,
1959-04-08,,,,0.37,,
1959-04-09,,,,0.09,,
1959-04-10,,,,0.00,,
1959-04-11,,,,0.00,,
1959-04-12,,,,0.00,,
1959-04-13,,,,0.00,,
1959-04-14,,,,0.00,,
1959-04-15,,,,0.00,,
1959-04-16,,,,0.00,,
1959-04-17,,,,0.00,,
1959-04-18,,,,0.00,,
1959-04-19,,,,0.09,,
1959-04-20,,,,1.74,,
1959-04-21,,,,0.00,,
1959-04-22,,,,0.00,,
1959-04-23,,,,0.00,,
1959-04-24,,,,0.00,,
1959-04-25,,,,0.27,,
1959-04-26,,,,0.00,,
1959-04-27,,,,1.29,,
1959-04-28,,,,0.81,,
1959-04-29,,,,0.09,,
1959-04-30,,,,0.00,,
1959-05-01,,,,0.00,,
1959-05-02,,,,0.00,,
1959-05-03,,,,0.00,,
1959-05-04,,,,0.20,,
1959-05-05,,,,0.00,,
1959-05-06,,,,0.00,,
1959-05-07,,,,0.00,,
1959-05-08,,,,0.00,,
1959-05-09,,,,0.00,,
1959-05-10,,,,0.40,,
1959-05-11,,,,0.00,,
1959-05-12,,,,1.08,,
1959-05-13,,,,0.00,,
1959-05-14,,,,0.00,,
1959-05-15,,,,0.00,,
1959-05-16,,,,0.00,,
1959-05-17,,,,0.00,,
1959-05-18,,,,0.00,,
1959-05-19,,,,0.00,,
1959-05-20,,,,0.00,,
1959-05-21,,,,0.17,,
1959-05-22,,,,0.00,,
1959-05-23,,,,0.87,,
1959-05-24,,,,0.00,,
1959-05-25,,,,0.00,,
1959-05-26,,,,0.18,,
1959-05-27,,,,0.66,,
1959-05-28,,,,0.00,,
1959-05-29,,,,0.00,,
1959-05-30,,,,0.00,,
1959-05-31,,,,0.00,,
1959-06-01,,,,0.00,,
1959-06-02,,,,0.00,,
1959-06-03,,,,0.00,,
1959-06-04,,,,0.00,,
1959-06-05,,,,0.00,,
1959-06-06,,,,0.00,,
1959-06-07,,,,0.00,,
1959-06-08,,,,0.00,,
1959-06-09,,,,0.00,,
1959-06-10,,,,0.00,,
1959-06-11,,,,1.82,,
1959-06-12,,,,0.10,,
1959-06-13,,,,0.00,,
1959-06-14,,,,0.00,,
1959-06-15,,,,0.00,,
1959-06-16,,,,0.00,,
1959-06-17,,,,0.00,,
1959-06-18,,,,0.00,,
1959-06-19,,,,0.00,,
1959-06-20,,,,0.00,,
1959-06-21,,,,0.00,,
1959-06-22,,,,0.00,,
1959-06-23,,,,0.00,,
1959-06-24,,,,0.00,,
1959-06-25,,,,0.00,,
1959-06-26,,,,0.00,,
1959-06-27,,,,0.00,,
1959-06-28,,,,0.00,,
1959-06-29,,,,0.00,,
1959-06-30,,,,0.00,,
1959-07-01,,,,0.00,,
1959-07-02,,,,0.00,,
1959-07-03,,,,0.00,,
1959-07-04,,,,0.00,,
1959-07-05,,,,0.00,,
1959-07-06,,,,0.00,,
1959-07-07,,,,0.00,,
1959-07-08,,,,0.00,,
1959-07-09,,,,0.00,,
1959-07-10,,,,0.00,,
1959-07-11,,,,0.00,,
1959-07-12,,,,0.00,,
1959-07-13,,,,0.00,,
1959-07-14,,,,0.00,,
1959-07-15,,,,0.00,,
1959-07-16,,,,0.00,,
1959-07-17,,,,0.00,,
1959-07-18,,,,2.03,,
1959-07-19,,,,0.00,,
1959-07-20,,,,0.00,,
1959-07-21,,,,0.00,,
1959-07-22,,,,0.00,,
1959-07-23,,,,0.10,,
1959-07-24,,,,0.44,,
1959-07-25,,,,0.00,,
1959-07-26,,,,0.00,,
1959-07-27,,,,0.00,,
1959-07-28,,,,0.78,,
1959-07-29,,,,0.00,,
1959-07-30,,,,0.00,,
1959-07-31,,,,0.00,,
1959-08-01,,,,0.00,,
1959-08-02,,,,0.00,,
1959-08-03,,,,0.00,,
1959-08-04,,,,0.15,,
1959-08-05,,,,0.00,,
1959-08-06,,,,0.00,,
1959-08-07,,,,0.00,,
1959-08-08,,,,0.00,,
1959-08-09,,,,0.00,,
1959-08-10,,,,0.00,,
1959-08-11,,,,0.00,,
1959-08-12,,,,0.00,,
1959-08-13,,,,0.00,,
1959-08-14,,,,0.00,,
1959-08-15,,,,0.00,,
1959-08-16,,,,0.83,,
1959-08-17,,,,0.42,,
1959-08-18,,,,0.12,,
1959-08-19,,,,0.00,,
1959-08-20,,,,0.00,,
1959-08-21,,,,0.00,,
1959-08-22,,,,0.00,,
1959-08-23,,,,0.00,,
1959-08-24,,,,0.00,,
1959-08-25,,,,0.23,,
1959-08-26,,,,0.00,,
1959-08-27,,,,0.00,,
1959-08-28,,,,0.10,,
1959-08-29,,,,0.00,,
1959-08-30,,,,0.15,,
1959-08-31,,,,0.00,,
1959-09-01,,,,0.00,,
1959-09-02,,,,0.71,,
1959-09-03,,,,0.00,,
1959-09-04,,,,0.00,,
1959-09-05,,,,0.00,,
1959-09-06,,,,0.00,,
1959-09-07,,,,0.00,,
1959-09-08,,,,0.00,,
1959-09-09,,,,0.00,,
1959-09-10,,,,0.92,,
1959-09-11,,,,0.00,,
1959-09-12,,,,0.00,,
1959-09-13,,,,0.00,,
1959-09-14,,,,0.00,,
1959-09-15,,,,0.00,,
1959-09-16,,,,0.00,,
1959-09-17,,,,0.00,,
1959-09-18,,,,0.00,,
1959-09-19,,,,0.00,,
1959-09-20,,,,0.00,,
1959-09-21,,,,0.00,,
1959-09-22,,,,1.18,,
1959-09-23,,,,0.00,,
1959-09-24,,,,0.00,,
1959-09-25,,,,0.16,,
1959-09-26,,,,0.15,,
1959-09-27,,,,2.27,,
1959-09-28,,,,0.00,,
1959-09-29,,,,0.18,,
1959-09-30,,,,0.00,,
1959-10-01,,,,0.00,,
1959-10-02,,,,0.00,,
1959-10-03,,,,0.00,,
1959-10-04,,,,0.00,,
1959-10-05,,,,0.34,,
1959-10-06,,,,0.17,,
1959-10-07,,,,0.00,,
1959-10-08,,,,0.00,,
1959-10-09,,,,0.10,,
1959-10-10,,,,0.00,,
1959-10-11,,,,1.57,,
1959-10-12,,,,0.00,,
1959-10-13,,,,0.00,,
1959-10-14,,,,0.00,,
1959-10-15,,,,0.00,,
1959-10-16,,,,0.00,,
1959-10-17,,,,0.00,,
1959-10-18,,,,0.00,,
1959-10-19,,,,0.00,,
1959-10-20,,,,0.00,,
1959-10-21,,,,0.00,,
1959-10-22,,,,0.00,,
1959-10-23,,,,0.00,,
1959-10-24,,,,0.82,,
1959-10-25,,,,1.15,,
1959-10-26,,,,0.00,,
1959-10-27,,,,0.00,,
1959-10-28,,,,0.00,,
1959-10-29,,,,0.00,,
1959-10-30,,,,0.00,,
1959-10-31,,,,0.09,,
1959-11-01,,,,0.00,,0.0
1959-11-02,,,,0.00,,0.0
1959-11-03,,,,0.00,,0.0
1959-11-04,,,,0.46,,0.0
1959-11-05,,,,0.09,,0.0
1959-11-06,,,,0.00,,0.0
1959-11-07,,,,0.00,,0.0
1959-11-08,,,,0.00,,0.0
1959-11-09,,,,0.00,,0.0
1959-11-10,,,,0.00,,0.0
1959-11-11,,,,0.00,,0.0
1959-11-12,,,,0.00,,0.0
1959-11-13,,,,0.36,,1.0
1959-11-14,,,,1.97,,1.0
1959-11-15,,,,0.00,,0.0
1959-11-16,,,,0.00,,0.0
1959-11-17,,,,0.00,,0.0
1959-11-18,,,,0.00,,0.0
1959-11-19,,,,0.00,,0.0
1959-11-20,,,,0.00,,0.0
1959-11-21,,,,0.00,,0.0
1959-11-22,,,,0.00,,0.0
1959-11-23,,,,0.00,,0.0
1959-11-24,,,,0.00,,0.0
1959-11-25,,,,0.00,,0.0
1959-11-26,,,,0.10,,1.0
1959-11-27,,,,0.00,,0.0
1959-11-28,,,,0.00,,0.0
1959-11-29,,,,0.00,,1.0
1959-11-30,,,,0.00,,0.0
1959-12-01,,,,0.00,,0.0
1959-12-02,,,,0.00,,0.0
1959-12-03,,,,0.00,,0.0
1959-12-04,,,,0.00,,0.0
1959-12-05,,,,0.10,,0.0
1959-12-06,,,,0.00,,0.0
1959-12-07,,,,0.00,,0.0
1959-12-08,,,,0.00,,0.0
1959-12-09,,,,0.00,,0.0
1959-12-10,,,,0.00,,0.0
1959-12-11,,,,0.42,,0.0
1959-12-12,,,,0.63,,0.0
1959-12-13,,,,0.21,,0.0
1959-12-14,,,,0.00,,0.0
1959-12-15,,,,0.00,,0.0
1959-12-16,,,,0.00,,0.0
1959-12-17,,,,0.00,,0.0
1959-12-18,,,,0.00,,0.0
1959-12-19,,,,0.00,,0.0
1959-12-20,,,,0.00,,0.0
1959-12-21,,,,0.16,,2.0
1959-12-22,,,,0.00,,2.0
1959-12-23,,,,0.00,,1.0
1959-12-24,,,,0.00,,0.0
1959-12-25,,,,0.00,,0.0
1959-12-26,,,,0.00,,0.0
1959-12-27,,,,0.61,,0.0
1959-12-28,,,,0.29,,0.0
1959-12-29,,,,0.21,,0.0
1959-12-30,,,,0.00,,0.0
1959-12-31,,,,0.12,,0.0
1960-01-01,,,,0.00,,0.0
1960-01-02,,,,0.00,,0.0
1960-01-03,,,,0.00,,0.0
1960-01-04,,,,0.00,,0.0
1960-01-05,,,,0.00,,0.0
1960-01-06,,,,0.00,,0.0
1960-01-07,,,,0.00,,0.0
1960-01-08,,,,0.00,,0.0
1960-01-09,,,,0.00,,0.0
1960-01-10,,,,0.00,,0.0
1960-01-11,,,,0.00,,0.0
1960-01-12,,,,0.15,,0.0
1960-01-13,,,,0.23,,0.0
1960-01-14,,,,0.00,,0.0
1960-01-15,,,,0.34,,0.0
1960-01-16,,,,0.09,,0.0
1960-01-17,,,,0.00,,0.0
1960-01-18,,,,0.29,,2.0
1960-01-19,,,,0.00,,2.0
1960-01-20,,,,0.00,,2.0
1960-01-21,,,,0.00,,2.0
1960-01-22,,,,0.00,,2.0
1960-01-23,,,,0.00,,2.0
1960-01-24,,,,0.00,,1.0
1960-01-25,,,,0.00,,1.0
1960-01-26,,,,0.00,,0.0
1960-01-27,,,,0.12,,0.0
1960-01-28,,,,0.00,,0.0
1960-01-29,,,,0.00,,0.0
1960-01-30,,,,0.00,,0.0
1960-01-31,,,,0.00,,0.0
1960-02-01,,,,0.00,,0.0
1960-02-02,,,,0.00,,0.0
1960-02-03,,,,0.00,,0.0
1960-02-04,,,,0.00,,0.0
1960-02-05,,,,0.24,,0.0
1960-02-06,,,,0.97,,0.0
1960-02-07,,,,0.00,,0.0
1960-02-08,,,,0.00,,0.0
1960-02-09,,,,0.09,,0.0
1960-02-10,,,,0.78,,0.0
1960-02-11,,,,0.17,,0.0
1960-02-12,,,,0.00,,0.0
1960-02-13,,,,0.00,,0.0
1960-02-14,,,,0.00,,0.0
1960-02-15,,,,0.00,,0.0
1960-02-16,,,,0.00,,0.0
1960-02-17,,,,0.00,,0.0
1960-02-18,,,,0.00,,0.0
1960-02-19,,,,0.00,,0.0
1960-02-20,,,,0.00,,0.0
1960-02-21,,,,0.09,,1.0
1960-02-22,,,,0.00,,2.0
1960-02-23,,,,0.00,,1.0
1960-02-24,,,,0.00,,1.0
1960-02-25,,,,0.14,,3.0
1960-02-26,,,,0.67,,9.0
1960-02-27,,,,0.00,,9.0
1960-02-28,,,,0.00,,9.0
1960-02-29,,,,0.00,,8.0
1960-03-01,,,,0.00,,7.0
1960-03-02,,,,0.00,,8.0
1960-03-03,,,,0.33,,11.0
1960-03-04,,,,0.00,,11.0
1960-03-05,,,,0.00,,10.0
1960-03-06,,,,0.00,,9.0
1960-03-07,,,,0.08,,8.0
1960-03-08,,,,0.00,,7.0
1960-03-09,,,,0.00,,7.0
1960-03-10,,,,0.21,,9.0
1960-03-11,,,,0.00,,9.0
1960-03-12,,,,0.00,,8.0
1960-03-13,,,,0.00,,8.0
1960-03-14,,,,0.00,,8.0
1960-03-15,,,,0.00,,6.0
1960-03-16,,,,0.22,,8.0
1960-03-17,,,,0.10,,6.0
1960-03-18,,,,0.00,,5.0
1960-03-19,,,,0.00,,5.0
1960-03-20,,,,0.00,,4.0
1960-03-21,,,,0.00,,4.0
1960-03-22,,,,0.00,,3.0
1960-03-23,,,,0.00,,3.0
1960-03-24,,,,0.00,,2.0
1960-03-25,,,,0.00,,2.0
1960-03-26,,,,0.14,,3.0
1960-03-27,,,,0.00,,1.0
1960-03-28,,,,0.00,,0.0
1960-03-29,,,,0.00,,0.0
1960-03-30,,,,0.10,,0.0
1960-03-31,,,,0.12,,0.0
1960-04-01,,,,0.00,,
1960-04-02,,,,0.00,,
1960-04-03,,,,0.00,,
1960-04-04,,,,0.00,,
1960-04-05,,,,0.00,,
1960-04-06,,,,0.00,,
1960-04-07,,,,0.00,,
1960-04-08,,,,0.00,,
1960-04-09,,,,0.00,,
1960-04-10,,,,0.00,,
1960-04-11,,,,0.00,,
1960-04-12,,,,0.13,,
1960-04-13,,,,0.00,,
1960-04-14,,,,0.00,,
1960-04-15,,,,0.10,,
1960-04-16,,,,0.42,,
1960-04-17,,,,0.39,,
1960-04-18,,,,0.10,,
1960-04-19,,,,0.00,,
1960-04-20,,,,0.00,,
1960-04-21,,,,0.00,,
1960-04-22,,,,0.00,,
1960-04-23,,,,0.00,,
1960-04-24,,,,0.00,,
1960-04-25,,,,0.00,,
1960-04-26,,,,0.00,,
1960-04-27,,,,0.00,,
1960-04-28,,,,0.00,,
1960-04-29,,,,0.00,,
1960-04-30,,,,0.69,,
1960-05-01,,,,0.26,,
1960-05-02,,,,0.00,,
1960-05-03,,,,0.00,,
1960-05-04,,,,0.00,,
1960-05-05,,,,0.00,,
1960-05-06,,,,0.00,,
1960-05-07,,,,2.58,,
1960-05-08,,,,0.00,,
1960-05-09,,,,0.10,,
1960-05-10,,,,0.16,,
1960-05-11,,,,0.00,,
1960-05-12,,,,0.00,,
1960-05-13,,,,0.00,,
1960-05-14,,,,0.00,,
1960-05-15,,,,0.00,,
1960-05-16,,,,0.00,,
1960-05-17,,,,0.77,,
1960-05-18,,,,0.00,,
1960-05-19,,,,0.00,,
1960-05-20,,,,0.62,,
1960-05-21,,,,0.00,,
1960-05-22,,,,0.00,,
1960-05-23,,,,0.00,,
1960-05-24,,,,0.00,,
1960-05-25,,,,0.00,,
1960-05-26,,,,0.00,,
1960-05-27,,,,0.08,,
1960-05-28,,,,0.00,,
1960-05-29,,,,0.00,,
1960-05-30,,,,1.37,,
1960-05-31,,,,0.00,,
1960-06-01,,,,0.00,,
1960-06-02,,,,0.00,,
1960-06-03,,,,0.00,,
1960-06-04,,,,0.00,,
1960-06-05,,,,0.74,,
1960-06-06,,,,0.00,,
1960-06-07,,,,0.00,,
1960-06-08,,,,0.00,,
1960-06-09,,,,0.00,,
1960-06-10,,,,0.00,,
1960-06-11,,,,0.00,,
1960-06-12,,,,0.69,,
1960-06-13,,,,0.00,,
1960-06-14,,,,0.00,,
1960-06-15,,,,0.00,,
1960-06-16,,,,0.00,,
1960-06-17,,,,0.73,,
1960-06-18,,,,0.00,,
1960-06-19,,,,0.00,,
1960-06-20,,,,0.00,,
1960-06-21,,,,1.02,,
1960-06-22,,,,0.00,,
1960-06-23,,,,2.21,,
1960-06-24,,,,0.10,,
1960-06-25,,,,0.00,,
1960-06-26,,,,0.00,,
1960-06-27,,,,0.00,,
1960-06-28,,,,0.10,,
1960-06-29,,,,0.00,,
1960-06-30,,,,0.00,,
1960-07-01,,,,0.00,,
1960-07-02,,,,0.00,,
1960-07-03,,,,0.30,,
1960-07-04,,,,0.00,,
1960-07-05,,,,0.00,,
1960-07-06,,,,0.00,,
1960-07-07,,,,0.00,,
1960-07-08,,,,0.00,,
1960-07-09,,,,0.00,,
1960-07-10,,,,0.18,,
1960-07-11,,,,0.00,,
1960-07-12,,,,0.00,,
1960-07-13,,,,1.62,,
1960-07-14,,,,0.23,,
1960-07-15,,,,0.00,,
1960-07-16,,,,0.00,,
1960-07-17,,,,0.00,,
1960-07-18,,,,0.00,,
1960-07-19,,,,0.00,,
1960-07-20,,,,0.14,,
1960-07-21,,,,0.00,,
1960-07-22,,,,0.00,,
1960-07-23,,,,0.00,,
1960-07-24,,,,0.00,,
1960-07-25,,,,0.00,,
1960-07-26,,,,0.11,,
1960-07-27,,,,0.41,,
1960-07-28,,,,0.00,,
1960-07-29,,,,0.00,,
1960-07-30,,,,0.00,,
1960-07-31,,,,0.00,,
1960-08-01,,,,0.00,,
1960-08-02,,,,0.00,,
1960-08-03,,,,0.42,,
1960-08-04,,,,3.41,,
1960-08-05,,,,0.00,,
1960-08-06,,,,0.00,,
1960-08-07,,,,0.00,,
1960-08-08,,,,0.00,,
1960-08-09,,,,0.00,,
1960-08-10,,,,1.06,,
1960-08-11,,,,0.00,,
1960-08-12,,,,0.00,,
1960-08-13,,,,0.00,,
1960-08-14,,,,0.00,,
1960-08-15,,,,0.76,,
1960-08-16,,,,0.00,,
1960-08-17,,,,0.00,,
1960-08-18,,,,0.00,,
1960-08-19,,,,0.00,,
1960-08-20,,,,0.00,,
1960-08-21,,,,1.51,,
1960-08-22,,,,0.00,,
1960-08-23,,,,0.00,,
1960-08-24,,,,0.00,,
1960-08-25,,,,0.00,,
1960-08-26,,,,0.00,,
1960-08-27,,,,0.00,,
1960-08-28,,,,0.00,,
1960-08-29,,,,0.00,,
1960-08-30,,,,0.00,,
1960-08-31,,,,0.00,,
1960-09-01,,,,0.00,,
1960-09-02,,,,0.00,,
1960-09-03,,,,0.00,,
1960-09-04,,,,0.00,,
1960-09-05,,,,0.00,,
1960-09-06,,,,0.00,,
1960-09-07,,,,0.00,,
1960-09-08,,,,0.00,,
1960-09-09,,,,0.21,,
1960-09-10,,,,0.00,,
1960-09-11,,,,0.00,,
1960-09-12,,,,0.00,,
1960-09-13,,,,0.00,,
1960-09-14,,,,0.00,,
1960-09-15,,,,0.00,,
1960-09-16,,,,0.00,,
1960-09-17,,,,0.31,,
1960-09-18,,,,0.52,,
1960-09-19,,,,0.76,,
1960-09-20,,,,0.00,,
1960-09-21,,,,0.00,,
1960-09-22,,,,0.00,,
1960-09-23,,,,0.00,,
1960-09-24,,,,0.24,,
1960-09-25,,,,0.00,,
1960-09-26,,,,0.00,,
1960-09-27,,,,0.00,,
1960-09-28,,,,0.00,,
1960-09-29,,,,0.00,,
1960-09-30,,,,0.00,,
1960-10-01,,,,0.00,,
1960-10-02,,,,0.00,,
1960-10-03,,,,0.00,,
1960-10-04,,,,0.00,,
1960-10-05,,,,0.00,,
1960-10-06,,,,0.00,,
1960-10-07,,,,0.00,,
1960-10-08,,,,0.00,,
1960-10-09,,,,0.00,,
1960-10-10,,,,0.00,,
1960-10-11,,,,0.00,,
1960-10-12,,,,0.00,,
1960-10-13,,,,0.00,,
1960-10-14,,,,0.00,,
1960-10-15,,,,0.26,,
1960-10-16,,,,0.00,,
1960-10-17,,,,0.00,,
1960-10-18,,,,0.00,,
1960-10-19,,,,0.19,,
1960-10-20,,,,0.17,,
1960-10-21,,,,0.00,,
1960-10-22,,,,0.00,,
1960-10-23,,,,0.00,,
1960-10-24,,,,0.00,,
1960-10-25,,,,0.00,,
1960-10-26,,,,1.02,,
1960-10-27,,,,0.09,,
1960-10-28,,,,0.00,,
1960-10-29,,,,0.00,,
1960-10-30,,,,0.00,,
1960-10-31,,,,0.11,,
1960-11-01,,,,0.16,,0.0
1960-11-02,,,,0.00,,0.0
1960-11-03,,,,0.00,,0.0
1960-11-04,,,,0.00,,0.0
1960-11-05,,,,0.12,,0.0
1960-11-06,,,,0.00,,0.0
1960-11-07,,,,0.00,,0.0
1960-11-08,,,,0.09,,0.0
1960-11-09,,,,0.29,,0.0
1960-11-10,,,,0.23,,1.0
1960-11-11,,,,0.00,,0.0
1960-11-12,,,,0.00,,0.0
1960-11-13,,,,0.00,,0.0
1960-11-14,,,,0.00,,0.0
1960-11-15,,,,0.00,,0.0
1960-11-16,,,,0.66,,0.0
1960-11-17,,,,0.00,,0.0
1960-11-18,,,,0.00,,0.0
1960-11-19,,,,0.00,,0.0
1960-11-20,,,,0.00,,0.0
1960-11-21,,,,0.00,,0.0
1960-11-22,,,,0.00,,0.0
1960-11-23,,,,0.13,,0.0
1960-11-24,,,,0.00,,0.0
1960-11-25,,,,0.00,,0.0
1960-11-26,,,,0.00,,0.0
1960-11-27,,,,0.00,,0.0
1960-11-28,,,,0.00,,0.0
1960-11-29,,,,0.41,,0.0
1960-11-30,,,,0.00,,0.0
1960-12-01,,,,0.00,,0.0
1960-12-02,,,,0.00,,0.0
1960-12-03,,,,0.00,,0.0
1960-12-04,,,,0.00,,0.0
1960-12-05,,,,0.00,,0.0
1960-12-06,,,,0.24,,0.0
1960-12-07,,,,0.00,,0.0
1960-12-08,,,,0.00,,0.0
1960-12-09,,,,0.00,,0.0
1960-12-10,,,,0.00,,0.0
1960-12-11,,,,0.00,,0.0
1960-12-12,,,,0.25,,4.0
1960-12-13,,,,0.00,,3.0
1960-12-14,,,,0.00,,3.0
1960-12-15,,,,0.00,,3.0
1960-12-16,,,,0.00,,2.0
1960-12-17,,,,0.00,,2.0
1960-12-18,,,,0.00,,2.0
1960-12-19,,,,0.00,,1.0
1960-12-20,,,,0.00,,2.0
1960-12-21,,,,0.44,,8.0
1960-12-22,,,,0.00,,8.0
1960-12-23,,,,0.00,,8.0
1960-12-24,,,,0.00,,8.0
1960-12-25,,,,0.00,,7.0
1960-12-26,,,,0.00,,4.0
1960-12-27,,,,0.00,,4.0
1960-12-28,,,,0.00,,4.0
1960-12-29,,,,0.00,,3.0
1960-12-30,,,,0.00,,3.0
1960-12-31,,,,0.00,,2.0
1961-01-01,,,,0.00,,2.0
1961-01-02,,,,0.00,,2.0
1961-01-03,,,,0.00,,3.0
1961-01-04,,,,0.00,,2.0
1961-01-05,,,,0.00,,2.0
1961-01-06,,,,0.00,,2.0
1961-01-07,,,,0.00,,1.0
1961-01-08,,,,0.00,,1.0
1961-01-09,,,,0.00,,1.0
1961-01-10,,,,0.00,,0.0
1961-01-11,,,,0.00,,0.0
1961-01-12,,,,0.00,,0.0
1961-01-13,,,,0.00,,0.0
1961-01-14,,,,0.00,,0.0
1961-01-15,,,,0.10,,0.0
1961-01-16,,,,0.32,,0.0
1961-01-17,,,,0.00,,0.0
1961-01-18,,,,0.00,,0.0
1961-01-19,,,,0.10,,1.0
1961-01-20,,,,0.14,,2.0
1961-01-21,,,,0.00,,2.0
1961-01-22,,,,0.00,,2.0
1961-01-23,,,,0.00,,2.0
1961-01-24,,,,0.00,,2.0
1961-01-25,,,,0.00,,1.0
1961-01-26,,,,0.00,,1.0
1961-01-27,,,,0.00,,2.0
1961-01-28,,,,0.00,,2.0
1961-01-29,,,,0.00,,2.0
1961-01-30,,,,0.00,,2.0
1961-01-31,,,,0.00,,1.0
1961-02-01,,,,0.00,,1.0
1961-02-02,,,,0.00,,1.0
1961-02-03,,,,0.27,,5.0
1961-02-04,,,,0.00,,5.0
1961-02-05,,,,0.00,,5.0
1961-02-06,,,,0.00,,5.0
1961-02-07,,,,0.00,,4.0
1961-02-08,,,,0.00,,4.0
1961-02-09,,,,0.00,,2.0
1961-02-10,,,,0.00,,2.0
1961-02-11,,,,0.00,,1.0
1961-02-12,,,,0.00,,0.0
1961-02-13,,,,0.00,,0.0
1961-02-14,,,,0.00,,0.0
1961-02-15,,,,0.00,,0.0
1961-02-16,,,,0.00,,0.0
1961-02-17,,,,0.11,,0.0
1961-02-18,,,,0.42,,0.0
1961-02-19,,,,0.18,,0.0
1961-02-20,,,,0.00,,0.0
1961-02-21,,,,0.00,,0.0
1961-02-22,,,,0.00,,0.0
1961-02-23,,,,0.00,,0.0
1961-02-24,,,,0.00,,0.0
1961-02-25,,,,0.48,,4.0
1961-02-26,,,,0.32,,7.0
1961-02-27,,,,0.00,,3.0
1961-02-28,,,,0.00,,0.0
1961-03-01,,,,0.00,,
1961-03-02,,,,0.00,,
1961-03-03,,,,0.00,,
1961-03-04,,,,0.00,,
1961-03-05,,,,0.36,,
1961-03-06,,,,0.41,,
1961-03-07,,,,0.00,,
1961-03-08,,,,0.61,,
1961-03-09,,,,0.17,,
1961-03-10,,,,0.00,,
1961-03-11,,,,0.00,,
1961-03-12,,,,0.00,,
1961-03-13,,,,1.95,,
1961-03-14,,,,0.25,,
1961-03-15,,,,0.00,,
1961-03-16,,,,0.00,,
1961-03-17,,,,0.00,,
1961-03-18,,,,0.00,,
1961-03-19,,,,0.99,,
1961-03-20,,,,0.00,,
1961-03-21,,,,0.51,,
1961-03-22,,,,0.00,,
1961-03-23,,,,0.00,,
1961-03-24,,,,0.00,,
1961-03-25,,,,0.00,,
1961-03-26,,,,0.00,,
1961-03-27,,,,0.00,,
1961-03-28,,,,0.00,,
1961-03-29,,,,0.00,,
1961-03-30,,,,0.00,,
1961-03-31,,,,0.00,,
1961-04-01,,,,0.00,,
1961-04-02,,,,0.00,,
1961-04-03,,,,0.00,,
1961-04-04,,,,0.00,,
1961-04-05,,,,0.00,,
1961-04-06,,,,0.00,,
1961-04-07,,,,0.00,,
1961-04-08,,,,0.00,,
1961-04-09,,,,0.00,,
1961-04-10,,,,0.43,,
1961-04-11,,,,0.00,,
1961-04-12,,,,0.00,,
1961-04-13,,,,0.41,,
1961-04-14,,,,0.00,,
1961-04-15,,,,0.00,,
1961-04-16,,,,0.75,,
1961-04-17,,,,0.54,,
1961-04-18,,,,0.00,,
1961-04-19,,,,0.00,,
1961-05-01,,,,0.00,,
1961-05-02,,,,0.00,,
1961-05-03,,,,0.00,,
1961-05-04,,,,0.00,,
1961-05-05,,,,0.00,,
1961-05-06,,,,0.40,,
1961-05-07,,,,0.00,,
1961-05-08,,,,0.85,,
1961-05-09,,,,1.20,,
1961-05-10,,,,0.07,,
1961-05-11,,,,0.00,,
1961-05-12,,,,0.00,,
1961-05-13,,,,0.00,,
1961-05-14,,,,0.00,,
1961-05-15,,,,0.04,,
1961-05-16,,,,0.01,,
1961-05-17,,,,0.00,,
1961-05-18,,,,0.00,,
1961-05-19,,,,0.00,,
1961-05-20,,,,0.00,,
1961-05-21,,,,0.00,,
1961-05-22,,,,0.00,,
1961-05-23,,,,0.00,,
1961-05-24,,,,0.00,,
1961-05-25,,,,0.00,,
1961-05-26,,,,0.24,,
1961-05-27,,,,0.00,,
1961-05-28,,,,0.00,,
1961-05-29,,,,0.00,,
1961-05-30,,,,0.00,,
1961-05-31,,,,0.00,,
1961-06-01,,,,0.12,,
1961-06-02,,,,0.00,,
1961-06-03,,,,0.16,,
1961-06-04,,,,0.00,,
1961-06-05,,,,0.00,,
1961-06-06,,,,0.00,,
1961-06-07,,,,0.17,,
1961-06-08,,,,0.93,,
1961-06-09,,,,0.11,,
1961-06-10,,,,0.00,,
1961-06-11,,,,0.00,,
1961-06-12,,,,0.00,,
1961-06-13,,,,0.00,,
1961-06-14,,,,0.25,,
1961-06-15,,,,0.00,,
1961-06-16,,,,0.00,,
1961-06-17,,,,0.00,,
1961-06-18,,,,0.00,,
1961-06-19,,,,0.00,,
1961-06-20,,,,0.45,,
1961-06-21,,,,0.21,,
1961-06-22,,,,0.00,,
1961-06-23,,,,0.28,,
1961-06-24,,,,0.00,,
1961-06-25,,,,0.03,,
1961-06-26,,,,0.00,,
1961-06-27,,,,0.00,,
1961-06-28,,,,0.00,,
1961-06-29,,,,0.00,,
1961-06-30,,,,0.00,,
1961-07-01,,,,0.00,,
1961-07-02,,,,0.00,,
1961-07-03,,,,0.05,,
1961-07-04,,,,0.29,,
1961-07-05,,,,0.07,,
1961-07-06,,,,0.60,,
1961-07-07,,,,0.00,,
1961-07-08,,,,0.00,,
1961-07-09,,,,0.00,,
1961-07-10,,,,0.00,,
1961-07-11,,,,0.00,,
1961-07-12,,,,0.00,,
1961-07-13,,,,0.00,,
1961-07-14,,,,0.12,,
1961-07-15,,,,0.10,,
1961-07-16,,,,0.00,,
1961-07-17,,,,0.00,,
1961-07-18,,,,0.00,,
1961-07-19,,,,0.03,,
1961-07-20,,,,0.20,,
1961-07-21,,,,0.00,,
1961-07-22,,,,1.70,,
1961-07-23,,,,0.10,,
1961-07-24,,,,0.60,,
1961-07-25,,,,0.00,,
1961-07-26,,,,0.00,,
1961-07-27,,,,0.00,,
1961-07-28,,,,0.00,,
1961-07-29,,,,0.90,,
1961-07-30,,,,0.00,,
1961-07-31,,,,0.00,,
1961-08-01,,,,0.07,,
1961-08-02,,,,0.27,,
1961-08-03,,,,0.03,,
1961-08-04,,,,0.01,,
1961-08-05,,,,0.00,,
1961-08-06,,,,0.01,,
1961-08-07,,,,0.00,,
1961-08-08,,,,0.00,,
1961-08-09,,,,0.00,,
1961-08-10,,,,0.00,,
1961-08-11,,,,0.41,,
1961-08-12,,,,0.00,,
1961-08-13,,,,0.00,,
1961-08-14,,,,0.00,,
1961-08-15,,,,0.00,,
1961-08-16,,,,0.00,,
1961-08-17,,,,0.00,,
1961-08-18,,,,0.00,,
1961-08-19,,,,0.00,,
1961-08-20,,,,0.00,,
1961-08-21,,,,0.00,,
1961-08-22,,,,0.00,,
1961-08-23,,,,0.28,,
1961-08-24,,,,0.70,,
1961-08-25,,,,0.10,,
1961-08-26,,,,0.00,,
1961-08-27,,,,0.00,,
1961-08-28,,,,0.00,,
1961-08-29,,,,0.00,,
1961-08-30,,,,0.00,,
1961-08-31,,,,0.00,,
1961-09-01,,,,0.00,,
1961-09-02,,,,0.00,,
1961-09-03,,,,0.00,,
1961-09-04,,,,0.17,,
1961-09-05,,,,0.00,,
1961-09-06,,,,0.00,,
1961-09-07,,,,0.00,,
1961-09-08,,,,0.00,,
1961-09-09,,,,0.00,,
1961-09-10,,,,0.00,,
1961-09-11,,,,0.00,,
1961-09-12,,,,1.15,,
1961-09-13,,,,0.02,,
1961-09-14,,,,0.78,,
1961-09-15,,,,0.00,,
1961-09-16,,,,0.00,,
1961-09-17,,,,0.00,,
1961-09-18,,,,0.00,,
1961-09-19,,,,0.00,,
1961-09-20,,,,0.00,,
1961-09-21,,,,0.00,,
1961-09-22,,,,0.01,,
1961-09-23,,,,0.00,,
1961-09-24,,,,0.37,,
1961-09-25,,,,1.22,,
1961-09-26,,,,0.37,,
1961-09-27,,,,0.00,,
1961-09-28,,,,0.02,,
1961-09-29,,,,0.00,,
1961-09-30,,,,0.00,,
1961-10-01,,,,0.55,,
1961-10-02,,,,0.00,,
1961-10-03,,,,0.00,,
1961-10-04,,,,0.03,,
1961-10-05,,,,0.00,,
1961-10-06,,,,0.00,,
1961-10-07,,,,0.00,,
1961-10-08,,,,0.00,,
1961-10-09,,,,0.00,,
1961-10-10,,,,0.00,,
1961-10-11,,,,0.00,,
1961-10-12,,,,0.07,,
1961-10-13,,,,0.35,,
1961-10-14,,,,0.64,,
1961-10-15,,,,0.02,,
1961-10-16,,,,0.00,,
1961-10-17,,,,0.00,,
1961-10-18,,,,0.00,,
1961-10-19,,,,0.11,,
1961-10-20,,,,0.30,,
1961-10-21,,,,0.00,,
1961-10-22,,,,0.00,,
1961-10-23,,,,0.00,,
1961-10-24,,,,0.13,,
1961-10-25,,,,0.74,,
1961-10-26,,,,0.00,,
1961-10-27,,,,0.00,,
1961-10-28,,,,0.00,,
1961-10-29,,,,1.50,,
1961-10-30,,,,0.11,,
1961-10-31,,,,0.00,,
1961-11-01,,,,0.00,,
1961-11-02,,,,0.02,,
1961-11-03,,,,0.36,,
1961-11-04,,,,0.37,,
1961-11-05,,,,0.00,,
1961-11-06,,,,0.00,,
1961-11-07,,,,0.00,,
1961-11-08,,,,0.00,,
1961-11-09,,,,0.00,,
1961-11-10,,,,0.00,,
1961-11-11,,,,0.00,,
1961-11-12,,,,0.10,,
1961-11-13,,,,0.03,,
1961-11-14,,,,0.15,,
1961-11-15,,,,0.00,,
1961-11-16,,,,0.75,,
1961-11-17,,,,0.02,,
1961-11-18,,,,0.00,,
1961-11-19,,,,0.14,,2.0
1961-11-20,,,,0.02,,
1961-11-21,,,,0.00,,
1961-11-22,,,,0.34,,
1961-11-23,,,,0.55,,
1961-11-24,,,,0.00,,
1961-11-25,,,,0.00,,
1961-11-26,,,,0.00,,
1961-11-27,,,,0.00,,
1961-11-28,,,,0.00,,
1961-11-29,,,,0.00,,
1961-11-30,,,,0.00,,
1961-12-01,,,,0.00,,
1961-12-02,,,,0.00,,
1961-12-03,,,,0.00,,
1961-12-04,,,,0.00,,
1961-12-05,,,,0.20,,
1961-12-06,,,,0.00,,
1961-12-07,,,,0.00,,
1961-12-08,,,,0.00,,
1961-12-09,,,,0.14,1.5,2.0
1961-12-10,,,,0.10,,
1961-12-11,,,,0.00,,
1961-12-12,,,,0.40,,
1961-12-13,,,,0.00,,
1961-12-14,,,,0.00,,
1961-12-15,,,,0.00,,
1961-12-16,,,,0.00,,
1961-12-17,,,,0.25,,
1961-12-18,,,,0.01,,
1961-12-19,,,,0.16,1.5,2.0
1961-12-20,,,,0.04,,
1961-12-21,,,,0.00,,
1961-12-22,,,,0.00,,
1961-12-23,,,,0.33,,
1961-12-24,,,,0.05,,
1961-12-25,,,,0.00,,
1961-12-26,,,,0.00,,
1961-12-27,,,,0.04,,
1961-12-28,,,,0.00,,
1961-12-29,,,,0.00,,
1961-12-30,,,,0.05,,
1961-12-31,,,,0.00,,2.0
1962-01-01,,,,0.03,,
1962-01-02,,,,0.00,0.0,2.0
1962-01-03,,,,0.00,,
1962-01-04,,,,0.00,,0.0
1962-01-05,,,,0.06,,
1962-01-06,,,,0.68,4.0,5.0
1962-01-07,,,,0.52,3.0,5.0
1962-01-08,,,,0.05,,
1962-01-09,,,,0.00,,
1962-01-10,,,,0.00,,
1962-01-11,,,,0.00,,
1962-01-12,,,,0.00,,
1962-01-13,,,,0.00,,
1962-01-14,,,,0.00,,
1962-01-15,,,,1.12,,
1962-01-16,,,,0.12,,
1962-01-17,,,,0.00,,
1962-01-18,,,,0.00,,2.0
1962-01-19,,,,0.03,,
1962-01-21,,,,0.05,1.0,3.0
1962-01-22,,,,0.33,,
1962-01-23,,,,0.00,,
1962-01-24,,,,0.00,,2.0
1962-01-25,,,,0.00,,2.0
1962-01-26,,,,0.36,,1.0
1962-01-27,,,,0.57,,
1962-01-28,,,,0.00,,
1962-01-29,,,,0.00,,
1962-01-30,,,,0.00,,0.0
1962-01-31,,,,0.00,,
1962-02-01,,,,0.04,0.6,1.0
1962-02-02,,,,0.00,,
1962-02-03,,,,0.00,,
1962-02-04,,,,0.00,,0.0
1962-02-05,,,,0.00,,
1962-02-06,,,,0.00,,
1962-02-07,,,,0.00,0.2,
1962-02-08,,,,0.00,,0.0
1962-02-09,,,,0.16,1.5,2.0
1962-02-10,,,,0.00,,
1962-02-11,,,,0.08,,1.0
1962-02-12,,,,0.00,,
1962-02-13,,,,0.00,,0.0
1962-02-14,,,,0.00,,
1962-02-15,,,,0.00,,
1962-02-16,,,,0.00,,
1962-02-17,,,,0.00,,
1962-02-18,,,,0.00,,
1962-02-19,,,,0.40,,
1962-02-20,,,,0.00,,
1962-02-21,,,,0.20,2.0,2.0
1962-02-22,,,,0.11,,1.0
1962-02-23,,,,0.00,,0.0
1962-02-24,,,,0.20,,4.0
1962-02-25,,,,0.00,,3.0
1962-02-26,,,,0.30,,0.0
1962-02-27,,,,0.00,,
1962-02-28,,,,0.00,,
1962-03-01,,,,0.00,,
1962-03-02,,,,0.00,,
1962-03-03,,,,0.00,,
1962-03-04,,,,0.00,,
1962-03-05,,,,0.00,0.5,
1962-03-06,,,,0.00,,
1962-03-07,,,,0.00,,
1962-03-08,,,,0.00,,
1962-03-09,,,,0.19,,
1962-03-10,,,,0.02,,
1962-03-11,,,,0.00,,
1962-03-12,,,,0.36,,
1962-03-13,,,,0.01,,
1962-03-14,,,,0.00,,
1962-03-15,,,,0.00,,
1962-03-16,,,,0.00,,
1962-03-17,,,,0.00,,
1962-03-18,,,,0.00,,
1962-03-19,,,,0.22,,
1962-03-20,,,,0.00,,
1962-03-21,,,,1.45,,
1962-03-22,,,,0.30,,
1962-03-23,,,,0.00,,
1962-03-24,,,,0.00,,
1962-03-25,,,,0.00,,
1962-03-26,,,,0.00,,
1962-03-27,,,,0.00,,
1962-03-28,,,,0.00,,
1962-03-29,,,,0.00,,
1962-03-30,,,,0.23,,
1962-03-31,,,,0.00,,
1962-04-01,,,,0.00,,
1962-04-02,,,,0.13,,
1962-04-03,,,,0.00,,
1962-04-04,,,,0.00,,
1962-04-05,,,,0.25,,
1962-04-06,,,,0.15,,
1962-04-07,,,,0.00,,
1962-04-08,,,,0.00,,
1962-04-09,,,,0.26,,
1962-04-10,,,,0.00,,
1962-04-11,,,,0.00,,
1962-04-12,,,,0.00,,
1962-04-13,,,,0.33,,
1962-04-14,,,,0.05,,
1962-04-15,,,,0.00,,
1962-04-16,,,,0.00,,
1962-04-17,,,,0.00,,
1962-04-18,,,,0.00,,
1962-04-19,,,,0.00,,
1962-04-20,,,,0.00,,
1962-04-21,,,,0.00,,
1962-04-22,,,,0.00,,
1962-04-23,,,,0.12,,
1962-04-24,,,,0.00,,
1962-04-25,,,,0.00,,
1962-04-26,,,,0.00,,
1962-04-27,,,,0.00,,
1962-04-28,,,,0.03,,
1962-04-29,,,,0.00,,
1962-04-30,,,,0.00,,
1962-05-01,,,,0.85,,
1962-05-02,,,,0.50,,
1962-05-03,,,,0.00,,
1962-05-04,,,,0.00,,
1962-05-05,,,,0.00,,
1962-05-06,,,,0.00,,
1962-05-07,,,,0.08,,
1962-05-08,,,,1.18,,
1962-05-09,,,,0.00,,
1962-05-10,,,,0.00,,
1962-05-11,,,,0.53,,
1962-05-12,,,,0.00,,
1962-05-13,,,,0.00,,
1962-05-14,,,,0.00,,
1962-05-15,,,,0.00,,
1962-05-16,,,,0.00,,
1962-05-17,,,,0.00,,
1962-05-18,,,,0.00,,
1962-05-19,,,,0.00,,
1962-05-20,,,,0.00,,
1962-05-21,,,,0.00,,
1962-05-22,,,,0.00,,
1962-05-23,,,,0.00,,
1962-05-24,,,,0.00,,
1962-05-25,,,,0.00,,
1962-05-26,,,,0.02,,
1962-05-27,,,,0.59,,
1962-05-28,,,,0.66,,
1962-05-29,,,,0.00,,
1962-05-30,,,,0.18,,
1962-05-31,,,,0.00,,
1962-06-01,,,,0.14,,
1962-06-02,,,,0.00,,
1962-06-03,,,,0.00,,
1962-06-04,,,,0.00,,
1962-06-05,,,,0.39,,
1962-06-06,,,,0.12,,
1962-06-07,,,,0.00,,
1962-06-08,,,,0.35,,
1962-06-09,,,,0.17,,
1962-06-10,,,,0.18,,
1962-06-11,,,,0.41,,
1962-06-12,,,,0.00,,
1962-06-13,,,,0.00,,
1962-06-14,,,,0.00,,
1962-06-15,,,,0.00,,
1962-06-16,,,,0.00,,
1962-06-17,,,,0.00,,
1962-06-18,,,,0.00,,
1962-06-19,,,,0.08,,
1962-06-20,,,,0.00,,
1962-06-21,,,,0.00,,
1962-06-22,,,,0.00,,
1962-06-23,,,,0.00,,
1962-06-24,,,,0.14,,
1962-06-25,,,,0.00,,
1962-06-26,,,,0.00,,
1962-06-27,,,,0.00,,
1962-06-28,,,,0.00,,
1962-06-29,,,,0.00,,
1962-06-30,,,,0.02,,
1962-07-01,,,,0.00,,
1962-07-02,,,,0.50,,
1962-07-03,,,,3.10,,
1962-07-04,,,,0.00,,
1962-07-05,,,,0.00,,
1962-07-06,,,,0.03,,
1962-07-07,,,,0.00,,
1962-07-08,,,,0.00,,
1962-07-09,,,,0.00,,
1962-07-10,,,,0.00,,
1962-07-11,,,,0.00,,
1962-07-12,,,,1.05,,
1962-07-13,,,,0.01,,
1962-07-14,,,,1.16,,
1962-07-15,,,,0.18,,
1962-07-16,,,,0.44,,
1962-07-17,,,,0.00,,
1962-07-18,,,,0.00,,
1962-07-19,,,,0.00,,
1962-07-20,,,,0.00,,
1962-07-21,,,,0.00,,
1962-07-22,,,,0.28,,
1962-07-23,,,,0.33,,
1962-07-24,,,,0.00,,
1962-07-25,,,,0.28,,
1962-07-26,,,,0.05,,
1962-07-27,,,,0.00,,
1962-07-28,,,,0.00,,
1962-07-29,,,,0.00,,
1962-07-30,,,,0.00,,
1962-07-31,,,,0.00,,
1962-08-01,,,,0.00,,
1962-08-02,,,,0.00,,
1962-08-03,,,,0.00,,
1962-08-04,,,,0.00,,
1962-08-05,,,,0.00,,
1962-08-06,,,,0.00,,
1962-08-07,,,,0.68,,
1962-08-08,,,,0.00,,
1962-08-09,,,,0.00,,
1962-08-10,,,,0.00,,
1962-08-11,,,,0.00,,
1962-08-12,,,,0.00,,
1962-08-13,,,,0.00,,
1962-08-14,,,,0.00,,
1962-08-15,,,,0.00,,
1962-08-16,,,,0.00,,
1962-08-17,,,,0.00,,
1962-08-18,,,,0.00,,
1962-08-19,,,,0.00,,
1962-08-20,,,,0.00,,
1962-08-21,,,,0.00,,
1962-08-22,,,,0.00,,
1962-08-23,,,,0.00,,
1962-08-24,,,,0.00,,
1962-08-25,,,,0.00,,
1962-08-26,,,,1.70,,
1962-08-27,,,,0.00,,
1962-08-28,,,,0.00,,
1962-08-29,,,,0.00,,
1962-08-30,,,,0.00,,
1962-08-31,,,,0.00,,
1962-09-01,,,,0.05,,
1962-09-02,,,,0.00,,
1962-09-03,,,,0.00,,
1962-09-04,,,,0.07,,
1962-09-05,,,,0.40,,
1962-09-06,,,,0.00,,
1962-09-07,,,,0.00,,
1962-09-08,,,,0.00,,
1962-09-09,,,,0.20,,
1962-09-10,,,,0.20,,
1962-09-11,,,,0.00,,
1962-09-12,,,,0.00,,
1962-09-13,,,,0.00,,
1962-09-14,,,,0.23,,
1962-09-15,,,,0.00,,
1962-09-16,,,,0.00,,
1962-09-17,,,,0.00,,
1962-09-18,,,,0.00,,
1962-09-19,,,,0.00,,
1962-09-20,,,,0.00,,
1962-09-21,,,,0.00,,
1962-09-22,,,,0.00,,
1962-09-23,,,,0.00,,
1962-09-24,,,,0.00,,
1962-09-25,,,,0.50,,
1962-09-26,,,,0.00,,
1962-09-27,,,,0.00,,
1962-09-28,,,,0.00,,
1962-09-29,,,,0.00,,
1962-09-30,,,,0.00,,
1962-10-01,,,,0.00,,
1962-10-02,,,,0.00,,
1962-10-03,,,,0.20,,
1962-10-04,,,,0.00,,
1962-10-05,,,,0.00,,
1962-10-06,,,,0.00,,
1962-10-07,,,,0.00,,
1962-10-08,,,,1.05,,
1962-10-09,,,,0.00,,
1962-10-10,,,,0.00,,
1962-10-11,,,,0.00,,
1962-10-12,,,,0.00,,
1962-10-13,,,,0.00,,
1962-10-14,,,,0.00,,
1962-10-15,,,,0.00,,
1962-10-16,,,,0.05,,
1962-10-17,,,,0.11,,
1962-10-18,,,,0.00,,
1962-10-19,,,,0.00,,
1962-10-20,,,,1.55,,
1962-10-21,,,,0.11,,
1962-10-22,,,,0.00,,
1962-10-23,,,,0.00,,
1962-10-24,,,,0.00,,
1962-10-25,,,,0.05,,
1962-10-26,,,,0.00,,
1962-10-27,,,,0.00,,
1962-10-28,,,,0.00,,
1962-10-29,,,,0.00,,
1962-10-30,,,,0.00,,
1962-10-31,,,,0.00,,
1962-11-01,,,,0.00,,
1962-11-02,,,,0.03,,
1962-11-03,,,,0.00,,
1962-11-04,,,,0.11,,
1962-11-05,,,,0.25,,
1962-11-06,,,,0.00,,
1962-11-07,,,,0.11,,
1962-11-08,,,,0.00,,
1962-11-09,,,,0.00,,
1962-11-10,,,,0.03,,
1962-11-11,,,,0.00,,
1962-11-12,,,,0.00,,
1962-11-13,,,,0.00,,
1962-11-14,,,,0.00,,
1962-11-15,,,,0.00,,
1962-11-16,,,,0.20,,
1962-11-17,,,,0.35,,
1962-11-18,,,,0.00,,
1962-11-19,,,,0.00,,
1962-11-20,,,,0.00,,
1962-11-21,,,,0.00,,
1962-11-22,,,,0.00,,
1962-11-23,,,,0.00,,
1962-11-24,,,,0.00,,
1962-11-25,,,,0.00,,
1962-11-26,,,,0.00,,
1962-11-27,,,,0.00,,
1962-11-28,,,,0.00,,
1962-11-29,,,,0.00,,
1962-11-30,,,,0.00,,
1962-12-04,,,,0.00,,
1962-12-06,,,,0.05,,
1962-12-09,,,,0.00,,
1962-12-10,,,,0.00,,
1962-12-20,,,,0.00,,
1962-12-21,,,,0.01,,
1962-12-22,,,,0.03,,
1962-12-25,,,,0.07,,
1962-12-28,,,,0.02,,
1963-01-07,,,,0.00,,
1963-01-08,,,,0.04,,
1963-01-21,,,,0.01,,
1963-01-22,,,,0.16,,
1963-01-25,,,,0.02,,
1963-01-26,,,,0.02,,
1963-01-29,,,,0.00,,
1963-01-31,,,,0.24,,
1963-02-04,,,,0.00,,
1963-02-10,,,,0.07,,
1963-02-11,,,,0.02,,
1963-02-12,,,,0.00,,
1963-02-13,,,,0.01,,
1963-02-15,,,,0.01,,
1963-02-16,,,,0.00,,
1963-02-21,,,,0.07,,
1963-02-24,,,,1.52,,
1963-02-26,,,,0.00,,
1963-02-28,,,,0.07,,
1963-03-01,,,,0.00,,
1963-03-02,,,,0.00,,
1963-03-03,,,,0.00,,
1963-03-04,,,,0.70,,
1963-03-05,,,,0.94,,
1963-03-06,,,,0.50,,
1963-03-07,,,,0.00,,
1963-03-08,,,,0.00,,
1963-03-09,,,,0.28,,
1963-03-10,,,,0.00,,
1963-03-11,,,,0.06,,
1963-03-12,,,,0.00,,
1963-03-13,,,,0.10,,
1963-03-14,,,,0.00,,
1963-03-15,,,,0.00,,
1963-03-16,,,,0.00,,
1963-03-17,,,,0.30,,
1963-03-18,,,,0.00,,
1963-03-19,,,,0.78,,
1963-03-20,,,,0.00,,
1963-03-21,,,,0.00,,
1963-03-22,,,,0.00,,
1963-03-23,,,,0.00,,
1963-03-24,,,,0.00,,
1963-03-25,,,,0.10,,
1963-03-26,,,,0.23,,
1963-03-27,,,,0.00,,
1963-03-28,,,,0.00,,
1963-03-29,,,,0.00,,
1963-03-30,,,,0.02,,
1963-03-31,,,,0.03,,
1963-04-01,,,,1.06,,
1963-04-02,,,,0.00,,
1963-04-03,,,,0.00,,
1963-04-04,,,,0.07,,
1963-04-05,,,,0.00,,
1963-04-06,,,,0.00,,
1963-04-07,,,,0.00,,
1963-04-08,,,,0.00,,
1963-04-09,,,,0.00,,
1963-04-10,,,,0.00,,
1963-04-11,,,,0.00,,
1963-04-12,,,,0.00,,
1963-04-13,,,,0.08,,
1963-04-14,,,,0.02,,
1963-04-15,,,,0.00,,
1963-04-16,,,,0.00,,
1963-04-17,,,,0.00,,
1963-04-18,,,,0.14,,
1963-04-19,,,,0.00,,
1963-04-20,,,,0.16,,
1963-04-21,,,,0.00,,
1963-04-22,,,,0.23,,
1963-04-23,,,,0.18,,
1963-04-24,,,,0.00,,
1963-04-25,,,,0.00,,
1963-04-26,,,,0.00,,
1963-04-27,,,,0.00,,
1963-04-28,,,,0.00,,
1963-04-29,,,,0.00,,
1963-04-30,,,,1.33,,
1963-05-01,,,,0.00,,
1963-05-05,,,,0.02,,
1963-05-13,,,,0.80,,
1963-05-17,,,,0.10,,
1963-05-18,,,,0.09,,
1963-05-20,,,,0.20,,
1963-05-28,,,,0.50,,
1963-05-29,,,,1.43,,
1963-06-05,,,,0.55,,
1963-06-06,,,,0.10,,
1963-06-07,,,,0.15,,
1963-06-08,,,,0.00,,
1963-06-09,,,,0.00,,
1963-06-10,,,,0.45,,
1963-06-11,,,,0.00,,
1963-06-12,,,,0.00,,
1963-06-13,,,,0.30,,
1963-06-14,,,,0.00,,
1963-06-15,,,,0.00,,
1963-06-16,,,,0.00,,
1963-06-17,,,,0.00,,
1963-06-18,,,,0.00,,
1963-06-19,,,,0.50,,
1963-06-20,,,,0.00,,
1963-06-21,,,,0.00,,
1963-06-22,,,,0.00,,
1963-06-23,,,,0.00,,
1963-06-24,,,,0.00,,
1963-06-25,,,,0.00,,
1963-06-26,,,,0.00,,
1963-06-27,,,,0.00,,
1963-06-28,,,,0.00,,
1963-06-29,,,,0.00,,
1963-07-01,,,,0.06,,
1963-07-02,,,,0.00,,
1963-07-03,,,,0.00,,
1963-07-04,,,,0.00,,
1963-07-05,,,,0.00,,
1963-07-07,,,,0.11,,
1963-07-08,,,,0.02,,
1963-07-09,,,,0.00,,
1963-07-10,,,,0.00,,
1963-07-11,,,,0.00,,
1963-07-12,,,,0.00,,
1963-07-13,,,,0.00,,
1963-07-14,,,,0.95,,
1963-07-15,,,,0.00,,
1963-07-16,,,,0.90,,
1963-07-17,,,,0.00,,
1963-07-18,,,,0.00,,
1963-07-19,,,,0.00,,
1963-07-20,,,,1.94,,
1963-07-21,,,,0.00,,
1963-07-22,,,,0.23,,
1963-07-23,,,,0.00,,
1963-07-24,,,,0.00,,
1963-07-25,,,,0.00,,
1963-07-26,,,,0.00,,
1963-07-27,,,,0.00,,
1963-07-28,,,,0.00,,
1963-07-29,,,,0.05,,
1963-07-30,,,,0.00,,
1963-07-31,,,,0.00,,
1963-08-01,,,,0.15,,
1963-08-02,,,,0.00,,
1963-08-03,,,,0.00,,
1963-08-04,,,,0.00,,
1963-08-05,,,,0.00,,
1963-08-06,,,,0.00,,
1963-08-07,,,,0.40,,
1963-08-08,,,,0.00,,
1963-08-09,,,,0.10,,
1963-08-10,,,,0.35,,
1963-08-11,,,,0.00,,
1963-08-12,,,,0.00,,
1963-08-13,,,,0.08,,
1963-08-14,,,,0.00,,
1963-08-15,,,,0.00,,
1963-08-16,,,,0.00,,
1963-08-17,,,,0.00,,
1963-08-18,,,,0.00,,
1963-08-19,,,,0.16,,
1963-08-20,,,,0.56,,
1963-08-21,,,,0.00,,
1963-08-22,,,,0.00,,
1963-08-23,,,,0.00,,
1963-08-24,,,,0.00,,
1963-08-25,,,,0.00,,
1963-08-26,,,,0.00,,
1963-08-27,,,,0.00,,
1963-08-28,,,,0.00,,
1963-08-29,,,,0.18,,
1963-08-30,,,,0.00,,
1963-08-31,,,,0.00,,
1963-09-01,,,,0.00,,
1963-09-02,,,,0.00,,
1963-09-03,,,,0.00,,
1963-09-04,,,,0.00,,
1963-09-05,,,,0.00,,
1963-09-06,,,,0.00,,
1963-09-07,,,,0.00,,
1963-09-08,,,,0.73,,
1963-09-09,,,,0.00,,
1963-09-10,,,,0.00,,
1963-09-11,,,,0.00,,
1963-09-12,,,,0.00,,
1963-09-13,,,,0.00,,
1963-09-14,,,,0.00,,
1963-09-15,,,,0.00,,
1963-09-16,,,,0.00,,
1963-09-17,,,,0.00,,
1963-09-18,,,,0.00,,
1963-09-19,,,,0.00,,
1963-09-20,,,,0.00,,
1963-09-21,,,,0.03,,
1963-09-22,,,,0.00,,
1963-09-23,,,,0.00,,
1963-09-24,,,,0.00,,
1963-09-25,,,,0.00,,
1963-09-26,,,,0.00,,
1963-09-27,,,,0.00,,
1963-09-28,,,,0.00,,
1963-09-29,,,,0.23,,
1963-09-30,,,,0.00,,
1963-10-01,,,,0.00,,
1963-10-02,,,,0.00,,
1963-10-03,,,,0.00,,
1963-10-04,,,,0.00,,
1963-10-05,,,,0.00,,
1963-10-06,,,,0.00,,
1963-10-07,,,,0.00,,
1963-10-08,,,,0.00,,
1963-10-09,,,,0.00,,
1963-10-10,,,,0.00,,
1963-10-11,,,,0.00,,
1963-10-12,,,,0.00,,
1963-10-13,,,,0.00,,
1963-10-14,,,,0.00,,
1963-10-15,,,,0.00,,
1963-10-16,,,,0.00,,
1963-10-17,,,,0.00,,
1963-10-18,,,,0.00,,
1963-10-19,,,,0.15,,
1963-10-20,,,,0.10,,
1963-10-21,,,,0.43,,
1963-10-22,,,,0.00,,
1963-10-23,,,,0.00,,
1963-10-24,,,,0.00,,
1963-10-25,,,,0.00,,
1963-10-26,,,,0.00,,
1963-10-27,,,,0.00,,
1963-10-28,,,,0.05,,
1963-10-29,,,,0.00,,
1963-10-30,,,,0.00,,
1963-10-31,,,,0.00,,
1963-11-01,,,,0.26,,
1963-11-02,,,,0.00,,
1963-11-03,,,,0.00,,
1963-11-04,,,,0.00,,
1963-11-05,,,,0.41,,
1963-11-06,,,,0.20,,
1963-11-07,,,,0.00,,
1963-11-08,,,,0.00,,
1963-11-09,,,,0.00,,
1963-11-10,,,,0.00,,
1963-11-11,,,,0.00,,
1963-11-12,,,,0.00,,
1963-11-13,,,,0.00,,
1963-11-14,,,,0.00,,
1963-11-15,,,,0.00,,
1963-11-16,,,,0.00,,
1963-11-17,,,,0.00,,
1963-11-18,,,,0.00,,
1963-11-19,,,,0.00,,
1963-11-20,,,,0.00,,
1963-11-21,,,,0.29,,
1963-11-22,,,,0.30,,
1963-11-23,,,,1.05,,
1963-11-24,,,,0.00,,
1963-11-25,,,,0.00,,
1963-11-26,,,,0.00,,
1963-11-27,,,,0.00,,
1963-11-28,,,,0.00,,
1963-11-29,,,,0.00,,
1963-11-30,,,,0.00,,
1963-12-01,,,,0.00,,
1963-12-02,,,,0.00,,
1963-12-03,,,,0.00,,
1963-12-04,,,,0.00,,
1963-12-05,,,,0.00,,
1963-12-06,,,,0.00,,
1963-12-07,,,,0.00,,
1963-12-08,,,,0.50,,
1963-12-09,,,,0.11,,
1963-12-10,,,,0.00,,
1963-12-11,,,,0.00,,
1963-12-12,,,,2.00,,
1963-12-13,,,,0.00,,
1963-12-14,,,,0.00,,
1963-12-15,,,,0.00,,
1963-12-16,,,,0.00,,
1963-12-17,,,,0.00,0.0,
1963-12-18,,,,0.75,,
1963-12-19,,,,0.00,,
1963-12-20,,,,0.00,,
1963-12-21,,,,0.00,,
1963-12-22,,,,0.00,,
1963-12-23,,,,0.00,,
1963-12-24,,,,0.00,,
1963-12-25,,,,0.00,,
1963-12-26,,,,0.00,,
1963-12-27,,,,0.00,,
1963-12-28,,,,0.00,0.0,
1963-12-29,,,,0.00,,
1963-12-30,,,,0.00,,
1964-01-01,,,,0.00,,
1964-01-02,,,,0.00,,
1964-01-03,,,,0.00,,
1964-01-04,,,,0.00,,
1964-01-05,,,,0.00,,
1964-01-06,,,,0.00,,
1964-01-07,,,,0.00,,
1964-01-08,,,,0.00,,
1964-01-09,,,,0.58,,
1964-01-10,,,,0.00,,
1964-01-11,,,,0.00,,
1964-01-12,,,,0.00,,
1964-01-13,,,,0.00,,
1964-01-14,,,,0.00,,
1964-01-15,,,,0.00,,
1964-01-16,,,,0.00,,
1964-01-17,,,,0.00,,
1964-01-18,,,,0.00,,
1964-01-19,,,,0.00,,
1964-01-20,,,,0.08,,
1964-01-21,,,,0.00,,
1964-01-22,,,,0.00,,
1964-01-23,,,,0.00,,
1964-01-24,,,,0.00,,
1964-01-25,,,,0.23,,
1964-01-26,,,,0.00,,
1964-01-27,,,,0.00,,
1964-01-28,,,,0.00,,
1964-01-29,,,,0.00,,
1964-01-30,,,,0.00,,
1964-01-31,,,,0.26,,
1964-02-01,,,,0.00,,
1964-02-02,,,,0.00,,
1964-02-03,,,,0.00,,
1964-02-04,,,,0.00,,
1964-02-05,,,,0.00,,
1964-02-06,,,,0.00,,
1964-02-07,,,,0.10,,
1964-02-08,,,,0.00,,
1964-02-09,,,,0.00,,
1964-02-10,,,,0.00,,
1964-02-11,,,,0.00,,
1964-02-12,,,,0.00,,
1964-02-13,,,,0.00,,
1964-02-14,,,,0.25,,
1964-02-15,,,,0.00,,
1964-02-16,,,,0.00,,
1964-02-17,,,,0.18,,
1964-02-18,,,,0.00,,
1964-02-19,,,,0.00,,
1964-02-20,,,,0.00,,
1964-02-21,,,,0.00,,
1964-02-22,,,,0.00,,
1964-02-23,,,,0.00,,
1964-02-24,,,,0.00,,
1964-02-25,,,,0.00,,
1964-02-26,,,,0.00,,
1964-02-27,,,,0.15,,
1964-02-28,,,,0.00,,
1964-02-29,,,,0.00,,
1964-03-01,,,,0.00,,
1964-03-02,,,,0.00,,
1964-03-03,,,,0.00,,
1964-03-04,,,,0.00,,
1964-03-05,,,,0.38,,
1964-03-06,,,,0.00,,
1964-03-07,,,,0.00,,
1964-03-08,,,,0.20,,
1964-03-09,,,,0.40,,
1964-03-10,,,,,2.5,
1964-03-11,,,,0.00,,
1964-03-12,,,,0.21,0.0,
1964-03-13,,,,0.00,,
1964-03-14,,,,0.00,,
1964-03-15,,,,0.00,,
1964-03-16,,,,0.00,,
1964-03-17,,,,0.00,,
1964-03-18,,,,0.00,,
1964-03-19,,,,0.00,,
1964-03-20,,,,0.00,,
1964-03-21,,,,0.47,,
1964-03-22,,,,0.00,,
1964-03-23,,,,0.00,,
1964-03-24,,,,0.00,,
1964-03-25,,,,0.40,,
1964-03-26,,,,0.87,,
1964-03-27,,,,0.00,0.0,
1964-03-28,,,,0.00,,
1964-03-29,,,,0.00,,
1964-03-30,,,,0.00,,
1964-03-31,,,,0.00,,
1964-04-01,,,,0.00,,
1964-04-02,,,,0.06,,
1964-04-03,,,,1.91,,
1964-04-04,,,,0.05,,
1964-04-05,,,,0.00,,
1964-04-06,,,,0.75,,
1964-04-07,,,,0.31,,
1964-04-08,,,,0.00,,
1964-04-09,,,,0.00,,
1964-04-10,,,,0.00,,
1964-04-11,,,,0.00,,
1964-04-12,,,,0.00,,
1964-04-13,,,,0.00,,
1964-04-14,,,,0.00,,
1964-04-15,,,,0.00,,
1964-04-16,,,,0.00,,
1964-04-17,,,,0.00,,
1964-04-18,,,,0.00,,
1964-04-19,,,,1.94,,
1964-04-20,,,,2.39,,
1964-04-21,,,,1.80,,
1964-04-22,,,,0.05,,
1964-04-23,,,,0.00,,
1964-04-24,,,,0.00,,
1964-04-25,,,,0.00,,
1964-04-26,,,,0.00,,
1964-04-27,,,,0.10,,
1964-04-28,,,,0.70,,
1964-04-29,,,,0.07,,
1964-04-30,,,,0.09,,
1964-05-01,,,,0.00,,
1964-05-02,,,,0.00,,
1964-05-03,,,,0.00,,
1964-05-04,,,,0.00,,
1964-05-05,,,,0.00,,
1964-05-06,,,,0.00,,
1964-05-07,,,,0.00,,
1964-05-08,,,,0.00,,
1964-05-09,,,,0.05,,
1964-05-10,,,,0.00,,
1964-05-11,,,,0.00,,
1964-05-12,,,,0.00,,
1964-05-13,,,,0.00,,
1964-05-14,,,,0.56,,
1964-05-15,,,,0.00,,
1964-05-16,,,,0.00,,
1964-05-17,,,,0.22,,
1964-05-18,,,,0.00,,
1964-05-19,,,,0.00,,
1964-05-20,,,,0.01,,
1964-05-21,,,,0.00,,
1964-05-22,,,,0.00,,
1964-05-23,,,,0.00,,
1964-05-24,,,,0.00,,
1964-05-25,,,,0.00,,
1964-05-26,,,,0.00,,
1964-05-27,,,,0.38,,
1964-05-28,,,,0.00,,
1964-05-29,,,,0.00,,
1964-05-30,,,,0.00,,
1964-05-31,,,,0.00,,
1964-06-01,,,,0.00,,
1964-06-02,,,,0.06,,
1964-06-03,,,,0.00,,
1964-06-04,,,,0.00,,
1964-06-05,,,,0.00,,
1964-06-06,,,,0.40,,
1964-06-07,,,,0.05,,
1964-06-08,,,,0.04,,
1964-06-09,,,,0.00,,
1964-06-10,,,,0.03,,
1964-06-11,,,,0.00,,
1964-06-12,,,,0.00,,
1964-06-13,,,,0.45,,
1964-06-14,,,,0.00,,
1964-06-15,,,,0.52,,
1964-06-16,,,,0.03,,
1964-06-17,,,,0.00,,
1964-06-18,,,,0.00,,
1964-06-19,,,,0.00,,
1964-06-20,,,,0.00,,
1964-06-21,,,,3.42,,
1964-06-22,,,,0.32,,
1964-06-23,,,,0.00,,
1964-06-24,,,,0.00,,
1964-06-25,,,,0.00,,
1964-06-26,,,,0.00,,
1964-06-27,,,,0.00,,
1964-06-28,,,,0.00,,
1964-06-29,,,,0.00,,
1964-06-30,,,,0.00,,
1964-07-01,,,,0.00,,
1964-07-02,,,,0.00,,
1964-07-03,,,,0.02,,
1964-07-04,,,,0.00,,
1964-07-05,,,,0.00,,
1964-07-06,,,,0.00,,
1964-07-07,,,,0.34,,
1964-07-08,,,,0.23,,
1964-07-09,,,,0.18,,
1964-07-10,,,,0.00,,
1964-07-11,,,,0.38,,
1964-07-12,,,,0.00,,
1964-07-13,,,,0.00,,
1964-07-14,,,,0.00,,
1964-07-15,,,,1.01,,
1964-07-16,,,,0.00,,
1964-07-17,,,,0.00,,
1964-07-18,,,,1.04,,
1964-07-19,,,,0.00,,
1964-07-20,,,,0.00,,
1964-07-21,,,,0.00,,
1964-07-22,,,,0.00,,
1964-07-23,,,,0.00,,
1964-07-24,,,,0.00,,
1964-07-25,,,,0.00,,
1964-07-26,,,,0.00,,
1964-07-27,,,,0.00,,
1964-07-28,,,,0.00,,
1964-07-29,,,,0.00,,
1964-07-30,,,,0.00,,
1964-07-31,,,,0.00,,
1964-08-01,,,,0.00,,
1964-08-02,,,,0.00,,
1964-08-03,,,,0.00,,
1964-08-04,,,,0.00,,
1964-08-05,,,,0.00,,
1964-08-06,,,,0.00,,
1964-08-07,,,,0.00,,
1964-08-08,,,,0.00,,
1964-08-09,,,,0.00,,
1964-08-10,,,,0.00,,
1964-08-11,,,,0.03,,
1964-08-12,,,,0.00,,
1964-08-13,,,,0.00,,
1964-08-14,,,,0.00,,
1964-08-15,,,,0.00,,
1964-08-16,,,,0.00,,
1964-08-17,,,,0.00,,
1964-08-18,,,,0.00,,
1964-08-19,,,,0.00,,
1964-08-20,,,,0.00,,
1964-08-21,,,,0.00,,
1964-08-22,,,,0.58,,
1964-08-23,,,,0.75,,
1964-08-24,,,,0.04,,
1964-08-25,,,,0.00,,
1964-08-26,,,,0.00,,
1964-08-27,,,,0.00,,
1964-08-28,,,,0.00,,
1964-08-29,,,,0.00,,
1964-08-30,,,,0.00,,
1964-08-31,,,,0.00,,
1964-09-01,,,,0.00,,
1964-09-02,,,,0.00,,
1964-09-03,,,,0.00,,
1964-09-04,,,,0.00,,
1964-09-05,,,,0.00,,
1964-09-06,,,,0.00,,
1964-09-07,,,,0.00,,
1964-09-08,,,,0.00,,
1964-09-09,,,,0.00,,
1964-09-10,,,,0.00,,
1964-09-11,,,,0.00,,
1964-09-12,,,,0.00,,
1964-09-13,,,,0.00,,
1964-09-14,,,,0.00,,
1964-09-15,,,,0.00,,
1964-09-16,,,,0.00,,
1964-09-17,,,,0.00,,
1964-09-18,,,,0.58,,
1964-09-19,,,,0.00,,
1964-09-20,,,,0.00,,
1964-09-21,,,,0.00,,
1964-09-22,,,,0.00,,
1964-09-23,,,,0.24,,
1964-09-24,,,,0.00,,
1964-09-25,,,,0.00,,
1964-09-26,,,,0.00,,
1964-09-27,,,,0.00,,
1964-09-28,,,,0.25,,
1964-09-29,,,,0.00,,
1964-09-30,,,,0.00,,
1964-10-01,,,,0.00,,
1964-10-02,,,,0.00,,
1964-10-03,,,,0.00,,
1964-10-04,,,,0.00,,
1964-10-05,,,,0.00,,
1964-10-06,,,,0.00,,
1964-10-07,,,,0.00,,
1964-10-08,,,,0.33,,
1964-10-09,,,,0.05,,
1964-10-10,,,,0.00,,
1964-10-11,,,,0.00,,
1964-10-12,,,,0.00,,
1964-11-01,,,,0.00,,
1964-11-02,,,,0.00,,
1964-11-03,,,,0.00,,
1964-11-04,,,,0.00,,
1964-11-05,,,,0.00,,
1964-11-06,,,,0.00,,
1964-11-07,,,,0.00,,
1964-11-08,,,,0.00,,
1964-11-09,,,,0.00,,
1964-11-10,,,,0.00,,
1964-11-11,,,,0.00,,
1964-11-12,,,,0.00,,
1964-11-13,,,,0.00,,
1964-11-14,,,,0.00,,
1964-11-15,,,,0.92,,
1964-11-16,,,,0.12,,
1964-11-17,,,,0.00,,
1964-11-18,,,,0.03,,
1964-11-19,,,,0.00,0.0,0.0
1964-11-20,,,,0.00,,
1964-11-21,,,,0.00,,
1964-11-22,,,,0.00,,
1964-11-23,,,,0.00,,
1964-11-24,,,,0.00,,
1964-11-25,,,,0.00,,
1964-11-26,,,,0.00,,
1964-11-27,,,,1.41,,
1964-11-28,,,,0.00,,
1964-11-29,,,,1.00,1.0,0.0
1964-11-30,,,,0.00,,
1964-12-01,,,,0.00,,
1964-12-02,,,,0.40,,3.0
1964-12-03,,,,0.05,,
1964-12-04,,,,0.16,,
1964-12-05,,,,0.00,,
1964-12-06,,,,0.00,,
1964-12-07,,,,0.00,,
1964-12-08,,,,0.15,,
1964-12-09,,,,0.00,,
1964-12-10,,,,0.40,,
1964-12-11,,,,0.35,,
1964-12-12,,,,0.10,,
1964-12-13,,,,0.00,,
1964-12-14,,,,0.00,,
1964-12-15,,,,0.00,,
1964-12-16,,,,0.00,,
1964-12-17,,,,0.00,,
1964-12-18,,,,0.00,,
1964-12-19,,,,0.00,,
1964-12-20,,,,0.00,,
1964-12-21,,,,0.00,,
1964-12-22,,,,0.00,,
1964-12-23,,,,0.00,,
1964-12-24,,,,0.00,,
1964-12-25,,,,0.00,,
1964-12-26,,,,0.00,,
1964-12-27,,,,0.00,,
1964-12-28,,,,0.00,,
1964-12-29,,,,0.66,,
1964-12-30,,,,1.02,,
1965-01-01,53,32,,0.62,,
1965-01-02,56,30,,0.10,,
1965-01-03,40,26,,0.00,,
1965-01-04,42,22,,0.00,,
1965-01-05,46,32,,0.00,,
1965-01-06,52,32,,0.00,,
1965-01-07,62,40,,0.00,,
1965-01-08,62,32,,0.14,,
1965-01-09,32,22,,0.00,,
1965-01-10,30,22,,0.00,,
1965-01-11,39,22,,0.00,,
1965-01-12,38,24,,0.00,,
1965-01-13,33,11,,0.00,,
1965-01-14,22,9,,0.50,2.0,
1965-01-15,24,16,,0.00,1.0,
1965-01-16,18,6,,1.02,4.0,
1965-01-17,26,-4,,0.00,0.0,
1965-01-18,22,4,,0.00,,
1965-01-19,36,14,,0.00,,
1965-01-20,36,12,,0.00,,
1965-01-21,42,19,,0.00,,
1965-01-22,48,42,,0.65,,
1965-01-23,48,40,,1.35,,
1965-01-24,52,30,,0.80,,
1965-01-25,52,30,,0.00,,
1965-01-26,50,20,,0.18,,
1965-01-27,34,14,,0.00,,
1965-01-28,38,-1,,0.00,,
1965-01-29,12,0,,0.00,,
1965-01-30,15,6,,0.00,,
1965-01-31,18,-2,,0.30,2.0,
1965-02-01,26,4,,0.64,,
1965-02-02,12,-6,,0.00,,
1965-02-03,16,2,,0.00,,
1965-02-04,18,2,,0.00,,
1965-02-05,44,12,,0.00,,
1965-02-06,53,42,,0.00,,
1965-02-07,54,46,,0.44,,
1965-02-08,50,36,,0.60,,
1965-02-09,59,36,,1.15,,
1965-02-10,58,34,,0.00,,
1965-02-11,42,32,,0.00,,
1965-02-12,31,16,,0.00,,
1965-02-13,34,20,,0.00,,
1965-02-14,40,21,,0.00,,
1965-02-15,49,31,,0.00,,
1965-02-16,48,34,,0.00,,
1965-02-17,48,30,,0.00,,
1965-02-18,50,30,,0.00,,
1965-02-19,,,,0.00,,
1965-02-20,,,,0.19,,
1965-02-21,,,,0.18,,
1965-02-22,,,,0.41,,
1965-02-23,25,20,,0.00,,
1965-02-24,29,20,,0.00,,
1965-02-25,22,16,,0.41,,
1965-02-26,34,21,,0.00,,
1965-02-27,56,41,,0.00,,
1965-02-28,54,42,,0.00,,
1965-03-01,61,38,,0.00,,
1965-03-02,41,27,,0.00,,
1965-03-03,36,29,,0.00,,
1965-03-04,34,21,,0.17,,
1965-03-05,38,20,,1.03,,
1965-03-06,38,27,,0.00,,
1965-03-07,44,34,,0.00,,
1965-03-08,40,33,,0.00,,
1965-03-09,34,24,,0.00,,
1965-03-10,34,21,,0.00,,
1965-03-11,42,22,,0.00,,
1965-03-12,40,27,,0.00,,
1965-03-13,46,32,,0.00,,
1965-03-14,38,34,,0.06,,
1965-03-15,45,35,,0.00,,
1965-03-16,49,39,,0.00,,
1965-03-17,62,34,,0.00,,
1965-03-18,33,18,,1.45,,
1965-03-19,26,12,,0.00,,
1965-03-20,33,10,,0.20,,
1965-03-21,30,18,,0.14,,
1965-03-22,54,28,,0.30,,
1965-03-23,39,24,,0.12,,
1965-03-24,29,21,,0.00,,
1965-03-25,30,24,,0.00,,
1965-03-26,34,24,,0.28,,
1965-03-27,46,17,,0.00,,
1965-03-28,56,30,,0.04,,
1965-03-29,56,32,,0.00,,
1965-03-30,46,30,,0.00,,
1965-03-31,52,30,,0.00,,
1965-04-01,53,35,,0.10,,
1965-04-02,46,30,,0.00,,
1965-04-03,50,32,,0.00,,
1965-04-04,56,42,,0.00,,
1965-04-05,58,41,,0.00,,
1965-04-06,76,58,,1.55,,
1965-04-07,72,42,,0.00,,
1965-04-08,78,40,,0.00,,
1965-04-09,,,,1.51,,
1965-04-10,,,,1.14,,
1965-04-11,,,,0.69,,
1965-04-12,,,,0.00,,
1965-04-13,,,,0.00,,
1965-04-14,53,37,,0.00,,
1965-04-15,58,46,,0.46,,
1965-04-16,52,43,,0.00,,
1965-04-17,66,45,,0.00,,
1965-04-18,57,41,,0.00,,
1965-04-19,66,42,,0.00,,
1965-04-20,69,40,,0.00,,
1965-04-21,80,58,,0.00,,
1965-04-22,75,54,,0.00,,
1965-04-23,76,56,,0.20,,
1965-04-24,60,48,,0.64,,
1965-04-25,70,48,,1.36,,
1965-04-26,50,44,,0.20,,
1965-04-27,64,44,,0.00,,
1965-04-28,60,46,,0.00,,
1965-04-29,68,37,,0.00,,
1965-04-30,84,52,,0.00,,
1965-05-01,82,48,,0.00,,
1965-05-02,82,53,,0.00,,
1965-05-03,81,59,,0.00,,
1965-05-04,81,61,,0.30,,
1965-05-05,82,61,,0.35,,
1965-05-06,78,65,,,,
1965-05-07,71,60,,,,
1965-05-08,80,58,,,,
1965-05-09,82,67,,,,
1965-05-10,66,62,,,,
1965-05-11,75,48,,,,
1965-05-12,72,51,,,,
1965-05-13,79,48,,,,
1965-05-14,88,60,,,,
1965-05-15,84,66,,,,
1965-05-16,78,64,,,,
1965-05-17,84,62,,,,
1965-05-18,84,56,,,,
1965-05-19,76,58,,,,
1965-05-20,84,56,,,,
1965-05-21,90,56,,,,
1965-05-22,88,64,,,,
1965-05-23,84,64,,0.06,,
1965-05-24,84,68,,0.31,,
1965-05-25,82,66,,0.35,,
1965-05-26,78,64,,0.72,,
1965-05-27,70,58,,1.32,,
1965-05-28,66,48,,,,
1965-05-29,62,40,,,,
1965-05-30,76,52,,,,
1965-05-31,88,52,,,,
1965-06-01,84,66,,0.00,,
1965-06-02,76,62,,1.20,,
1965-06-03,74,60,,0.00,,
1965-06-04,82,55,,0.00,,
1965-06-05,90,64,,0.00,,
1965-06-06,82,67,,0.00,,
1965-06-07,78,64,,1.20,,
1965-06-08,86,62,,0.20,,
1965-06-09,82,62,,1.07,,
1965-06-10,86,68,,0.00,,
1965-06-11,83,65,,0.00,,
1965-06-12,88,60,,0.00,,
1965-06-13,78,58,,0.00,,
1965-06-14,78,54,,0.00,,
1965-06-15,77,54,,0.00,,
1965-06-16,78,56,,0.00,,
1965-06-17,77,56,,0.00,,
1965-06-18,82,51,,0.00,,
1965-06-19,86,50,,0.00,,
1965-06-20,87,61,,0.00,,
1965-06-21,87,64,,0.00,,
1965-06-22,88,63,,0.00,,
1965-06-23,82,68,,0.00,,
1965-06-24,79,60,,0.05,,
1965-06-25,82,54,,0.00,,
1965-06-26,91,57,,0.00,,
1965-06-27,91,68,,0.00,,
1965-06-28,89,69,,0.00,,
1965-06-29,84,69,,1.55,,
1965-06-30,88,60,,0.05,,
1965-07-01,84,55,,0.00,,
1965-07-02,82,66,,0.45,,
1965-07-03,82,66,,0.00,,
1965-07-04,82,60,,0.00,,
1965-07-05,85,62,,0.00,,
1965-07-06,86,60,,0.38,,
1965-07-07,78,64,,0.63,,
1965-07-08,86,62,,0.00,,
1965-07-09,80,68,,0.00,,
1965-07-10,80,64,,0.13,,
1965-07-11,84,60,,0.00,,
1965-07-12,86,60,,0.00,,
1965-07-13,88,60,,0.00,,
1965-07-14,80,68,,0.00,,
1965-07-15,81,60,,0.00,,
1965-07-16,86,56,,0.00,,
1965-07-17,86,67,,0.88,,
1965-07-18,82,64,,0.00,,
1965-07-19,82,62,,0.00,,
1965-07-20,82,60,,0.00,,
1965-07-21,83,63,,0.00,,
1965-07-22,92,70,,0.00,,
1965-07-23,92,74,,0.00,,
1965-07-24,92,71,,0.00,,
1965-07-25,85,64,,0.00,,
1965-07-26,88,62,,0.00,,
1965-07-27,86,68,,0.00,,
1965-07-28,82,63,,0.40,,
1965-07-29,78,58,,0.00,,
1965-07-30,83,53,,0.00,,
1965-07-31,76,63,,0.00,,
1965-08-01,71,60,,,,
1965-08-02,75,54,,,,
1965-08-03,82,51,,,,
1965-08-04,83,64,,0.64,,
1965-08-05,92,68,,,,
1965-08-06,88,67,,,,
1965-08-07,84,70,,,,
1965-08-08,78,66,,0.02,,
1965-08-09,68,64,,0.20,,
1965-08-10,78,56,,0.22,,
1965-08-11,83,51,,,,
1965-08-12,86,51,,,,
1965-08-13,88,61,,,,
1965-08-14,90,64,,,,
1965-08-15,93,68,,,,
1965-08-16,92,68,,,,
1965-08-17,86,68,,0.00,,
1965-08-18,80,66,,0.65,,
1965-08-19,79,60,,,,
1965-08-20,83,55,,,,
1965-08-21,80,60,,0.00,,
1965-08-22,76,63,,0.12,,
1965-08-23,77,59,,,,
1965-08-24,82,54,,,,
1965-08-25,86,66,,0.00,,
1965-08-26,86,64,,0.44,,
1965-08-27,84,64,,0.71,,
1965-08-28,68,49,,0.00,,
1965-08-29,73,44,,0.00,,
1965-08-30,80,59,,0.00,,
1965-08-31,75,54,,0.48,,
1965-09-01,,,,1.02,,
1965-09-02,,,,0.00,,
1965-09-03,,,,0.00,,
1965-09-04,,,,0.00,,
1965-09-05,,,,0.38,,
1965-09-06,,,,0.00,,
1965-09-07,,,,0.00,,
1965-09-08,,,,0.00,,
1965-09-09,,,,0.00,,
1965-09-10,,,,0.00,,
1965-09-11,,,,0.00,,
1965-09-12,,,,0.00,,
1965-09-13,,,,0.00,,
1965-09-14,,,,0.00,,
1965-09-15,,,,4.90,,
1965-09-16,,,,0.15,,
1965-09-17,,,,1.06,,
1965-09-18,,,,0.00,,
1965-09-19,,,,0.00,,
1965-09-20,,,,0.00,,
1965-09-21,,,,0.00,,
1965-09-22,,,,0.95,,
1965-09-23,,,,1.05,,
1965-09-24,,,,0.05,,
1965-09-25,,,,0.00,,
1965-09-26,,,,0.00,,
1965-09-27,,,,0.00,,
1965-09-28,,,,0.00,,
1965-09-29,,,,0.00,,
1965-09-30,,,,0.00,,
1965-10-01,59,46,,1.11,,
1965-10-02,72,43,,0.00,,
1965-10-03,62,43,,0.00,,
1965-10-04,58,38,,0.00,,
1965-10-05,64,36,,0.00,,
1965-10-06,72,46,,0.00,,
1965-10-07,66,50,,0.22,,
1965-10-08,62,50,,0.11,,
1965-10-09,58,52,,0.40,,
1965-10-10,68,48,,0.73,,
1965-10-11,66,46,,0.00,,
1965-10-12,61,40,,0.00,,
1965-10-13,69,44,,0.00,,
1965-10-14,73,47,,0.00,,
1965-10-15,77,60,,0.00,,
1965-10-16,82,57,,0.00,,
1965-10-17,82,56,,0.00,,
1965-10-18,81,55,,0.00,,
1965-10-19,76,50,,0.00,,
1965-10-20,70,62,,0.40,,
1965-10-21,64,58,,0.43,,
1965-10-22,54,50,,0.07,,
1965-10-23,54,40,,0.00,,
1965-10-24,50,34,,0.00,,
1965-10-25,62,33,,0.00,,
1965-10-26,61,36,,0.00,,
1965-10-27,62,36,,0.00,,
1965-10-28,52,33,,0.00,,
1965-10-29,56,28,,0.00,,
1965-10-30,70,42,,0.00,,
1965-10-31,62,44,,0.00,,
1965-11-01,,,,0.00,,
1965-11-02,,,,0.00,,
1965-11-03,,,,0.00,,
1965-11-04,,,,0.00,,
1965-11-05,,,,0.11,,
1965-11-06,,,,0.00,,
1965-11-07,,,,0.37,,
1965-11-08,,,,0.00,,
1965-11-09,,,,0.00,,
1965-11-10,,,,0.00,,
1965-11-11,,,,0.00,,
1965-11-12,,,,0.00,,
1965-11-13,,,,0.00,,
1965-11-14,,,,0.18,,
1965-11-15,,,,0.00,,
1965-11-16,,,,0.00,,
1965-11-17,,,,0.00,,
1965-11-18,,,,0.00,,
1965-11-19,,,,0.00,,
1965-11-20,,,,0.00,,
1965-11-21,,,,0.10,,
1965-11-22,,,,0.00,,
1965-11-23,,,,0.00,,
1965-11-24,,,,0.60,,
1965-11-25,,,,0.31,,
1965-11-26,,,,1.06,,
1965-11-27,,,,0.00,,
1965-11-28,,,,0.00,,
1965-11-29,,,,0.00,,
1965-12-01,44,26,,0.00,,
1965-12-02,47,36,,0.00,,
1965-12-03,50,40,,0.50,,
1965-12-04,39,34,,0.10,,
1965-12-05,52,39,,0.00,,
1965-12-06,38,32,,0.00,,
1965-12-07,40,22,,0.00,,
1965-12-08,50,31,,0.00,,
1965-12-09,56,30,,0.00,,
1965-12-10,52,48,,0.05,,
1965-12-11,57,52,,0.11,,
1965-12-12,56,43,,0.54,,
1965-12-13,44,36,,0.62,,
1965-12-14,38,35,,0.00,,
1965-12-15,34,30,,0.00,,
1965-12-16,33,26,,0.00,,
1965-12-17,36,31,,0.00,,
1965-12-18,38,25,,0.00,,
1965-12-19,35,20,,0.60,,
1965-12-20,35,32,,0.80,,
1965-12-21,38,33,,0.00,,
1965-12-22,54,36,,0.00,,
1965-12-23,56,46,,0.00,,
1965-12-24,55,50,,0.00,,
1965-12-25,54,28,,1.15,,
1965-12-26,35,,,0.00,,
1965-12-27,35,25,,0.00,,
1965-12-28,39,20,,0.00,,
1965-12-29,50,31,,0.00,,
1965-12-30,66,48,,0.00,,
1965-12-31,64,45,,0.00,,
1966-01-01,46,40,,0.46,,
1966-01-02,56,36,,0.00,,
1966-01-03,40,29,,0.00,,
1966-01-04,44,24,,0.00,,
1966-01-05,50,30,,0.00,,
1966-01-06,38,30,,0.00,,
1966-01-07,31,13,,0.00,,
1966-01-08,23,8,,0.00,,
1966-01-09,47,21,,0.00,,
1966-01-10,44,21,,0.00,,
1966-01-11,26,17,,0.00,,
1966-01-12,39,23,,0.00,,
1966-01-13,42,28,,0.00,,
1966-01-14,40,28,,0.00,,
1966-01-15,32,21,,0.00,,
1966-01-16,25,10,,0.00,,
1966-01-17,25,13,,0.00,,
1966-01-18,21,11,,0.00,,
1966-01-19,28,9,,0.00,,
1966-01-20,31,16,,0.00,,
1966-01-21,31,27,,0.00,,
1966-01-22,32,28,,0.00,,
1966-01-23,30,9,,0.00,,
1966-01-24,23,6,,0.00,,
1966-01-25,27,14,,0.00,,
1966-01-26,30,18,,0.00,,
1966-01-27,26,3,,0.00,,
1966-01-28,9,-2,,0.00,,
1966-01-29,10,-8,,0.00,,
1966-01-30,12,-9,,0.00,,
1966-01-31,29,8,,0.00,,
1966-02-01,20,16,,0.48,5.0,
1966-02-02,32,12,,0.00,1.0,6.0
1966-02-03,26,6,,0.00,0.0,5.0
1966-02-04,25,8,,0.00,,5.0
1966-02-05,26,3,,0.00,,5.0
1966-02-06,46,25,,0.00,,5.0
1966-02-07,52,38,,0.00,,
1966-02-08,54,36,,0.00,,
1966-02-09,60,46,,0.00,,
1966-02-10,57,44,,0.25,,
1966-02-11,45,32,,0.75,,
1966-02-12,47,29,,0.00,,
1966-02-13,56,36,,0.00,,
1966-02-14,38,29,,0.00,,
1966-02-15,36,15,,0.26,,
1966-02-16,38,21,,0.00,,
1966-02-17,33,15,,0.00,,
1966-02-18,51,26,,0.00,,
1966-02-19,26,15,,0.00,,
1966-02-20,26,10,,0.00,,
1966-02-21,32,12,,0.00,,
1966-02-22,36,17,,0.00,,
1966-02-23,40,21,,0.00,,
1966-02-24,40,26,,0.00,,
1966-02-25,42,27,,0.00,,
1966-02-26,46,26,,0.00,,
1966-02-27,44,30,,0.00,,
1966-02-28,37,32,,0.00,,
1966-03-01,50,32,,0.65,,
1966-03-02,62,32,,0.10,,
1966-03-03,62,44,,0.03,,
1966-03-04,56,30,,0.00,,
1966-03-05,30,24,,0.00,,
1966-03-06,28,23,,0.00,,
1966-03-07,32,20,,0.00,,
1966-03-08,44,18,,0.00,,
1966-03-09,50,34,,0.00,,
1966-03-10,62,42,,0.00,,
1966-03-11,67,46,,0.00,,
1966-03-12,56,46,,0.00,,
1966-03-13,50,42,,0.00,,
1966-03-14,60,42,,0.00,,
1966-03-15,64,36,,0.00,,
1966-03-16,66,34,,0.00,,
1966-03-17,72,40,,0.00,,
1966-03-18,62,48,,0.00,,
1966-03-19,48,40,,0.35,,
1966-03-20,58,30,,0.00,,
1966-03-21,69,50,,0.30,,
1966-03-22,72,60,,0.00,,
1966-03-23,56,30,,0.23,,
1966-03-24,32,26,,0.00,,
1966-03-25,45,20,,0.00,,
1966-03-26,41,32,,0.00,,
1966-03-27,41,21,,0.00,,
1966-03-28,48,21,,0.00,,
1966-03-29,51,26,,0.00,,
1966-03-30,52,33,,0.15,,
1966-03-31,57,26,,0.00,,
1966-04-01,58,42,,0.00,,
1966-04-02,53,38,,0.10,,
1966-04-03,50,36,,0.00,,
1966-04-04,46,32,,0.00,,
1966-04-05,45,38,,0.00,,
1966-04-06,44,38,,0.00,,
1966-04-07,44,38,,0.00,,
1966-04-08,48,32,,0.00,,
1966-04-09,50,46,,0.00,,
1966-04-10,50,28,,0.00,,
1966-04-11,46,42,,0.00,,
1966-04-12,54,40,,0.00,,
1966-04-13,62,40,,0.00,,
1966-04-14,62,38,,0.00,,
1966-04-15,58,40,,0.00,,
1966-04-16,64,34,,0.00,,
1966-04-17,68,34,,0.00,,
1966-04-18,78,58,,0.00,,
1966-04-19,70,60,,0.70,,
1966-04-20,76,58,,0.00,,
1966-04-21,58,48,,0.90,,
1966-04-22,68,42,,0.00,,
1966-04-23,70,54,,0.00,,
1966-04-24,64,54,,0.00,,
1966-04-25,74,50,,0.00,,
1966-04-26,74,48,,0.00,,
1966-04-27,54,44,,0.60,,
1966-04-28,65,47,,0.00,,
1966-04-29,67,46,,0.00,,
1966-04-30,55,34,,0.00,,
1966-05-01,57,26,,0.60,,
1966-05-02,59,31,,0.00,,
1966-05-03,62,42,,0.00,,
1966-05-04,67,33,,0.00,,
1966-05-05,87,54,,0.00,,
1966-05-06,38,30,,0.00,,
1966-05-07,70,52,,0.00,,
1966-05-08,65,50,,0.00,,
1966-05-09,64,39,,1.15,,
1966-05-10,75,45,,0.06,,
1966-05-11,80,45,,0.12,,
1966-05-12,60,46,,0.72,,
1966-05-13,50,46,,0.05,,
1966-05-14,62,48,,0.00,,
1966-05-15,66,46,,0.00,,
1966-05-16,74,54,,0.00,,
1966-05-17,70,52,,0.00,,
1966-05-18,70,52,,0.59,,
1966-05-19,70,50,,1.10,,
1966-05-20,76,52,,0.00,,
1966-05-21,72,56,,0.63,,
1966-05-22,78,50,,0.00,,
1966-05-23,82,56,,0.00,,
1966-05-24,70,56,,0.57,,
1966-05-25,80,50,,0.00,,
1966-05-26,86,54,,0.00,,
1966-05-27,90,60,,0.00,,
1966-05-28,78,52,,0.00,,
1966-05-29,70,46,,0.00,,
1966-05-30,68,46,,0.00,,
1966-05-31,70,42,,0.00,,
1966-06-01,,,,0.00,,
1966-06-02,,,,0.00,,
1966-06-03,,,,0.00,,
1966-06-04,,,,0.00,,
1966-06-05,,,,0.00,,
1966-06-06,,,,0.00,,
1966-06-07,,,,0.00,,
1966-06-08,,,,0.00,,
1966-06-09,,,,0.00,,
1966-06-10,,,,0.00,,
1966-06-11,,,,0.00,,
1966-06-12,,,,0.00,,
1966-06-13,,,,0.00,,
1966-06-14,,,,1.10,,
1966-06-15,,,,0.00,,
1966-06-16,,,,0.66,,
1966-06-17,,,,0.00,,
1966-06-18,,,,0.00,,
1966-06-19,,,,0.00,,
1966-06-20,,,,0.05,,
1966-06-21,,,,0.00,,
1966-06-22,,,,0.00,,
1966-06-23,,,,0.00,,
1966-06-24,,,,0.00,,
1966-06-25,,,,0.00,,
1966-06-26,,,,0.00,,
1966-06-27,,,,0.25,,
1966-06-28,,,,0.00,,
1966-06-29,,,,0.00,,
1966-06-30,,,,0.00,,
1966-07-01,94,68,,0.00,,
1966-07-02,,,,0.00,,
1966-07-03,96,70,,0.00,,
1966-07-04,90,70,,0.00,,
1966-07-05,96,66,,0.01,,
1966-07-06,90,70,,1.15,,
1966-07-07,86,64,,0.01,,
1966-07-08,88,66,,0.00,,
1966-07-09,89,68,,0.00,,
1966-07-10,88,66,,0.00,,
1966-07-11,98,68,,0.65,,
1966-07-12,99,78,,0.00,,
1966-07-13,99,72,,0.00,,
1966-07-14,86,70,,0.44,,
1966-07-15,82,68,,0.05,,
1966-07-16,90,58,,0.00,,
1966-07-17,94,66,,0.00,,
1966-07-18,94,64,,0.00,,
1966-07-19,90,66,,0.13,,
1966-07-20,80,60,,0.00,,
1966-07-21,84,54,,0.00,,
1966-07-22,89,56,,0.00,,
1966-07-23,92,66,,0.02,,
1966-07-24,92,70,,0.00,,
1966-07-25,94,70,,0.00,,
1966-07-26,90,68,,0.00,,
1966-07-27,86,72,,0.00,,
1966-07-28,92,70,,0.00,,
1966-07-29,80,66,,1.10,,
1966-07-30,86,64,,0.00,,
1966-07-31,88,61,,0.00,,
1966-08-01,88,56,,0.00,,
1966-08-02,90,60,,0.20,,
1966-08-03,76,50,,0.00,,
1966-08-04,90,60,,0.00,,
1966-08-05,89,54,,0.00,,
1966-08-06,89,58,,0.00,,
1966-08-07,90,58,,0.00,,
1966-08-08,88,64,,0.13,,
1966-08-09,84,64,,0.23,,
1966-08-10,72,60,,0.68,,
1966-08-11,80,60,,0.00,,
1966-08-12,79,64,,0.00,,
1966-08-13,88,66,,0.79,,
1966-08-14,88,72,,0.00,,
1966-08-15,83,64,,0.00,,
1966-08-16,88,59,,0.00,,
1966-08-17,89,60,,0.00,,
1966-08-18,92,64,,0.85,,
1966-08-19,79,66,,1.25,,
1966-08-20,78,66,,0.00,,
1966-08-21,90,70,,0.05,,
1966-08-22,82,62,,0.00,,
1966-08-23,78,56,,0.00,,
1966-08-24,80,52,,0.00,,
1966-08-25,80,54,,0.00,,
1966-08-26,87,56,,0.00,,
1966-08-27,90,62,,0.00,,
1966-08-28,90,65,,0.00,,
1966-08-29,89,58,,0.00,,
1966-08-30,90,64,,0.00,,
1966-08-31,89,66,,0.00,,
1966-09-01,93,62,,0.00,,
1966-09-02,92,66,,0.00,,
1966-09-03,90,64,,0.00,,
1966-09-04,90,70,,0.05,,
1966-09-05,83,54,,0.00,,
1966-09-06,79,54,,0.00,,
1966-09-07,84,50,,0.00,,
1966-09-08,84,50,,0.00,,
1966-09-09,86,56,,0.00,,
1966-09-10,88,58,,0.00,,
1966-09-11,88,58,,0.00,,
1966-09-12,89,56,,0.00,,
1966-09-13,88,56,,0.00,,
1966-09-14,82,60,,0.00,,
1966-09-15,70,52,,0.46,,
1966-09-16,78,44,,0.00,,
1966-09-17,80,50,,0.00,,
1966-09-18,84,52,,0.00,,
1966-09-19,66,62,,0.21,,
1966-09-20,62,60,,1.72,,
1966-09-21,66,60,,2.09,,
1966-09-22,75,55,,0.02,,
1966-09-23,74,50,,0.00,,
1966-09-24,70,44,,0.00,,
1966-09-25,60,48,,0.24,,
1966-09-26,70,46,,0.27,,
1966-09-27,68,54,,0.16,,
1966-09-28,72,47,,0.07,,
1966-09-29,72,56,,0.02,,
1966-09-30,58,44,,0.00,,
1966-10-01,62,40,,0.00,,
1966-10-02,68,40,,0.00,,
1966-10-03,72,48,,0.00,,
1966-10-04,68,52,,0.00,,
1966-10-05,64,42,,0.00,,
1966-10-06,68,35,,0.00,,
1966-10-07,70,50,,0.00,,
1966-10-08,68,52,,0.00,,
1966-10-09,70,50,,0.00,,
1966-10-10,70,46,,0.00,,
1966-10-11,70,47,,0.14,,
1966-10-12,76,40,,0.00,,
1966-10-13,69,60,,0.00,,
1966-10-14,72,64,,0.00,,
1966-10-15,71,48,,0.00,,
1966-10-16,72,43,,0.00,,
1966-10-17,60,42,,0.00,,
1966-10-18,48,46,,0.53,,
1966-10-19,52,38,,0.03,,
1966-10-20,68,34,,0.08,,
1966-10-21,66,44,,0.12,,
1966-10-22,64,42,,0.00,,
1966-10-23,64,43,,0.00,,
1966-10-24,66,33,,0.00,,
1966-10-25,57,32,,0.00,,
1966-10-26,62,32,,0.00,,
1966-10-27,66,32,,0.00,,
1966-10-28,76,46,,0.00,,
1966-10-29,54,40,,0.00,,
1966-10-30,58,30,,0.00,,
1966-10-31,62,46,,0.00,,
1966-11-01,46,36,,0.00,,
1966-11-02,38,28,,0.00,,
1966-11-03,38,24,,0.50,,
1966-11-04,53,25,,0.00,,
1966-11-05,52,32,,0.00,,
1966-11-06,44,36,,0.00,,
1966-11-07,68,48,,0.00,,
1966-11-08,66,59,,0.00,,
1966-11-09,68,59,,0.00,,
1966-11-10,62,36,,0.85,,
1966-11-11,44,32,,0.00,,
1966-11-12,42,31,,0.00,,
1966-11-13,52,29,,0.00,,
1966-11-14,54,28,,0.00,,
1966-11-15,57,29,,0.00,,
1966-11-16,65,45,,0.00,,
1966-11-17,68,53,,0.00,,
1966-11-18,61,35,,0.00,,
1966-11-19,39,30,,0.00,,
1966-11-20,43,27,,0.00,,
1966-11-21,55,32,,0.00,,
1966-11-22,57,44,,0.00,,
1966-11-23,65,49,,0.00,,
1966-11-24,66,54,,0.00,,
1966-11-25,58,38,,0.48,,
1966-11-26,60,36,,0.12,,
1966-11-27,60,38,,3.00,,
1966-11-28,38,32,,0.70,,
1966-11-29,40,28,,0.00,,
1966-11-30,38,28,,0.00,,
1966-12-01,34,15,,0.09,,
1966-12-02,20,8,,0.00,,
1966-12-03,27,5,,0.00,,
1966-12-04,39,18,,0.00,,
1966-12-05,42,38,,0.48,,
1966-12-06,57,42,,0.50,,
1966-12-07,64,57,,1.00,,
1966-12-08,65,43,,1.70,,
1966-12-09,37,32,,1.45,,
1966-12-10,34,32,,0.23,,
1966-12-11,34,30,,0.00,,
1966-12-12,33,29,,0.00,,
1966-12-13,31,27,,0.00,,
1966-12-14,37,26,,0.00,,
1966-12-15,40,30,,0.00,,
1966-12-16,36,34,,0.00,,
1966-12-17,50,33,,0.00,,
1966-12-18,42,33,,0.00,,
1966-12-19,45,33,,0.00,,
1966-12-20,42,37,,0.00,,
1966-12-21,44,35,,0.00,,
1966-12-22,35,27,,0.00,,
1966-12-23,29,22,,0.00,,
1966-12-24,,,,0.00,,
1966-12-25,30,19,,0.00,,
1966-12-26,31,13,,0.00,,
1966-12-27,33,15,,0.00,,
1966-12-28,39,26,,1.00,,
1966-12-29,30,20,,0.25,,
1966-12-30,35,15,,0.00,,
1966-12-31,33,24,,0.00,,
1967-01-01,42,31,,0.00,,
1967-01-02,40,22,,0.00,,
1967-01-03,35,19,,0.00,,
1967-01-04,34,13,,0.15,0.0,
1967-01-05,34,27,,0.30,0.0,
1967-01-06,43,27,,0.00,,
1967-01-07,42,26,,0.00,,
1967-01-08,26,21,,0.00,,
1967-01-09,34,18,,0.00,,
1967-01-10,30,17,,0.00,,
1967-01-11,32,13,,0.00,,
1967-01-12,45,30,,0.00,,
1967-01-13,44,30,,0.00,,
1967-01-14,40,32,,0.00,,
1967-01-15,32,15,,0.00,,
1967-01-16,37,15,,0.00,,
1967-01-17,34,4,,0.00,,
1967-01-18,16,3,,0.00,,
1967-01-19,30,12,,0.00,,
1967-01-20,46,23,,0.00,,
1967-01-21,51,39,,0.00,,
1967-01-22,58,45,,0.00,,
1967-01-23,59,48,,0.00,,
1967-01-24,66,44,,0.00,,
1967-01-25,55,32,,0.20,,
1967-01-26,34,32,,0.30,,
1967-01-27,33,21,,1.30,,
1967-01-28,29,16,,0.00,,
1967-01-29,34,22,,0.00,,
1967-01-30,34,29,,0.20,0.0,
1967-01-31,34,26,,0.00,,
1967-02-01,38,32,,0.00,,
1967-02-02,35,30,,1.80,,
1967-02-03,33,23,,,,
1967-02-04,39,30,,,,
1967-02-05,38,23,,,,
1967-02-06,21,5,,0.60,0.0,
1967-02-07,17,-2,,,,
1967-02-08,29,-5,,,,
1967-02-09,43,19,,,,
1967-02-10,46,34,,,,
1967-02-11,33,13,,,,
1967-02-12,30,8,,,,
1967-02-13,51,19,,,,
1967-02-14,60,39,,,,
1967-02-15,57,21,,,,
1967-02-16,22,11,,0.10,,
1967-02-17,32,22,,,,
1967-02-18,40,22,,,,
1967-02-19,46,28,,,,
1967-02-20,35,19,,,,
1967-02-21,29,10,,,,
1967-02-22,39,23,,,,
1967-02-23,22,11,,,,
1967-02-24,10,-1,,0.40,0.0,
1967-02-25,22,-2,,,,
1967-02-26,36,9,,0.00,,
1967-02-27,38,30,,0.70,0.0,
1967-02-28,36,28,,0.20,0.0,
1967-03-01,37,15,,0.00,,
1967-03-02,59,35,,,,
1967-03-03,44,33,,,,
1967-03-04,33,32,,0.00,,
1967-03-05,,,,0.71,,
1967-03-06,38,28,,0.64,1.0,
1967-03-07,36,19,,,,
1967-03-08,34,18,,0.65,1.0,
1967-03-09,48,19,,0.00,,
1967-03-10,68,38,,,,
1967-03-11,59,41,,,,
1967-03-12,45,38,,0.40,,
1967-03-13,58,42,,0.00,,
1967-03-14,48,39,,0.20,,
1967-03-15,39,28,,0.00,,
1967-03-16,43,23,,0.00,,
1967-03-17,28,20,,,,
1967-03-18,38,19,,,,
1967-03-19,45,27,,,,
1967-03-20,43,33,,0.90,,
1967-03-21,43,36,,0.30,,
1967-03-22,52,32,,,,
1967-03-23,53,38,,,,
1967-03-24,53,38,,,,
1967-03-25,75,43,,0.00,,
1967-03-26,67,48,,0.00,,
1967-03-27,61,48,,0.20,,
1967-03-28,54,46,,0.00,,
1967-03-29,70,47,,,,
1967-03-30,80,50,,,,
1967-03-31,80,40,,,,
1967-04-01,75,58,,0.00,,
1967-04-02,77,59,,,,
1967-04-03,62,45,,0.00,,
1967-04-04,60,34,,0.00,,
1967-04-05,70,52,,0.70,,
1967-04-06,79,51,,0.20,,
1967-04-07,51,34,,0.00,,
1967-04-08,56,32,,,,
1967-04-09,81,51,,1.20,,
1967-04-10,60,35,,0.40,,
1967-04-11,56,34,,,,
1967-04-12,61,33,,,,
1967-04-13,75,50,,0.25,,
1967-04-14,78,62,,0.42,,
1967-04-15,80,60,,,,
1967-04-16,83,60,,,,
1967-04-17,69,49,,,,
1967-04-18,49,41,,,,
1967-04-19,62,34,,,,
1967-04-20,61,41,,0.00,,
1967-04-21,74,59,,0.05,,
1967-04-22,59,46,,,,
1967-04-23,56,34,,0.40,,
1967-04-24,43,33,,,,
1967-04-25,53,31,,,,
1967-04-26,48,41,,,,
1967-04-27,59,34,,0.10,,
1967-04-28,67,34,,,,
1967-04-29,59,45,,0.10,,
1967-04-30,73,54,,0.00,,
1967-05-01,76,57,,0.10,,
1967-05-02,55,40,,0.50,,
1967-05-03,64,33,,0.25,,
1967-05-04,62,43,,,,
1967-05-05,59,43,,,,
1967-05-06,49,43,,0.20,,
1967-05-07,74,43,,1.70,,
1967-05-08,70,50,,0.10,,
1967-05-09,80,43,,0.00,,
1967-05-10,80,44,,,,
1967-05-11,68,44,,0.80,,
1967-05-12,62,44,,0.00,,
1967-05-13,70,50,,,,
1967-05-14,58,50,,,,
1967-05-15,78,50,,0.00,,
1967-05-16,88,,,0.00,,
1967-05-17,84,46,,,,
1967-05-18,92,52,,0.05,,
1967-05-19,85,56,,0.05,,
1967-05-21,92,40,,0.00,,
1967-05-22,82,48,,,,
1967-05-23,92,40,,,,
1967-05-24,104,54,,,,
1967-05-25,110,56,,0.00,,
1967-05-26,109,62,,,,
1967-05-27,100,58,,,,
1967-05-28,90,54,,,,
1967-05-29,70,56,,0.00,,
1967-05-30,,,,0.10,,
1967-05-31,82,54,,0.10,,
1967-06-01,82,54,,,,
1967-06-02,96,50,,,,
1967-06-03,98,60,,,,
1967-06-04,104,56,,,,
1967-06-05,100,60,,,,
1967-06-06,96,68,,0.02,,
1967-06-07,98,68,,,,
1967-06-08,100,70,,,,
1967-06-09,103,61,,,,
1967-06-10,96,64,,0.10,,
1967-06-11,102,66,,0.50,,
1967-06-12,100,68,,,,
1967-06-13,98,68,,,,
1967-06-14,104,68,,,,
1967-06-15,106,68,,,,
1967-06-16,102,70,,,,
1967-06-17,101,66,,,,
1967-06-18,96,66,,,,
1967-06-19,100,62,,0.00,,
1967-06-20,104,68,,,,
1967-06-21,80,66,,0.00,,
1967-06-22,98,62,,0.75,,
1967-06-23,100,60,,,,
1967-06-24,90,60,,,,
1967-06-25,87,57,,,,
1967-06-26,105,52,,,,
1967-06-27,104,56,,,,
1967-06-28,100,64,,0.00,,
1967-06-29,90,60,,,,
1967-06-30,100,60,,,,
1967-07-01,110,68,,,,
1967-07-02,98,62,,,,
1967-07-03,92,56,,,,
1967-07-04,92,59,,0.20,,
1967-07-05,100,56,,,,
1967-07-06,94,58,,,,
1967-07-07,100,64,,,,
1967-07-08,109,66,,,,
1967-07-09,90,64,,,,
1967-07-10,104,72,,0.00,,
1967-07-11,110,68,,,,
1967-07-12,98,68,,,,
1967-07-13,78,60,,,,
1967-07-14,76,54,,,,
1967-07-15,70,56,,,,
1967-07-16,84,50,,,,
1967-07-17,88,64,,,,
1967-07-18,84,60,,,,
1967-07-19,90,60,,,,
1967-07-20,89,61,,,,
1967-07-21,86,64,,,,
1967-07-22,92,64,,,,
1967-07-23,90,70,,,,
1967-07-24,88,70,,0.20,,
1967-07-25,88,68,,0.00,,
1967-07-26,92,64,,,,
1967-07-27,84,69,,,,
1967-07-28,80,68,,,,
1967-07-29,86,53,,,,
1967-07-30,88,64,,,,
1967-07-31,90,68,,0.00,,
1967-08-01,90,66,,,,
1967-08-02,92,70,,0.00,,
1967-08-03,82,68,,,,
1967-08-04,80,62,,,,
1967-08-05,86,57,,,,
1967-08-06,82,60,,,,
1967-08-07,86,68,,0.02,,
1967-08-08,86,70,,,,
1967-08-09,82,66,,0.15,,
1967-08-10,72,58,,,,
1967-08-11,76,50,,,,
1967-08-12,82,48,,,,
1967-08-13,84,50,,,,
1967-08-14,84,54,,,,
1967-08-15,88,58,,,,
1967-08-16,89,60,,,,
1967-08-17,88,64,,,,
1967-08-18,86,68,,,,
1967-08-19,80,62,,0.48,,
1967-08-20,84,60,,0.13,,
1967-08-21,82,61,,,,
1967-08-22,80,59,,,,
1967-08-23,75,59,,,,
1967-08-24,82,58,,,,
1967-08-25,86,62,,,,
1967-08-26,84,62,,,,
1967-08-27,66,56,,0.22,,
1967-08-28,77,60,,,,
1967-08-29,72,61,,,,
1967-08-30,74,60,,,,
1967-08-31,70,50,,,,
1967-09-18,,,,0.00,,
1967-09-19,,,,0.00,,
1967-09-20,,,,0.08,,
1967-09-21,,,,0.06,,
1967-09-26,,,,0.58,,
1967-09-27,,,,0.24,,
1967-10-01,80,47,,,,
1967-10-02,84,62,,,,
1967-10-03,84,60,,,,
1967-10-04,88,64,,,,
1967-10-05,70,62,,0.11,,
1967-10-06,66,52,,0.00,,
1967-10-07,70,48,,0.00,,
1967-10-08,66,50,,0.28,,
1967-10-09,52,48,,,,
1967-10-10,48,40,,,,
1967-10-11,58,44,,,,
1967-10-12,64,31,,,,
1967-10-13,64,46,,0.30,,
1967-10-14,72,54,,0.08,,
1967-10-15,80,52,,0.27,,
1967-10-16,66,55,,1.05,,
1967-10-17,58,52,,0.27,,
1967-10-18,52,44,,,,
1967-10-19,57,37,,,,
1967-10-20,63,36,,,,
1967-10-21,62,36,,,,
1967-10-22,70,36,,,,
1967-10-23,75,46,,,,
1967-10-24,72,42,,0.62,,
1967-10-25,47,40,,,,
1967-10-26,52,34,,0.31,,
1967-10-27,51,38,,0.05,,
1967-10-28,46,34,,,,
1967-10-29,63,35,,,,
1967-10-30,66,54,,0.38,,
1967-10-31,58,53,,0.57,,
1967-11-01,60,45,,0.28,,
1967-11-02,55,43,,0.00,,
1967-11-03,48,38,,0.00,,
1967-11-04,36,30,,0.00,,
1967-11-05,36,31,,0.00,,
1967-11-06,41,30,,,,
1967-11-07,44,32,,,,
1967-11-08,50,24,,,,
1967-11-09,63,40,,,,
1967-11-10,60,52,,,,
1967-11-11,56,52,,,,
1967-11-12,54,40,,,,
1967-11-13,39,34,,,,
1967-11-14,44,34,,,,
1967-11-15,38,27,,,,
1967-11-16,46,28,,,,
1967-11-17,50,42,,1.15,,
1967-11-18,46,40,,0.00,,
1967-11-19,44,31,,0.00,,
1967-11-20,38,34,,0.00,,
1967-11-21,49,37,,,,
1967-11-22,42,34,,,,
1967-11-23,37,34,,,,
1967-11-24,44,34,,,,
1967-11-25,54,38,,,,
1967-11-26,50,35,,,,
1967-11-27,34,26,,,,
1967-11-28,40,22,,,,
1967-11-29,41,21,,,,
1967-11-30,40,34,,,,3.0
1967-12-01,36,34,,,,
1967-12-02,44,34,,,,
1967-12-03,40,30,,1.80,,
1967-12-04,44,25,,,,
1967-12-05,48,40,,0.25,,
1967-12-06,51,42,,0.80,,
1967-12-07,54,43,,,,
1967-12-08,47,42,,,,
1967-12-09,44,41,,,,
1967-12-10,44,42,,0.44,,
1967-12-11,50,42,,0.66,,
1967-12-12,46,40,,0.70,,
1967-12-13,44,37,,0.00,,
1967-12-14,49,30,,0.00,,
1967-12-15,30,24,,0.00,,
1967-12-16,38,23,,0.00,,
1967-12-17,44,28,,0.00,,
1967-12-18,55,40,,0.00,,
1967-12-19,46,30,,,,
1967-12-20,56,34,,1.20,,
1967-12-21,64,26,,,,
1967-12-22,27,19,,1.70,,
1967-12-23,28,14,,0.00,,
1967-12-24,38,26,,,,
1967-12-25,37,18,,,,
1967-12-26,18,10,,0.48,,
1967-12-27,26,8,,,,
1967-12-28,29,16,,0.16,,
1967-12-29,27,12,,,,
1967-12-30,30,10,,0.00,,
1967-12-31,31,-10,,0.00,,
1968-01-01,19,-12,,0.00,,
1968-01-02,32,14,,0.00,,
1968-01-03,26,8,,0.00,,
1968-01-04,11,0,,0.00,,
1968-01-05,28,-2,,0.00,,
1968-01-06,28,-7,,0.00,,
1968-01-07,6,-4,,0.00,,
1968-01-08,18,-11,,0.00,,
1968-01-09,24,18,,0.12,,
1968-01-10,28,14,,0.02,,
1968-01-11,29,16,,0.00,,
1968-01-12,29,14,,0.00,,
1968-01-13,30,16,,0.25,,
1968-01-14,24,4,,0.44,,
1968-01-15,26,12,,1.30,,
1968-01-16,35,16,,0.00,,
1968-01-17,16,10,,0.00,,
1968-01-18,33,16,,0.00,,
1968-01-19,36,32,,0.00,,
1968-01-20,40,30,,0.00,,
1968-01-21,48,29,,0.00,,
1968-01-22,42,34,,0.00,,
1968-01-23,38,19,,0.00,,
1968-01-24,23,16,,0.00,,
1968-01-25,33,12,,0.00,,
1968-01-26,46,26,,0.00,,
1968-01-27,50,40,,0.00,,
1968-01-28,51,46,,0.00,,
1968-01-29,53,40,,0.30,,
1968-01-30,48,41,,0.04,,
1968-01-31,52,38,,0.30,,
1968-02-01,61,46,,0.25,,
1968-02-02,46,31,,1.00,,
1968-02-03,40,26,,0.00,,
1968-02-04,44,28,,0.00,,
1968-02-05,47,28,,0.00,,
1968-02-06,49,22,,0.00,,
1968-02-07,42,28,,0.25,,1.0
1968-02-08,32,28,,0.16,,
1968-02-09,32,9,,0.00,,
1968-02-10,18,4,,0.00,,
1968-02-11,23,6,,0.00,,
1968-02-12,22,13,,0.00,,
1968-02-13,30,10,,0.00,,
1968-02-14,31,15,,0.00,,
1968-02-15,38,21,,0.00,,
1968-02-16,48,22,,0.00,,
1968-02-17,29,8,,0.00,,
1968-02-18,32,11,,0.00,,
1968-02-19,36,10,,0.00,,
1968-02-20,34,8,,0.21,,1.0
1968-02-21,20,4,,0.00,,
1968-02-22,30,5,,0.00,,
1968-02-23,39,10,,0.00,,
1968-02-24,38,16,,0.00,,
1968-02-25,42,18,,0.00,,
1968-02-26,44,16,,0.00,,
1968-02-27,36,32,,0.00,,
1968-02-28,36,26,,0.20,,1.0
1968-02-29,28,20,,0.00,,
1968-03-01,44,18,,0.00,,
1968-03-02,40,22,,,,
1968-03-03,43,17,,,,
1968-03-04,58,27,,,,
1968-03-05,55,33,,,,
1968-03-06,49,30,,,,
1968-03-07,57,23,,0.00,,
1968-03-08,64,34,,,,
1968-03-09,62,48,,0.00,,
1968-03-10,48,32,,,,
1968-03-11,46,32,,,,
1968-03-12,38,22,,0.52,3.0,
1968-03-13,34,12,,,,
1968-03-14,38,25,,,,
1968-03-15,50,38,,,,
1968-03-16,62,36,,,,
1968-03-17,68,31,,,,
1968-03-18,78,54,,,,
1968-03-19,56,40,,,,
1968-03-20,40,32,,,,
1968-03-21,33,29,,,,
1968-03-22,36,27,,,,
1968-03-23,56,33,,,,
1968-03-24,66,37,,,,
1968-03-25,57,32,,,,
1968-03-26,76,46,,,,
1968-03-27,75,52,,,,
1968-03-28,79,53,,0.00,,
1968-03-29,76,52,,0.25,,
1968-03-30,78,42,,,,
1968-03-31,65,40,,,,
1968-04-01,60,36,,,,
1968-04-02,63,37,,,,
1968-04-03,62,52,,,,
1968-04-04,64,37,,1.10,,
1968-04-05,43,34,,,,
1968-04-06,59,30,,,,
1968-04-07,73,36,,,,
1968-04-08,70,48,,,,
1968-04-09,69,44,,,,
1968-04-10,62,42,,,,
1968-04-11,74,35,,,,
1968-04-12,80,52,,,,
1968-04-13,75,57,,,,
1968-04-14,70,44,,,,
1968-04-15,66,38,,0.42,,
1968-04-16,74,42,,0.18,,
1968-04-17,64,54,,,,
1968-04-18,60,48,,,,
1968-04-19,70,46,,,,
1968-04-20,78,58,,,,
1968-04-21,72,54,,,,
1968-04-22,79,50,,,,
1968-04-23,72,46,,,,
1968-04-24,46,38,,,,
1968-04-25,62,38,,,,
1968-04-26,55,42,,0.11,,
1968-04-27,70,38,,0.05,,
1968-04-28,73,41,,,,
1968-04-29,72,46,,,,
1968-04-30,78,52,,,,
1968-05-01,78,49,,,,
1968-05-02,87,40,,,,
1968-05-03,74,54,,0.09,,
1968-05-04,72,42,,,,
1968-05-05,60,38,,,,
1968-05-06,71,32,,,,
1968-05-07,80,48,,,,
1968-05-08,82,63,,,,
1968-05-09,70,50,,,,
1968-05-10,63,43,,0.30,,
1968-05-11,58,55,,0.09,,
1968-05-12,77,54,,,,
1968-05-13,78,54,,,,
1968-05-14,84,62,,0.08,,
1968-05-15,80,65,,0.56,,
1968-05-16,72,55,,,,
1968-05-17,64,46,,,,
1968-05-18,66,40,,,,
1968-05-19,59,42,,0.21,,
1968-05-20,64,42,,0.14,,
1968-05-21,70,44,,,,
1968-05-22,70,44,,,,
1968-05-23,64,52,,1.10,,
1968-05-24,68,56,,1.08,,
1968-05-25,70,53,,0.18,,
1968-05-26,72,60,,0.20,,
1968-05-27,60,54,,0.45,,
1968-05-28,66,53,,,,
1968-05-29,74,53,,,,
1968-05-30,80,50,,,,
1968-05-31,74,52,,,,
1968-06-01,74,61,,0.90,,
1968-06-02,82,54,,0.52,,
1968-06-03,88,60,,,,
1968-06-04,88,65,,,,
1968-06-05,88,60,,,,
1968-06-06,90,67,,,,
1968-06-07,92,66,,,,
1968-06-08,93,68,,,,
1968-06-09,93,70,,,,
1968-06-10,93,68,,,,
1968-06-11,98,79,,,,
1968-06-12,88,70,,,,
1968-06-13,72,63,,,,
1968-06-14,86,54,,,,
1968-06-15,84,61,,,,
1968-06-16,76,62,,,,
1968-06-17,80,54,,,,
1968-06-18,80,57,,,,
1968-06-19,84,56,,,,
1968-06-20,86,66,,,,
1968-06-21,86,57,,,,
1968-06-22,90,64,,,,
1968-06-23,88,71,,,,
1968-06-24,92,64,,,,
1968-06-25,88,72,,0.66,,
1968-06-26,78,65,,,,
1968-06-27,78,59,,0.10,,
1968-06-28,62,56,,,,
1968-06-29,84,58,,,,
1968-06-30,90,71,,,,
1968-07-01,82,66,,,,
1968-07-02,76,58,,,,
1968-07-03,78,50,,,,
1968-07-04,85,50,,,,
1968-07-05,86,61,,,,
1968-07-06,88,57,,,,
1968-07-07,91,58,,,,
1968-07-08,90,64,,,,
1968-07-09,90,66,,,,
1968-07-10,74,62,,0.08,,
1968-07-11,86,62,,,,
1968-07-12,92,68,,,,
1968-07-13,92,69,,,,
1968-07-14,90,70,,,,
1968-07-15,90,70,,,,
1968-07-16,92,69,,,,
1968-07-17,91,72,,,,
1968-07-18,82,72,,,,
1968-07-19,85,68,,,,
1968-07-20,84,63,,,,
1968-07-21,92,68,,,,
1968-07-22,91,70,,,,
1968-07-23,85,69,,,,
1968-07-24,80,71,,,,
1968-07-25,75,71,,1.20,,
1968-07-26,84,69,,,,
1968-07-27,82,70,,,,
1968-07-28,80,71,,,,
1968-07-29,73,58,,,,
1968-07-30,83,59,,,,
1968-07-31,80,64,,,,
1968-08-01,79,62,,0.06,,
1968-08-02,80,57,,,,
1968-08-03,84,66,,,,
1968-08-04,86,68,,,,
1968-08-05,90,70,,,,
1968-08-06,90,73,,,,
1968-08-07,90,72,,,,
1968-08-08,90,69,,,,
1968-08-09,88,68,,,,
1968-08-10,74,61,,0.55,,
1968-08-11,76,56,,,,
1968-08-12,82,54,,,,
1968-08-13,82,66,,,,
1968-08-14,87,70,,,,
1968-08-15,88,68,,,,
1968-08-16,88,74,,,,
1968-08-17,86,68,,1.95,,
1968-08-18,90,66,,,,
1968-08-19,90,74,,,,
1968-08-20,91,74,,,,
1968-08-21,92,72,,,,
1968-08-22,90,73,,,,
1968-08-23,91,72,,,,
1968-08-24,88,70,,,,
1968-08-25,76,59,,,,
1968-08-26,72,56,,,,
1968-08-27,86,49,,,,
1968-08-28,80,50,,,,
1968-08-29,80,54,,,,
1968-08-30,80,53,,,,
1968-08-31,82,59,,,,
1968-09-01,76,60,,,,
1968-09-02,81,54,,0.18,,
1968-09-03,87,68,,,,
1968-09-04,73,63,,0.05,,
1968-09-05,78,58,,,,
1968-09-06,78,53,,,,
1968-09-07,80,49,,,,
1968-09-08,82,59,,,,
1968-09-09,76,66,,,,
1968-09-10,61,58,,,,
1968-09-11,70,50,,0.09,,
1968-09-12,80,44,,,,
1968-09-13,84,52,,,,
1968-09-14,85,54,,,,
1968-09-15,85,58,,,,
1968-09-16,80,63,,,,
1968-09-17,75,65,,,,
1968-09-18,72,59,,0.23,,
1968-09-19,68,57,,0.11,,
1968-09-20,84,60,,0.15,,
1968-09-21,86,61,,,,
1968-09-22,86,68,,,,
1968-09-23,84,66,,,,
1968-09-24,73,62,,,,
1968-09-25,70,48,,,,
1968-09-26,78,46,,,,
1968-09-27,78,46,,,,
1968-09-28,73,53,,,,
1968-09-29,76,48,,,,
1968-09-30,83,48,,,,
1968-10-01,80,59,,0.00,,
1968-10-02,76,67,,0.00,,
1968-10-03,64,43,,0.00,,
1968-10-04,59,38,,0.00,,
1968-10-05,68,32,,0.00,,
1968-10-06,64,50,,0.00,,
1968-10-07,68,46,,0.18,,
1968-10-08,72,41,,0.00,,
1968-10-09,73,50,,0.00,,
1968-10-10,66,45,,0.36,,
1968-10-11,74,42,,0.00,,
1968-10-12,75,52,,0.00,,
1968-10-13,80,58,,0.00,,
1968-10-14,84,64,,0.00,,
1968-10-15,82,61,,0.00,,
1968-10-16,79,59,,0.00,,
1968-10-17,65,48,,0.00,,
1968-10-18,65,48,,0.28,,
1968-10-19,70,43,,0.00,,
1968-10-20,68,39,,0.00,,
1968-10-21,72,36,,0.00,,
1968-10-22,61,48,,0.00,,
1968-10-23,62,41,,0.05,,
1968-10-24,54,43,,0.00,,
1968-10-25,49,39,,0.07,,
1968-10-26,61,32,,0.00,,
1968-10-27,57,44,,0.00,,
1968-10-28,46,40,,0.00,,
1968-10-29,52,34,,0.00,,
1968-10-30,61,30,,0.00,,
1968-10-31,78,43,,0.00,,
1968-11-01,74,56,,0.08,,
1968-11-02,63,45,,,,
1968-11-03,60,48,,,,
1968-11-04,59,48,,,,
1968-11-05,60,51,,,,
1968-11-06,52,46,,0.05,,
1968-11-07,46,40,,0.45,,
1968-11-08,42,34,,,,
1968-11-09,40,33,,,,
1968-11-10,42,33,,,,
1968-11-11,40,31,,,,
1968-11-12,40,32,,,,
1968-11-13,40,25,,,,
1968-11-14,54,40,,,,
1968-11-15,58,42,,,,
1968-11-16,50,44,,,,
1968-11-17,48,40,,,,
1968-11-18,40,33,,,,
1968-11-19,38,31,,,,
1968-11-20,32,28,,,,
1968-11-21,52,30,,,,
1968-11-22,57,35,,,,
1968-11-23,61,42,,,,
1968-11-24,54,42,,,,
1968-11-25,48,32,,,,
1968-11-26,58,43,,,,
1968-11-27,45,41,,,,
1968-11-28,61,40,,,,
1968-11-29,42,33,,,,
1968-11-30,41,29,,,,
1968-12-01,41,33,,,,
1968-12-02,49,40,,,,
1968-12-03,50,40,,,,
1968-12-04,44,36,,,,
1968-12-05,44,29,,,,
1968-12-06,33,22,,,,
1968-12-07,31,21,,,,
1968-12-08,32,18,,,,
1968-12-09,39,20,,,,
1968-12-10,38,30,,,,
1968-12-11,51,29,,,,
1968-12-12,55,48,,,,
1968-12-13,52,22,,,,
1968-12-14,25,15,,,,
1968-12-15,25,19,,,,
1968-12-16,34,20,,,,
1968-12-17,40,19,,,,
1968-12-18,47,35,,,,
1968-12-19,50,33,,,,
1968-12-20,35,32,,,,
1968-12-21,36,31,,,,
1968-12-22,48,30,,,,
1968-12-23,30,20,,,,
1968-12-24,23,15,,,,
1968-12-25,21,10,,,,
1968-12-26,40,22,,,,
1968-12-27,50,40,,,,
1968-12-28,50,28,,,,
1968-12-29,30,26,,,,
1968-12-30,38,23,,,,
1968-12-31,33,7,,,,
1969-01-01,55,46,,,,
1969-01-02,66,47,,,,
1969-01-03,56,46,,,,
1969-01-05,56,38,,,,
1969-01-06,56,42,,,,
1969-01-07,65,46,,,,
1969-01-08,56,47,,,,
1969-01-09,61,46,,,,
1969-01-10,65,45,,,,
1969-01-11,55,46,,,,
1969-01-12,56,41,,,,
1969-01-13,52,38,,,,
1969-01-14,55,40,,,,
1969-01-15,58,48,,,,
1969-01-16,59,50,,,,
1969-01-17,55,44,,,,
1969-01-18,66,47,,,,
1969-01-19,65,45,,,,
1969-01-20,55,40,,,,
1969-01-21,62,45,,,,
1969-01-22,64,55,,,,
1969-01-23,63,59,,,,
1969-01-24,70,55,,,,
1969-01-25,65,58,,,,
1969-01-26,65,58,,,,
1969-01-27,80,51,,,,
1969-01-28,86,45,,,,
1969-01-29,77,45,,1.00,,
1969-01-30,72,48,,0.95,,
1969-01-31,75,40,,,,
1969-02-01,38,23,,,,
1969-02-02,40,28,,,,
1969-02-03,31,19,,,,
1969-02-04,43,18,,,,
1969-02-05,41,29,,,,
1969-02-06,40,32,,,,
1969-02-07,40,32,,,,
1969-02-08,39,33,,,,
1969-02-09,40,29,,,,
1969-02-10,39,22,,,,
1969-02-11,39,22,,,,
1969-02-12,29,20,,,,
1969-02-13,32,12,,,,
1969-02-14,32,18,,,,
1969-02-15,32,23,,,,
1969-02-16,39,23,,,,
1969-02-17,40,30,,,,
1969-02-18,43,23,,,,
1969-02-19,40,28,,,,
1969-02-20,43,21,,,,
1969-02-21,50,32,,,,
1969-02-22,50,36,,,,
1969-02-23,42,36,,,,
1969-02-24,40,33,,,,
1969-02-25,40,32,,,,
1969-02-26,43,30,,,,
1969-02-27,43,28,,,,
1969-02-28,42,29,,,,
1969-03-20,,,,0.80,,
1969-03-24,,,,0.70,,
1969-03-25,,,,0.50,,
1969-03-26,,,,1.00,,
1969-03-27,,,,0.08,,
1969-04-01,68,38,,,,
1969-04-02,63,40,,,,
1969-04-03,62,40,,,,
1969-04-04,72,44,,,,
1969-04-05,62,39,,,,
1969-04-06,63,36,,1.35,,
1969-04-07,73,38,,,,
1969-04-08,79,49,,,,
1969-04-09,70,60,,0.27,,
1969-04-10,60,40,,0.45,,
1969-04-11,64,40,,,,
1969-04-12,68,38,,,,
1969-04-13,70,40,,,,
1969-04-14,60,55,,0.34,,
1969-04-15,69,53,,0.26,,
1969-04-16,80,48,,,,
1969-04-17,80,58,,,,
1969-04-18,58,42,,0.52,,
1969-04-19,59,38,,0.38,,
1969-04-20,70,34,,,,
1969-04-21,69,49,,0.51,,
1969-04-22,60,43,,,,
1969-04-23,49,40,,,,
1969-04-24,63,38,,,,
1969-04-25,72,39,,,,
1969-04-26,80,50,,,,
1969-04-27,79,61,,,,
1969-04-28,56,40,,,,
1969-04-29,50,39,,,,
1969-04-30,65,36,,0.10,,
1969-05-01,77,43,,,,
1969-05-02,84,50,,,,
1969-05-03,86,56,,,,
1969-05-04,84,54,,,,
1969-05-05,88,58,,,,
1969-05-06,86,59,,,,
1969-05-07,81,63,,,,
1969-05-08,70,53,,0.40,,
1969-05-09,58,49,,0.43,,
1969-05-10,60,44,,,,
1969-05-11,60,41,,,,
1969-05-12,68,47,,,,
1969-05-13,63,42,,,,
1969-05-14,78,52,,,,
1969-05-15,87,58,,,,
1969-05-16,88,61,,,,
1969-05-17,80,60,,,,
1969-05-18,68,59,,,,
1969-05-19,71,50,,,,
1969-05-20,69,51,,,,
1969-05-21,69,46,,,,
1969-05-22,62,52,,,,
1969-05-23,67,51,,,,
1969-05-24,79,50,,,,
1969-05-25,80,51,,,,
1969-05-26,83,50,,,,
1969-05-27,88,60,,,,
1969-05-28,90,60,,,,
1969-05-29,93,61,,,,
1969-05-30,86,62,,,,
1969-05-31,89,61,,,,
1969-06-01,83,58,,,,
1969-06-02,67,51,,0.02,,
1969-06-03,69,48,,,,
1969-06-04,80,47,,,,
1969-06-05,81,60,,0.20,,
1969-06-06,82,69,,,,
1969-06-07,84,62,,0.16,,
1969-06-08,73,60,,1.20,,
1969-06-09,76,52,,,,
1969-06-10,89,50,,,,
1969-06-11,90,68,,,,
1969-06-12,90,70,,,,
1969-06-13,75,59,,,,
1969-06-14,68,58,,0.52,,
1969-06-15,70,52,,,,
1969-06-16,79,48,,,,
1969-06-17,80,57,,0.02,,
1969-06-18,72,61,,,,
1969-06-19,82,64,,,,
1969-06-20,77,58,,,,
1969-06-21,80,49,,,,
1969-06-22,80,61,,0.18,,
1969-06-23,80,64,,,,
1969-06-24,79,68,,,,
1969-06-25,90,68,,0.32,,
1969-06-26,91,75,,,,
1969-06-27,90,77,,,,
1969-06-28,92,63,,,,
1969-06-29,91,69,,,,
1969-06-30,83,70,,,,
1969-07-01,88,65,,,,
1969-07-02,90,60,,,,
1969-07-03,91,69,,,,
1969-07-04,92,70,,,,
1969-07-05,90,73,,,,
1969-07-06,80,69,,0.48,,
1969-07-07,78,67,,,,
1969-07-08,74,66,,,,
1969-07-09,88,68,,,,
1969-07-10,90,70,,,,
1969-07-11,89,70,,,,
1969-07-12,90,69,,0.27,,
1969-07-13,89,69,,,,
1969-07-14,89,63,,,,
1969-07-15,91,65,,,,
1969-07-16,94,68,,,,
1969-07-17,94,74,,,,
1969-07-18,93,71,,,,
1969-07-19,90,70,,,,
1969-07-20,83,70,,,,
1969-07-21,89,69,,,,
1969-07-22,90,70,,0.35,,
1969-07-23,89,68,,,,
1969-07-24,88,68,,,,
1969-07-25,89,62,,,,
1969-07-26,90,65,,,,
1969-07-27,82,68,,,,
1969-07-28,72,61,,,,
1969-07-29,81,60,,,,
1969-07-30,75,71,,,,
1969-07-31,83,63,,,,
1969-08-01,84,67,,,,
1969-08-02,83,60,,,,
1969-08-03,83,58,,,,
1969-08-04,90,60,,,,
1969-08-05,90,60,,,,
1969-08-06,90,60,,,,
1969-08-07,90,70,,,,
1969-08-08,90,68,,,,
1969-08-09,72,63,,,,
1969-08-10,81,60,,0.51,,
1969-08-11,83,58,,,,
1969-08-12,86,63,,,,
1969-08-13,90,60,,,,
1969-08-14,90,69,,,,
1969-08-15,90,70,,,,
1969-08-16,90,70,,0.11,,
1969-08-17,84,68,,0.08,,
1969-08-18,88,67,,,,
1969-08-19,87,70,,,,
1969-08-20,89,67,,0.19,,
1969-08-21,80,61,,,,
1969-08-22,82,57,,,,
1969-08-23,89,58,,,,
1969-08-24,90,60,,,,
1969-08-25,88,64,,,,
1969-08-26,88,60,,,,
1969-08-27,88,60,,,,
1969-08-28,88,63,,,,
1969-08-29,91,68,,,,
1969-08-30,91,64,,,,
1969-08-31,92,65,,,,
1969-09-01,83,64,,,,
1969-09-02,85,66,,,,
1969-09-03,84,66,,,,
1969-09-04,80,69,,,,
1969-09-05,83,70,,0.14,,
1969-09-06,83,70,,0.30,,
1969-09-07,82,69,,,,
1969-09-08,75,59,,0.15,,
1969-09-09,70,50,,,,
1969-09-10,76,44,,,,
1969-09-11,76,57,,,,
1969-09-12,80,53,,,,
1969-09-13,83,54,,,,
1969-09-14,82,61,,,,
1969-09-15,80,60,,,,
1969-09-16,70,63,,,,
1969-09-17,70,60,,,,
1969-09-18,72,51,,,,
1969-09-19,75,56,,,,
1969-09-20,80,60,,,,
1969-09-21,78,54,,,,
1969-09-22,81,54,,,,
1969-09-23,72,60,,0.52,,
1969-09-24,62,52,,,,
1969-09-25,72,53,,,,
1969-09-26,80,53,,,,
1969-09-27,75,58,,,,
1969-09-28,70,50,,,,
1969-09-29,74,43,,,,
1969-09-30,80,52,,,,
1969-10-01,80,61,,,,
1969-10-02,78,60,,,,
1969-10-03,82,58,,,,
1969-10-04,82,60,,,,
1969-10-05,80,52,,,,
1969-10-06,77,62,,0.70,,
1969-10-07,72,55,,,,
1969-10-08,70,50,,,,
1969-10-09,78,41,,,,
1969-10-10,73,59,,,,
1969-10-11,72,59,,,,
1969-10-12,70,56,,,,
1969-10-13,71,48,,,,
1969-10-14,53,39,,,,
1969-10-15,63,33,,,,
1969-10-16,57,47,,,,
1969-10-17,53,33,,,,
1969-10-18,55,34,,,,
1969-10-19,73,50,,,,
1969-10-20,63,50,,,,
1969-10-21,63,40,,,,
1969-10-22,57,33,,,,
1969-10-23,49,29,,,,
1969-10-24,51,30,,,,
1969-10-25,60,33,,,,
1969-10-26,68,40,,,,
1969-10-27,49,32,,,,
1969-10-28,48,29,,,,
1969-10-29,33,28,,,,
1969-10-30,61,34,,,,
1969-10-31,53,48,,,,
1969-11-01,53,43,,,,
1969-11-02,49,43,,,,
1969-11-04,43,40,,1.74,,
1969-11-05,54,34,,,,
1969-11-06,62,33,,,,
1969-11-07,61,33,,,,
1969-11-08,48,34,,,,
1969-11-09,49,39,,,,
1969-11-10,50,42,,,,
1969-11-11,59,42,,,,
1969-11-12,50,38,,,,
1969-11-13,45,30,,,,
1969-11-14,30,22,,,,
1969-11-15,33,22,,,,
1969-11-16,53,22,,0.35,,
1969-11-17,52,48,,0.47,,
1969-11-18,58,37,,0.81,,
1969-11-19,37,23,,1.24,,
1969-11-20,37,16,,,,
1969-11-21,40,22,,,,
1969-11-22,50,30,,,,
1969-11-23,50,33,,,,
1969-11-24,51,33,,,,
1969-11-25,51,33,,,,
1969-11-26,47,29,,,,
1969-11-27,40,33,,,,
1969-11-28,37,23,,,,
1969-11-29,40,29,,,,
1969-11-30,44,28,,,,
1969-12-01,40,29,,,,
1969-12-02,50,24,,,,
1969-12-03,40,29,,,,
1969-12-04,38,22,,,,
1969-12-05,40,22,,,,
1969-12-06,40,33,,,,
1969-12-07,43,33,,,,
1969-12-08,40,32,,,,
1969-12-09,48,31,,,,
1969-12-10,42,30,,,,
1969-12-11,40,29,,0.32,,
1969-12-12,30,22,,,,
1969-12-13,43,29,,,,
1969-12-14,39,31,,,,
1969-12-15,33,23,,,,
1969-12-16,38,30,,,,
1969-12-17,40,30,,0.12,,
1969-12-18,40,30,,,,
1969-12-19,30,22,,,,
1969-12-20,31,19,,,,
1969-12-21,37,23,,,,
1969-12-22,32,23,,,,
1969-12-23,30,18,,,2.0,
1969-12-24,23,9,,0.35,,
1969-12-25,32,22,,0.16,,
1969-12-26,30,21,,,,
1969-12-27,30,20,,,,
1969-12-28,30,28,,,,
1969-12-29,32,30,,,,
1969-12-30,38,30,,,,
1969-12-31,34,28,,,,
1970-01-01,31,18,,,,
1970-01-02,30,12,,,,
1970-01-03,20,-4,,,,
1970-01-04,30,10,,,,
1970-01-05,25,-5,,,,
1970-01-06,7,-7,,,,
1970-01-07,6,-8,,,,
1970-01-08,3,-6,,,,
1970-01-09,1,-11,,,,
1970-01-10,22,2,,,,
1970-01-11,30,22,,,,
1970-01-12,28,4,,,,
1970-01-13,29,4,,,,
1970-01-14,32,15,,,,
1970-01-15,38,16,,,,
1970-01-16,32,48,,,,
1970-01-17,31,22,,,,
1970-01-18,-4,-22,,,,
1970-01-19,12,-10,,,,
1970-01-20,6,-9,,,,
1970-01-21,8,-9,,,,
1970-01-22,24,0,,,,
1970-01-23,26,5,,,,
1970-01-24,40,18,,,,
1970-01-25,46,32,,,,
1970-01-26,38,32,,,,
1970-01-27,44,32,,,,
1970-01-28,62,36,,,,
1970-01-29,36,22,,,,
1970-01-30,37,22,,,,
1970-01-31,48,32,,,,
1970-02-01,50,34,,,,
1970-02-02,36,0,,,,
1970-02-03,9,0,,,,
1970-02-04,34,9,,,,
1970-02-05,46,36,,,,
1970-02-06,46,32,,,,
1970-02-07,42,32,,,,
1970-02-08,38,34,,,,
1970-02-09,34,22,,,,
1970-02-10,34,24,,,,
1970-02-11,34,24,,,,
1970-02-12,29,12,,,,
1970-02-13,22,12,,,,
1970-02-14,25,18,,,,
1970-02-15,32,14,,,,
1970-02-16,33,12,,,,
1970-02-17,48,26,,,,
1970-02-18,53,20,,,,
1970-02-19,30,10,,,,
1970-02-20,26,10,,,,
1970-02-21,52,25,,,,
1970-02-22,52,26,,,,
1970-02-23,50,28,,,,
1970-02-24,50,28,,,,
1970-02-25,28,12,,,,
1970-02-26,38,15,,,,
1970-02-27,38,24,,,,
1970-02-28,44,24,,,,
1970-03-01,50,40,,,,
1970-03-02,60,44,,,,
1970-03-03,58,52,,,,
1970-03-04,52,30,,,,
1970-03-05,54,28,,,,
1970-03-06,54,29,,,,
1970-03-07,56,30,,,,
1970-03-08,52,28,,,,
1970-03-09,38,28,,,,
1970-03-10,30,22,,,,
1970-03-11,38,24,,,,
1970-03-12,40,28,,,,
1970-03-13,36,24,,,,
1970-03-14,34,20,,,,
1970-03-15,32,18,,,,
1970-03-16,44,18,,,,
1970-03-17,40,32,,,,
1970-03-18,40,34,,,,
1970-03-19,42,36,,,,
1970-03-20,40,32,,,,
1970-03-21,54,34,,,,
1970-03-22,48,30,,,,
1970-03-23,55,50,,,,
1970-03-24,55,50,,,,
1970-03-25,50,34,,,,
1970-03-26,52,32,,,,
1970-03-27,56,48,,,,
1970-03-28,44,34,,,,
1970-03-29,44,32,,,,
1970-03-30,50,30,,,,
1970-03-31,40,26,,,,
1970-04-01,44,34,,0.68,,
1970-04-02,44,34,,0.05,,
1970-04-03,50,34,,0.00,,
1970-04-04,46,24,,0.00,,
1970-04-05,58,30,,0.01,,
1970-04-06,44,28,,0.01,,
1970-04-07,64,32,,0.00,,
1970-04-08,76,46,,0.03,,
1970-04-09,62,40,,0.00,,
1970-04-10,60,30,,0.00,,
1970-04-11,68,40,,0.00,,
1970-04-12,72,58,,0.47,,
1970-04-13,64,44,,0.02,,
1970-04-14,60,38,,0.00,,
1970-04-15,70,44,,0.00,,
1970-04-16,72,50,,0.00,,
1970-04-17,70,44,,0.00,,
1970-04-18,62,48,,1.24,,
1970-04-19,62,48,,1.15,,
1970-04-20,64,46,,0.30,,
1970-04-21,60,46,,0.00,,
1970-04-22,80,48,,0.00,,
1970-04-23,64,48,,0.12,,
1970-04-24,70,50,,0.31,,
1970-04-25,74,56,,0.31,,
1970-04-26,82,60,,0.31,,
1970-04-27,72,64,,0.03,,
1970-04-28,82,66,,0.35,,
1970-04-29,82,66,,0.35,,
1970-04-30,73,68,,0.08,,
1970-05-01,72,46,,,,
1970-05-02,54,36,,,,
1970-05-03,72,38,,,,
1970-05-04,78,45,,,,
1970-05-05,72,40,,,,
1970-05-06,66,40,,,,
1970-05-07,80,48,,,,
1970-05-08,84,64,,,,
1970-05-09,80,60,,,,
1970-05-10,78,62,,,,
1970-05-11,74,62,,1.70,,
1970-05-12,82,78,,0.64,,
1970-05-13,74,60,,,,
1970-05-14,80,60,,,,
1970-05-15,80,52,,,,
1970-05-16,65,63,,,,
1970-05-17,70,44,,,,
1970-05-18,82,48,,,,
1970-05-19,87,60,,,,
1970-05-20,88,58,,,,
1970-05-21,89,63,,,,
1970-05-22,90,68,,,,
1970-05-23,84,63,,,,
1970-05-24,88,66,,1.48,,
1970-05-25,78,58,,,,
1970-05-26,72,50,,,,
1970-05-27,80,50,,,,
1970-05-28,84,62,,,,
1970-05-29,84,68,,,,
1970-05-30,74,70,,0.21,,
1970-05-31,74,68,,,,
1970-06-01,78,68,,0.04,,
1970-06-02,76,58,,0.01,,
1970-06-03,65,55,,0.01,,
1970-06-04,70,56,,0.01,,
1970-06-05,71,56,,0.00,,
1970-06-06,80,58,,0.00,,
1970-06-07,86,58,,0.00,,
1970-06-08,88,60,,0.00,,
1970-06-09,88,64,,0.00,,
1970-06-10,88,64,,0.00,,
1970-06-11,90,66,,0.00,,
1970-06-12,90,70,,0.00,,
1970-06-13,88,70,,0.50,,
1970-06-14,82,66,,0.00,,
1970-06-15,86,66,,0.00,,
1970-06-16,81,72,,0.00,,
1970-06-17,88,76,,0.08,,
1970-06-18,83,58,,0.00,,
1970-06-19,64,50,,0.00,,
1970-06-20,82,60,,0.00,,
1970-06-21,72,50,,0.00,,
1970-06-22,82,54,,0.00,,
1970-06-23,76,58,,0.00,,
1970-06-24,88,62,,0.21,,
1970-06-25,82,68,,0.00,,
1970-06-26,86,54,,0.00,,
1970-06-27,80,56,,0.00,,
1970-06-28,84,66,,0.00,,
1970-06-29,92,70,,0.00,,
1970-06-30,95,75,,0.00,,
1970-07-01,98,77,,0.00,,
1970-07-02,98,70,,0.00,,
1970-07-03,86,62,,0.75,,
1970-07-04,72,60,,0.00,,
1970-07-05,80,56,,0.00,,
1970-07-06,86,58,,0.00,,
1970-07-07,88,62,,0.00,,
1970-07-08,88,62,,0.66,,
1970-07-09,70,62,,0.02,,
1970-07-10,80,62,,0.00,,
1970-07-11,84,64,,0.00,,
1970-07-12,98,,,0.00,,
1970-07-13,92,70,,0.00,,
1970-07-14,92,72,,0.00,,
1970-07-15,82,60,,0.00,,
1970-07-16,88,60,,0.00,,
1970-07-17,90,64,,0.00,,
1970-07-18,89,68,,0.37,,
1970-07-19,80,60,,0.00,,
1970-07-20,70,51,,0.00,,
1970-07-21,78,54,,0.00,,
1970-07-22,80,58,,0.02,,
1970-07-23,68,64,,0.04,,
1970-07-24,88,68,,0.00,,
1970-07-25,90,68,,0.00,,
1970-07-26,86,70,,0.00,,
1970-07-27,90,68,,0.00,,
1970-07-28,88,72,,0.00,,
1970-07-29,91,70,,1.24,,
1970-07-30,86,72,,0.12,,
1970-07-31,90,71,,0.00,,
1970-08-01,86,63,,0.00,,
1970-08-02,88,66,,0.00,,
1970-08-03,82,58,,0.03,,
1970-08-04,74,60,,0.00,,
1970-08-05,80,60,,0.00,,
1970-08-06,84,62,,0.00,,
1970-08-07,84,66,,0.00,,
1970-08-08,77,66,,0.00,,
1970-08-09,86,68,,0.00,,
1970-08-10,78,64,,0.00,,
1970-08-11,86,62,,0.00,,
1970-08-12,89,62,,0.00,,
1970-08-13,89,64,,0.00,,
1970-08-14,90,64,,0.00,,
1970-08-15,88,68,,0.00,,
1970-08-16,84,60,,0.00,,
1970-08-17,88,60,,0.00,,
1970-08-18,90,64,,0.02,,
1970-08-19,88,66,,0.00,,
1970-08-20,80,53,,0.82,,
1970-08-21,82,56,,0.00,,
1970-08-22,74,60,,0.04,,
1970-08-23,76,58,,0.00,,
1970-08-24,82,58,,0.00,,
1970-08-25,88,62,,0.00,,
1970-08-26,86,62,,0.00,,
1970-08-27,88,62,,0.00,,
1970-08-28,88,63,,0.00,,
1970-08-29,90,65,,0.00,,
1970-08-30,90,66,,0.00,,
1970-08-31,80,56,,0.00,,
1970-09-01,80,56,,0.00,,
1970-09-02,84,57,,0.00,,
1970-09-03,88,63,,0.09,,
1970-09-04,85,69,,0.03,,
1970-09-05,81,64,,0.00,,
1970-09-06,82,58,,0.12,,
1970-09-07,79,67,,0.00,,
1970-09-08,90,68,,0.00,,
1970-09-09,85,58,,0.00,,
1970-09-10,78,58,,0.00,,
1970-09-11,73,46,,0.00,,
1970-09-12,79,56,,0.00,,
1970-09-13,80,56,,0.88,,
1970-09-14,69,58,,0.12,,
1970-09-15,75,58,,0.00,,
1970-09-16,90,62,,0.00,,
1970-09-17,75,61,,0.82,,
1970-09-18,85,63,,0.00,,
1970-09-19,78,54,,0.00,,
1970-09-20,85,54,,0.02,,
1970-09-21,85,68,,0.40,,
1970-09-22,90,68,,0.87,,
1970-09-23,76,65,,0.03,,
1970-09-24,86,64,,0.00,,
1970-09-25,78,56,,0.00,,
1970-09-26,82,55,,0.00,,
1970-09-27,70,47,,0.00,,
1970-09-28,69,44,,0.00,,
1970-09-29,78,42,,0.00,,
1970-09-30,72,38,,0.00,,
1970-10-01,70,42,,0.00,,
1970-10-02,76,50,,0.00,,
1970-10-03,58,37,,0.00,,
1970-10-04,70,47,,0.00,,
1970-10-05,76,50,,0.00,,
1970-10-06,79,54,,0.00,,
1970-10-07,80,61,,0.27,,
1970-10-08,68,62,,0.57,,
1970-10-09,66,42,,0.00,,
1970-10-10,60,38,,0.00,,
1970-10-11,63,38,,0.00,,
1970-10-12,64,40,,0.00,,
1970-10-13,68,62,,0.00,,
1970-10-14,63,45,,0.00,,
1970-10-15,56,33,,0.00,,
1970-10-16,54,32,,0.00,,
1970-10-17,58,32,,0.00,,
1970-10-18,64,34,,0.00,,
1970-10-19,63,36,,0.26,,
1970-10-20,56,50,,0.05,,
1970-10-21,58,42,,0.02,,
1970-10-22,63,43,,0.00,,
1970-10-23,69,48,,0.00,,
1970-10-24,65,50,,0.00,,
1970-10-25,72,50,,0.00,,
1970-10-26,72,60,,0.00,,
1970-10-27,70,58,,0.08,,
1970-10-28,60,44,,0.55,,
1970-10-29,60,44,,0.00,,
1970-10-30,66,45,,0.00,,
1970-10-31,66,45,,0.00,,
1970-11-01,50,36,,,,
1970-11-02,42,34,,,,
1970-11-03,46,34,,,,
1970-11-04,45,38,,,,
1970-11-05,50,34,,,,
1970-11-06,60,39,,,,
1970-11-07,59,36,,,,
1970-11-08,60,42,,,,
1970-11-09,56,48,,,,
1970-11-10,48,46,,,,
1970-11-11,50,48,,,,
1970-11-12,56,49,,,,
1970-11-13,54,46,,,,
1970-11-14,45,33,,,,
1970-11-15,36,25,,,,
1970-11-16,42,25,,,,
1970-11-17,50,36,,,,
1970-11-18,54,40,,,,
1970-11-19,54,46,,,,
1970-11-20,47,31,,,,
1970-11-21,53,33,,,,
1970-11-22,51,10,,,,
1970-11-23,20,12,,,,
1970-11-24,30,14,,,,
1970-11-25,42,30,,,,
1970-11-26,56,44,,,,
1970-11-28,48,40,,,,
1970-11-29,55,43,,,,
1970-11-30,63,44,,,,
1970-12-01,70,38,,0.00,,
1970-12-02,60,37,,0.00,,
1970-12-03,68,34,,0.05,,
1970-12-04,,,,0.00,,
1970-12-05,,,,0.00,,
1970-12-06,26,16,,0.00,,
1970-12-07,35,22,,0.00,,
1970-12-08,50,34,,0.00,,
1970-12-09,56,34,,0.00,,
1970-12-10,52,34,,0.00,,
1970-12-11,52,38,,0.20,,
1970-12-12,36,34,,0.10,,
1970-12-13,32,30,,0.05,,
1970-12-14,40,25,,0.00,,
1970-12-15,42,26,,0.00,,
1970-12-16,38,34,,0.10,,
1970-12-17,38,35,,0.12,,
1970-12-18,54,39,,0.00,,
1970-12-19,38,20,,0.00,,
1970-12-20,34,32,,0.00,,
1970-12-21,38,34,,0.18,,
1970-12-22,42,36,,0.00,,
1970-12-23,14,8,,0.00,,
1970-12-24,28,16,,0.00,,
1970-12-25,28,10,,0.00,,
1970-12-26,35,16,,0.00,,
1970-12-27,26,12,,0.00,,
1970-12-28,30,16,,0.00,,
1970-12-29,32,16,,0.00,,
1970-12-30,31,15,,0.00,,
1970-12-31,36,20,,0.00,,
1971-01-01,36,20,,,,
1971-01-02,39,23,,,,
1971-01-03,40,32,,,,
1971-01-04,48,34,,,,
1971-01-05,36,10,,,,
1971-01-06,20,4,,,,
1971-01-07,16,4,,,,
1971-01-08,20,12,,,,
1971-01-09,28,12,,,,
1971-01-10,28,16,,,,
1971-01-11,40,26,,,,
1971-01-12,37,28,,,,
1971-01-13,32,30,,,,
1971-01-14,41,28,,,,
1971-01-15,28,16,,,,
1971-01-16,26,12,,,,
1971-01-17,24,14,,,,
1971-01-18,26,10,,,,
1971-01-19,25,8,,,,
1971-01-20,24,8,,,,
1971-01-21,30,7,,,,
1971-01-22,44,24,,,,
1971-01-24,39,18,,,,
1971-01-25,44,30,,,,
1971-01-26,40,20,,,,
1971-01-27,22,0,,,,
1971-01-28,55,46,,,,
1971-01-29,20,2,,,,
1971-01-30,48,20,,,,
1971-01-31,14,2,,,,
1971-02-01,12,2,,0.00,,
1971-02-02,14,2,,0.00,,
1971-02-03,26,-2,,0.00,,
1971-02-04,37,26,,0.00,,
1971-02-05,51,28,,0.00,,
1971-02-06,53,42,,0.00,,
1971-02-07,22,16,,0.00,,
1971-02-08,28,16,,0.00,,
1971-02-09,22,0,,0.00,,
1971-02-10,20,0,,0.00,,
1971-02-11,36,19,,0.00,,
1971-02-12,40,36,,0.00,,
1971-02-13,36,12,,0.00,,
1971-02-14,22,10,,0.00,,
1971-02-15,28,11,,0.00,,
1971-02-16,35,23,,0.00,,
1971-02-17,41,20,,0.00,,
1971-02-18,48,35,,0.67,,
1971-02-19,52,37,,0.00,,
1971-02-20,55,30,,0.00,,
1971-02-21,40,34,,0.00,,
1971-02-22,40,34,,0.95,,
1971-02-23,44,30,,0.00,,
1971-02-24,38,32,,0.00,,
1971-02-25,42,28,,0.00,,
1971-02-26,53,30,,0.08,,
1971-02-27,59,39,,0.05,,
1971-02-28,46,33,,0.00,,
1971-03-01,46,33,,,,
1971-03-02,50,30,,,,
1971-03-03,38,26,,,,
1971-03-04,30,22,,,,
1971-03-05,42,23,,,,
1971-03-06,51,34,,,,
1971-03-07,47,28,,,,
1971-03-08,29,20,,,,
1971-03-09,32,19,,,,
1971-03-10,44,22,,0.61,,
1971-03-11,40,32,,,,3.0
1971-03-12,38,32,,,,
1971-03-13,64,32,,,,
1971-03-14,55,48,,,,
1971-03-15,66,44,,,,
1971-03-16,51,31,,,,
1971-03-17,35,24,,,,
1971-03-18,46,27,,,,
1971-03-19,46,36,,0.18,,
1971-03-20,38,30,,,,
1971-03-21,42,30,,,,
1971-03-22,58,34,,0.12,,
1971-03-23,42,22,,,,
1971-03-24,32,25,,,,
1971-03-25,38,26,,,,
1971-03-26,44,28,,,,
1971-03-27,50,36,,,,
1971-03-28,56,46,,,,
1971-03-29,55,33,,,,
1971-03-30,44,26,,,,
1971-03-31,72,30,,,,
1971-04-01,73,48,,0.10,,
1971-04-02,57,34,,0.20,,
1971-04-03,44,32,,,,
1971-04-04,50,34,,,,
1971-04-05,46,32,,,,
1971-04-06,42,32,,,,
1971-04-07,56,32,,,,
1971-04-08,66,32,,,,
1971-04-09,75,44,,,,
1971-04-10,66,32,,,,
1971-04-11,72,42,,,,
1971-04-12,78,60,,,,
1971-04-13,81,50,,,,
1971-04-14,50,38,,0.15,,
1971-04-15,62,38,,,,
1971-04-16,72,42,,,,
1971-04-17,72,54,,,,
1971-04-18,73,49,,,,
1971-04-19,74,48,,,,
1971-04-20,80,56,,,,
1971-04-21,86,60,,0.05,,
1971-04-22,63,38,,0.02,,
1971-04-23,64,34,,,,
1971-04-24,78,38,,,,
1971-04-25,64,37,,,,
1971-04-26,72,41,,,,
1971-04-27,62,46,,,,
1971-04-28,60,50,,0.17,,
1971-04-29,52,46,,,,
1971-04-30,56,33,,,,
1971-05-01,68,42,,,,
1971-05-02,70,44,,,,
1971-05-03,48,35,,0.18,,
1971-05-04,60,33,,0.00,,
1971-05-05,62,38,,0.00,,
1971-05-06,74,62,,1.05,,
1971-05-07,70,58,,0.10,,
1971-05-08,60,51,,0.73,,
1971-05-09,72,48,,0.00,,
1971-05-10,74,52,,0.00,,
1971-05-11,80,58,,0.00,,
1971-05-12,74,42,,0.47,,
1971-05-13,68,42,,0.00,,
1971-05-14,70,48,,0.00,,
1971-05-15,80,50,,0.00,,
1971-05-16,82,57,,0.00,,
1971-05-17,86,52,,0.00,,
1971-05-18,86,58,,0.00,,
1971-05-19,86,36,,0.00,,
1971-05-20,76,50,,0.00,,
1971-05-21,74,46,,0.00,,
1971-05-22,76,42,,0.00,,
1971-05-23,78,60,,0.00,,
1971-05-24,79,61,,0.00,,
1971-05-25,75,52,,1.14,,
1971-05-26,66,46,,0.05,,
1971-05-27,66,44,,0.00,,
1971-05-28,71,42,,0.00,,
1971-05-29,76,44,,0.00,,
1971-05-30,80,50,,0.00,,
1971-05-31,88,62,,0.00,,
1971-06-01,83,62,,0.12,,
1971-06-02,80,64,,0.38,,
1971-06-03,84,63,,0.00,,
1971-06-04,87,64,,0.00,,
1971-06-05,90,67,,0.00,,
1971-06-06,90,71,,0.00,,
1971-06-07,90,68,,0.23,,
1971-06-08,90,64,,0.05,,
1971-06-09,74,56,,0.00,,
1971-06-10,79,55,,0.00,,
1971-06-11,86,62,,0.00,,
1971-06-12,90,68,,2.30,,
1971-06-13,89,69,,0.00,,
1971-06-14,87,67,,0.00,,
1971-06-15,86,66,,0.00,,
1971-06-16,84,60,,0.00,,
1971-06-17,87,61,,0.00,,
1971-06-18,89,60,,0.00,,
1971-06-19,89,67,,0.09,,
1971-06-20,92,66,,0.09,,
1971-06-21,90,64,,0.42,,
1971-06-22,78,57,,0.00,,
1971-06-23,86,62,,0.00,,
1971-06-24,86,69,,0.00,,
1971-06-25,90,67,,0.40,,
1971-06-26,90,68,,0.00,,
1971-06-27,92,72,,0.00,,
1971-06-28,95,75,,0.00,,
1971-06-29,93,68,,0.00,,
1971-06-30,92,72,,0.00,,
1971-07-01,90,74,,0.05,,
1971-07-02,86,62,,0.00,,
1971-07-03,88,66,,0.00,,
1971-07-04,89,62,,0.00,,
1971-07-05,89,70,,0.00,,
1971-07-06,84,69,,1.07,,
1971-07-07,88,65,,0.00,,
1971-07-08,90,69,,0.00,,
1971-07-09,90,68,,2.50,,
1971-07-10,80,68,,0.00,,
1971-07-11,82,68,,0.00,,
1971-07-12,80,62,,1.39,,
1971-07-13,85,68,,0.07,,
1971-07-14,88,60,,0.00,,
1971-07-15,80,66,,0.00,,
1971-07-16,82,60,,0.00,,
1971-07-17,84,64,,0.49,,
1971-07-18,82,56,,0.00,,
1971-07-19,84,64,,0.10,,
1971-07-20,89,59,,0.00,,
1971-07-21,84,60,,0.00,,
1971-07-22,84,63,,0.00,,
1971-07-23,86,60,,0.00,,
1971-07-24,84,68,,0.00,,
1971-07-25,85,68,,0.00,,
1971-07-26,86,69,,0.54,,
1971-07-27,76,55,,0.00,,
1971-07-28,82,60,,0.00,,
1971-07-29,71,54,,0.55,,
1971-07-30,78,59,,0.00,,
1971-07-31,76,52,,0.00,,
1971-08-01,80,57,,0.00,,
1971-08-02,82,58,,0.00,,
1971-08-03,86,64,,0.00,,
1971-08-04,82,64,,0.00,,
1971-08-05,74,60,,0.06,,
1971-08-06,80,60,,0.00,,
1971-08-07,84,59,,0.00,,
1971-08-08,85,62,,0.00,,
1971-08-09,89,66,,0.00,,
1971-08-10,90,72,,0.00,,
1971-08-11,90,64,,0.00,,
1971-08-12,78,52,,0.00,,
1971-08-13,82,59,,0.00,,
1971-08-14,86,64,,0.00,,
1971-08-15,87,67,,0.00,,
1971-08-16,78,62,,0.00,,
1971-08-17,88,57,,0.00,,
1971-08-18,84,56,,0.00,,
1971-08-19,84,64,,0.00,,
1971-08-20,89,70,,0.16,,
1971-08-21,86,72,,0.00,,
1971-08-22,82,65,,0.00,,
1971-08-23,89,65,,0.15,,
1971-08-24,80,60,,0.00,,
1971-08-25,88,66,,0.26,,
1971-08-26,84,60,,0.00,,
1971-08-27,78,66,,0.00,,
1971-08-28,75,55,,0.00,,
1971-08-29,80,53,,0.00,,
1971-08-30,88,58,,0.00,,
1971-08-31,88,67,,0.00,,
1971-09-01,88,66,,0.00,,
1971-09-02,88,70,,0.00,,
1971-09-03,88,72,,0.00,,
1971-09-04,86,72,,0.00,,
1971-09-05,86,77,,0.00,,
1971-09-06,88,68,,0.00,,
1971-09-07,86,66,,2.53,,
1971-09-08,88,66,,0.00,,
1971-09-09,92,64,,0.00,,
1971-09-10,89,66,,0.00,,
1971-09-11,86,70,,0.00,,
1971-09-12,78,64,,0.00,,
1971-09-13,72,58,,0.00,,
1971-09-14,80,56,,0.00,,
1971-09-15,88,60,,0.00,,
1971-09-16,76,55,,0.00,,
1971-09-17,72,60,,0.00,,
1971-09-18,74,56,,0.00,,
1971-09-19,72,62,,0.00,,
1971-09-20,72,54,,1.58,,
1971-09-21,66,44,,0.02,,
1971-09-22,74,46,,0.00,,
1971-09-23,76,49,,0.00,,
1971-09-24,70,42,,0.00,,
1971-09-25,71,45,,0.00,,
1971-09-26,68,58,,0.00,,
1971-09-27,80,66,,1.35,,
1971-09-28,84,70,,0.00,,
1971-09-29,86,70,,0.00,,
1971-09-30,87,65,,0.00,,
1971-10-01,90,68,,0.00,,
1971-10-02,89,64,,0.00,,
1971-10-03,86,65,,0.00,,
1971-10-04,83,53,,0.00,,
1971-10-05,76,50,,0.27,,
1971-10-06,78,50,,0.00,,
1971-10-07,68,43,,0.00,,
1971-10-08,67,44,,0.00,,
1971-10-09,66,48,,0.00,,
1971-10-10,60,42,,0.00,,
1971-10-11,62,46,,0.00,,
1971-10-12,70,37,,0.00,,
1971-10-13,72,50,,0.00,,
1971-10-14,66,54,,0.31,,
1971-10-15,74,44,,0.00,,
1971-10-16,80,51,,0.00,,
1971-10-17,80,56,,0.00,,
1971-10-18,74,56,,0.00,,
1971-10-19,78,61,,0.00,,
1971-10-20,82,54,,0.00,,
1971-10-21,80,60,,0.00,,
1971-10-22,70,62,,0.24,,
1971-10-23,72,62,,0.00,,
1971-10-24,78,62,,0.00,,
1971-10-25,78,63,,0.00,,
1971-10-26,68,52,,0.00,,
1971-10-27,75,55,,0.00,,
1971-10-28,76,46,,0.00,,
1971-10-29,76,52,,0.00,,
1971-10-30,78,58,,0.00,,
1971-10-31,78,50,,0.00,,
1971-11-01,63,48,,0.00,,
1971-11-02,74,46,,0.00,,
1971-11-03,62,40,,0.00,,
1971-11-04,68,32,,0.00,,
1971-11-05,54,32,,0.00,,
1971-11-06,66,42,,0.00,,
1971-11-07,46,20,,0.00,,
1971-11-08,37,18,,0.00,,
1971-11-09,46,19,,1.50,,
1971-11-10,42,33,,0.00,,
1971-11-11,56,30,,0.00,,
1971-11-12,66,32,,0.00,,
1971-11-13,67,38,,0.00,,
1971-11-14,64,50,,0.00,,
1971-11-15,74,54,,0.00,,
1971-11-16,72,54,,0.00,,
1971-11-17,71,48,,0.00,,
1971-11-18,72,48,,0.00,,
1971-11-19,64,39,,0.33,,
1971-11-20,46,40,,0.00,,
1971-11-21,50,46,,0.00,,
1971-11-22,48,22,,0.00,,
1971-11-23,36,24,,0.00,,
1971-11-24,36,26,,0.15,,
1971-11-25,35,32,,0.00,,
1971-11-26,44,32,,0.00,,
1971-11-27,42,35,,0.00,,
1971-11-28,40,35,,0.40,,
1971-11-29,42,33,,0.00,,
1971-11-30,36,32,,0.00,,
1971-12-01,38,22,,,,
1971-12-02,36,19,,,,
1971-12-03,39,22,,,,
1971-12-04,39,31,,,,
1971-12-05,46,34,,,,
1971-12-06,46,41,,0.45,,
1971-12-07,48,42,,0.84,,
1971-12-08,44,42,,,,
1971-12-09,46,44,,,,
1971-12-10,60,47,,,,
1971-12-11,69,32,,,,
1971-12-12,49,30,,,,
1971-12-13,58,28,,,,
1971-12-14,42,28,,,,
1971-12-15,65,40,,,,
1971-12-16,60,38,,2.55,,
1971-12-17,42,30,,,,
1971-12-18,36,18,,,,
1971-12-19,36,16,,,,
1971-12-20,42,35,,,,
1971-12-21,42,34,,,,
1971-12-22,36,28,,,,
1971-12-23,41,29,,,,
1971-12-24,52,48,,,,
1971-12-25,44,30,,,,
1971-12-26,57,39,,,,
1971-12-27,50,46,,,,
1971-12-28,64,20,,,,
1971-12-29,31,19,,,,
1971-12-30,60,32,,,,
1971-12-31,59,33,,,,
1972-01-01,36,34,,0.00,,
1972-01-02,46,33,,0.00,,
1972-01-03,40,32,,0.00,,
1972-01-04,48,29,,0.05,,
1972-01-05,29,3,,0.00,,
1972-01-06,16,3,,0.00,,
1972-01-07,33,15,,0.00,,
1972-01-08,38,21,,0.00,,
1972-01-09,44,40,,0.00,,
1972-01-10,50,32,,0.00,,
1972-01-11,52,28,,0.00,,
1972-01-12,42,30,,0.00,,
1972-01-13,53,28,,0.75,3.0,
1972-01-14,29,3,,0.00,,
1972-01-15,12,-14,,0.00,,
1972-01-16,-8,-18,,0.00,,
1972-01-17,20,16,,0.00,,
1972-01-18,42,38,,0.00,,
1972-01-19,50,31,,0.00,,
1972-01-20,45,30,,0.00,,
1972-01-21,48,33,,0.00,,
1972-01-22,51,33,,0.00,,
1972-01-23,55,38,,0.01,,
1972-01-24,42,32,,0.00,,
1972-01-25,62,10,,0.00,,
1972-01-26,18,10,,0.00,,
1972-01-27,24,12,,0.75,3.0,
1972-01-28,24,12,,0.00,,
1972-01-29,13,0,,0.00,,
1972-01-30,19,0,,0.00,,
1972-01-31,12,0,,0.00,,
1972-02-01,37,12,,,,
1972-02-02,40,32,,0.08,1.0,
1972-02-03,40,30,,0.04,0.5,
1972-02-04,31,3,,,,
1972-02-05,16,2,,,,
1972-02-06,36,2,,,,
1972-02-07,37,2,,,,
1972-02-08,14,2,,,,
1972-02-09,20,6,,,,
1972-02-10,24,12,,,,
1972-02-11,28,22,,0.08,1.0,
1972-02-12,43,25,,,,
1972-02-13,46,32,,,,
1972-02-14,38,30,,,,
1972-02-15,56,30,,,,
1972-02-16,36,20,,,,
1972-02-17,45,20,,,,
1972-02-18,54,28,,,,
1972-02-19,30,20,,,,
1972-02-20,31,18,,,,
1972-02-21,40,28,,,,
1972-02-22,54,25,,,,
1972-02-23,36,26,,,,
1972-02-24,38,27,,,,
1972-02-25,37,28,,,,
1972-02-26,44,30,,,,
1972-02-27,49,44,,,,
1972-02-28,48,32,,,,
1972-02-29,64,32,,,,
1972-03-01,74,34,,,,
1972-03-02,67,22,,,,
1972-03-03,27,20,,,,
1972-03-04,42,22,,,,
1972-03-05,38,14,,,,
1972-03-06,30,16,,,,
1972-03-07,54,24,,,,
1972-03-08,60,22,,,,
1972-03-09,30,22,,,,
1972-03-10,44,22,,,,
1972-03-11,44,22,,,,
1972-03-12,78,38,,,,
1972-03-13,70,44,,,,
1972-03-14,44,30,,,,
1972-03-15,42,28,,,,
1972-03-16,48,32,,,,
1972-03-17,54,36,,,,
1972-03-18,52,30,,,,
1972-03-19,46,28,,,,
1972-03-20,60,30,,,,
1972-03-21,76,54,,,,
1972-03-22,72,38,,0.00,0.0,
1972-03-23,40,24,,,,
1972-03-24,42,20,,,,
1972-03-25,47,27,,,,
1972-03-26,50,26,,,,
1972-03-27,54,30,,,,
1972-03-28,48,40,,,,
1972-03-29,50,36,,0.82,,
1972-03-30,38,32,,,,
1972-03-31,50,32,,,,
1972-04-01,56,34,,0.04,0.5,
1972-04-02,42,34,,,,
1972-04-03,42,27,,,,
1972-04-04,50,28,,0.19,,
1972-04-05,48,30,,,,
1972-04-06,64,44,,0.12,,
1972-04-07,70,32,,,,
1972-04-08,34,22,,,,
1972-04-09,42,24,,,,
1972-04-10,57,32,,,,
1972-04-11,70,46,,,,
1972-04-12,72,51,,,,
1972-04-13,68,56,,,,
1972-04-14,77,45,,,,
1972-04-15,70,60,,,,
1972-04-16,62,54,,,,
1972-04-17,60,38,,,,
1972-04-18,74,42,,,,
1972-04-19,77,54,,,,
1972-04-20,72,46,,1.75,,
1972-04-21,54,44,,,,
1972-04-22,60,48,,,,
1972-04-23,62,48,,,,
1972-04-24,58,48,,,,
1972-04-25,50,36,,,,
1972-04-26,60,34,,,,
1972-04-27,68,38,,,,
1972-04-28,72,44,,,,
1972-04-29,70,51,,,,
1972-04-30,76,59,,,,
1972-05-01,72,64,,,,
1972-05-02,72,56,,,,
1972-05-03,68,48,,,,
1972-05-04,65,46,,,,
1972-05-05,72,50,,,,
1972-05-06,82,67,,,,
1972-05-07,64,60,,,,
1972-05-08,70,52,,0.16,,
1972-05-09,52,47,,0.75,,
1972-05-10,66,38,,,,
1972-05-11,72,42,,,,
1972-05-12,74,48,,,,
1972-05-13,82,58,,0.33,,
1972-05-14,78,58,,2.05,,
1972-05-15,74,56,,,,
1972-05-16,70,54,,,,
1972-05-17,80,62,,,,
1972-05-18,80,56,,,,
1972-05-19,86,58,,,,
1972-05-20,84,69,,,,
1972-05-21,85,58,,,,
1972-05-22,89,62,,,,
1972-05-23,87,62,,,,
1972-05-24,90,58,,,,
1972-05-25,90,60,,,,
1972-05-26,92,60,,,,
1972-05-27,90,70,,,,
1972-05-28,90,57,,,,
1972-05-29,92,61,,,,
1972-05-30,80,64,,0.71,,
1972-05-31,69,48,,,,
1972-06-01,80,60,,,,
1972-06-02,86,68,,,,
1972-06-03,88,64,,,,
1972-06-04,89,66,,,,
1972-06-05,80,71,,,,
1972-06-06,78,53,,,,
1972-06-07,83,58,,,,
1972-06-08,78,62,,1.64,,
1972-06-09,74,48,,0.13,,
1972-06-10,69,43,,0.83,,
1972-06-11,78,54,,,,
1972-06-12,84,66,,,,
1972-06-13,81,70,,0.85,,
1972-06-14,87,63,,0.22,,
1972-06-15,81,62,,0.89,,
1972-06-16,74,52,,,,
1972-06-17,76,58,,,,
1972-06-18,84,65,,,,
1972-06-19,89,70,,,,
1972-06-20,89,58,,,,
1972-06-21,74,53,,,,
1972-06-22,70,45,,,,
1972-06-23,70,53,,,,
1972-06-24,74,50,,,,
1972-06-25,80,56,,,,
1972-06-26,82,60,,,,
1972-06-27,88,63,,,,
1972-06-28,80,62,,,,
1972-06-29,73,64,,0.13,,
1972-06-30,87,64,,0.11,,
